sample_offset,time_seconds,frequency_hz,confidence,midi_note,detected
0,0.0000,,,,false
128,0.0027,,,,false
256,0.0053,,,,false
384,0.0080,,,,false
512,0.0107,,,,false
640,0.0133,,,,false
768,0.0160,,,,false
896,0.0187,,,,false
1024,0.0213,,,,false
1152,0.0240,,,,false
1280,0.0267,,,,false
1408,0.0293,,,,false
1536,0.0320,,,,false
1664,0.0347,,,,false
1792,0.0373,,,,false
1920,0.0400,,,,false
2048,0.0427,,,,false
2176,0.0453,,,,false
2304,0.0480,,,,false
2432,0.0507,,,,false
2560,0.0533,,,,false
2688,0.0560,,,,false
2816,0.0587,,,,false
2944,0.0613,,,,false
3072,0.0640,,,,false
3200,0.0667,,,,false
3328,0.0693,,,,false
3456,0.0720,,,,false
3584,0.0747,,,,false
3712,0.0773,,,,false
3840,0.0800,,,,false
3968,0.0827,,,,false
4096,0.0853,,,,false
4224,0.0880,,,,false
4352,0.0907,,,,false
4480,0.0933,,,,false
4608,0.0960,,,,false
4736,0.0987,,,,false
4864,0.1013,,,,false
4992,0.1040,,,,false
5120,0.1067,,,,false
5248,0.1093,,,,false
5376,0.1120,,,,false
5504,0.1147,,,,false
5632,0.1173,,,,false
5760,0.1200,,,,false
5888,0.1227,,,,false
6016,0.1253,,,,false
6144,0.1280,,,,false
6272,0.1307,,,,false
6400,0.1333,,,,false
6528,0.1360,,,,false
6656,0.1387,,,,false
6784,0.1413,,,,false
6912,0.1440,,,,false
7040,0.1467,,,,false
7168,0.1493,,,,false
7296,0.1520,,,,false
7424,0.1547,,,,false
7552,0.1573,,,,false
7680,0.1600,,,,false
7808,0.1627,,,,false
7936,0.1653,,,,false
8064,0.1680,,,,false
8192,0.1707,,,,false
8320,0.1733,,,,false
8448,0.1760,,,,false
8576,0.1787,,,,false
8704,0.1813,,,,false
8832,0.1840,,,,false
8960,0.1867,,,,false
9088,0.1893,,,,false
9216,0.1920,,,,false
9344,0.1947,,,,false
9472,0.1973,,,,false
9600,0.2000,,,,false
9728,0.2027,,,,false
9856,0.2053,,,,false
9984,0.2080,,,,false
10112,0.2107,,,,false
10240,0.2133,,,,false
10368,0.2160,,,,false
10496,0.2187,,,,false
10624,0.2213,,,,false
10752,0.2240,,,,false
10880,0.2267,,,,false
11008,0.2293,,,,false
11136,0.2320,,,,false
11264,0.2347,,,,false
11392,0.2373,,,,false
11520,0.2400,,,,false
11648,0.2427,,,,false
11776,0.2453,,,,false
11904,0.2480,,,,false
12032,0.2507,,,,false
12160,0.2533,,,,false
12288,0.2560,,,,false
12416,0.2587,,,,false
12544,0.2613,,,,false
12672,0.2640,,,,false
12800,0.2667,,,,false
12928,0.2693,,,,false
13056,0.2720,,,,false
13184,0.2747,,,,false
13312,0.2773,,,,false
13440,0.2800,,,,false
13568,0.2827,,,,false
13696,0.2853,261.14,0.9000,59.97,true
13824,0.2880,262.06,0.9112,60.03,true
13952,0.2907,262.13,0.9220,60.03,true
14080,0.2933,262.48,0.9263,60.06,true
14208,0.2960,262.61,0.9317,60.06,true
14336,0.2987,262.44,0.9386,60.05,true
14464,0.3013,263.49,0.9364,60.12,true
14592,0.3040,263.59,0.9436,60.13,true
14720,0.3067,263.56,0.9444,60.13,true
14848,0.3093,263.61,0.9469,60.13,true
14976,0.3120,263.46,0.9450,60.12,true
15104,0.3147,262.64,0.9471,60.07,true
15232,0.3173,262.59,0.9514,60.06,true
15360,0.3200,262.41,0.9487,60.05,true
15488,0.3227,262.05,0.9532,60.03,true
15616,0.3253,261.01,0.9499,59.96,true
15744,0.3280,261.09,0.9457,59.96,true
15872,0.3307,260.96,0.9503,59.96,true
16000,0.3333,260.90,0.9502,59.95,true
16128,0.3360,260.81,0.9492,59.95,true
16256,0.3387,260.63,0.9473,59.93,true
16384,0.3413,259.79,0.9423,59.88,true
16512,0.3440,260.55,0.9404,59.93,true
16640,0.3467,259.79,0.9386,59.88,true
16768,0.3493,259.44,0.9463,59.86,true
16896,0.3520,259.36,0.9424,59.85,true
17024,0.3547,259.27,0.9336,59.84,true
17152,0.3573,258.36,0.9251,59.78,true
17280,0.3600,258.18,0.9214,59.77,true
17408,0.3627,257.95,0.9152,59.76,true
17536,0.3653,256.96,0.9170,59.69,true
17664,0.3680,256.65,0.9106,59.67,true
17792,0.3707,256.39,0.9025,59.65,true
17920,0.3733,255.47,0.9188,59.59,true
18048,0.3760,255.44,0.9213,59.59,true
18176,0.3787,255.32,0.9248,59.58,true
18304,0.3813,255.20,0.9248,59.57,true
18432,0.3840,255.15,0.9122,59.57,true
18560,0.3867,255.19,0.9037,59.57,true
18688,0.3893,,,,false
18816,0.3920,,,,false
18944,0.3947,,,,false
19072,0.3973,,,,false
19200,0.4000,,,,false
19328,0.4027,256.62,0.9071,59.67,true
19456,0.4053,256.55,0.9120,59.66,true
19584,0.4080,256.47,0.9116,59.66,true
19712,0.4107,255.60,0.9156,59.60,true
19840,0.4133,255.45,0.9212,59.59,true
19968,0.4160,255.15,0.9188,59.57,true
20096,0.4187,254.20,0.9226,59.50,true
20224,0.4213,254.07,0.9188,59.49,true
20352,0.4240,253.91,0.9159,59.48,true
20480,0.4267,253.87,0.9252,59.48,true
20608,0.4293,253.75,0.9285,59.47,true
20736,0.4320,253.75,0.9196,59.47,true
20864,0.4347,253.75,0.9123,59.47,true
20992,0.4373,,,,false
21120,0.4400,,,,false
21248,0.4427,,,,false
21376,0.4453,,,,false
21504,0.4480,,,,false
21632,0.4507,,,,false
21760,0.4533,,,,false
21888,0.4560,,,,false
22016,0.4587,,,,false
22144,0.4613,,,,false
22272,0.4640,,,,false
22400,0.4667,,,,false
22528,0.4693,,,,false
22656,0.4720,,,,false
22784,0.4747,,,,false
22912,0.4773,,,,false
23040,0.4800,,,,false
23168,0.4827,,,,false
23296,0.4853,,,,false
23424,0.4880,,,,false
23552,0.4907,,,,false
23680,0.4933,283.96,0.9077,61.42,true
23808,0.4960,284.09,0.9101,61.43,true
23936,0.4987,284.26,0.9097,61.44,true
24064,0.5013,287.18,0.9084,61.61,true
24192,0.5040,288.85,0.9121,61.71,true
24320,0.5067,289.12,0.9126,61.73,true
24448,0.5093,288.97,0.9155,61.72,true
24576,0.5120,288.97,0.9183,61.72,true
24704,0.5147,288.98,0.9256,61.72,true
24832,0.5173,289.20,0.9245,61.73,true
24960,0.5200,289.30,0.9165,61.74,true
25088,0.5227,289.54,0.9060,61.75,true
25216,0.5253,,,,false
25344,0.5280,,,,false
25472,0.5307,,,,false
25600,0.5333,,,,false
25728,0.5360,,,,false
25856,0.5387,,,,false
25984,0.5413,,,,false
26112,0.5440,,,,false
26240,0.5467,,,,false
26368,0.5493,,,,false
26496,0.5520,,,,false
26624,0.5547,,,,false
26752,0.5573,,,,false
26880,0.5600,290.77,0.9004,61.83,true
27008,0.5627,290.99,0.9056,61.84,true
27136,0.5653,290.98,0.9018,61.84,true
27264,0.5680,291.02,0.9001,61.84,true
27392,0.5707,,,,false
27520,0.5733,,,,false
27648,0.5760,,,,false
27776,0.5787,,,,false
27904,0.5813,,,,false
28032,0.5840,,,,false
28160,0.5867,,,,false
28288,0.5893,,,,false
28416,0.5920,,,,false
28544,0.5947,,,,false
28672,0.5973,287.13,0.9047,61.61,true
28800,0.6000,,,,false
28928,0.6027,,,,false
29056,0.6053,142.94,0.9058,49.53,true
29184,0.6080,142.90,0.9142,49.53,true
29312,0.6107,142.81,0.9124,49.52,true
29440,0.6133,142.47,0.9102,49.48,true
29568,0.6160,142.36,0.9036,49.46,true
29696,0.6187,142.07,0.9038,49.43,true
29824,0.6213,141.96,0.9103,49.42,true
29952,0.6240,141.66,0.9106,49.38,true
30080,0.6267,141.55,0.9038,49.37,true
30208,0.6293,141.16,0.9006,49.32,true
30336,0.6320,282.04,0.9060,61.30,true
30464,0.6347,280.81,0.9140,61.22,true
30592,0.6373,280.75,0.9162,61.22,true
30720,0.6400,280.81,0.9186,61.23,true
30848,0.6427,279.45,0.9112,61.14,true
30976,0.6453,279.17,0.9139,61.12,true
31104,0.6480,279.24,0.9094,61.13,true
31232,0.6507,279.24,0.9117,61.13,true
31360,0.6533,279.01,0.9145,61.11,true
31488,0.6560,278.95,0.9159,61.11,true
31616,0.6587,278.93,0.9186,61.11,true
31744,0.6613,279.07,0.9215,61.12,true
31872,0.6640,279.34,0.9271,61.13,true
32000,0.6667,279.42,0.9309,61.14,true
32128,0.6693,280.31,0.9326,61.19,true
32256,0.6720,280.38,0.9325,61.20,true
32384,0.6747,280.41,0.9327,61.20,true
32512,0.6773,280.57,0.9341,61.21,true
32640,0.6800,280.93,0.9345,61.23,true
32768,0.6827,280.82,0.9364,61.23,true
32896,0.6853,280.88,0.9377,61.23,true
33024,0.6880,281.97,0.9352,61.30,true
33152,0.6907,282.09,0.9340,61.30,true
33280,0.6933,282.10,0.9352,61.30,true
33408,0.6960,282.26,0.9417,61.31,true
33536,0.6987,282.42,0.9408,61.32,true
33664,0.7013,282.55,0.9395,61.33,true
33792,0.7040,283.67,0.9427,61.40,true
33920,0.7067,284.17,0.9420,61.43,true
34048,0.7093,284.37,0.9409,61.44,true
34176,0.7120,284.39,0.9390,61.44,true
34304,0.7147,285.80,0.9380,61.53,true
34432,0.7173,287.75,0.9373,61.65,true
34560,0.7200,287.74,0.9380,61.65,true
34688,0.7227,288.75,0.9343,61.71,true
34816,0.7253,289.01,0.9281,61.72,true
34944,0.7280,288.99,0.9191,61.72,true
35072,0.7307,292.77,0.9043,61.95,true
35200,0.7333,294.24,0.9010,62.03,true
35328,0.7360,,,,false
35456,0.7387,,,,false
35584,0.7413,,,,false
35712,0.7440,,,,false
35840,0.7467,,,,false
35968,0.7493,,,,false
36096,0.7520,,,,false
36224,0.7547,,,,false
36352,0.7573,,,,false
36480,0.7600,,,,false
36608,0.7627,,,,false
36736,0.7653,,,,false
36864,0.7680,,,,false
36992,0.7707,,,,false
37120,0.7733,,,,false
37248,0.7760,,,,false
37376,0.7787,,,,false
37504,0.7813,,,,false
37632,0.7840,,,,false
37760,0.7867,,,,false
37888,0.7893,,,,false
38016,0.7920,,,,false
38144,0.7947,,,,false
38272,0.7973,,,,false
38400,0.8000,,,,false
38528,0.8027,,,,false
38656,0.8053,,,,false
38784,0.8080,,,,false
38912,0.8107,,,,false
39040,0.8133,,,,false
39168,0.8160,,,,false
39296,0.8187,,,,false
39424,0.8213,,,,false
39552,0.8240,,,,false
39680,0.8267,,,,false
39808,0.8293,,,,false
39936,0.8320,,,,false
40064,0.8347,,,,false
40192,0.8373,,,,false
40320,0.8400,282.41,0.9009,61.32,true
40448,0.8427,282.54,0.9080,61.33,true
40576,0.8453,282.73,0.9133,61.34,true
40704,0.8480,283.92,0.9204,61.42,true
40832,0.8507,283.92,0.9211,61.42,true
40960,0.8533,283.82,0.9206,61.41,true
41088,0.8560,284.07,0.9287,61.42,true
41216,0.8587,283.70,0.9271,61.40,true
41344,0.8613,283.81,0.9330,61.41,true
41472,0.8640,282.75,0.9360,61.34,true
41600,0.8667,282.38,0.9357,61.32,true
41728,0.8693,281.02,0.9338,61.24,true
41856,0.8720,280.92,0.9395,61.23,true
41984,0.8747,280.71,0.9416,61.22,true
42112,0.8773,280.68,0.9339,61.22,true
42240,0.8800,280.63,0.9285,61.21,true
42368,0.8827,280.35,0.9291,61.20,true
42496,0.8853,279.36,0.9277,61.14,true
42624,0.8880,279.46,0.9286,61.14,true
42752,0.8907,280.71,0.9302,61.22,true
42880,0.8933,280.44,0.9297,61.20,true
43008,0.8960,280.79,0.9289,61.22,true
43136,0.8987,282.06,0.9244,61.30,true
43264,0.9013,280.81,0.9169,61.23,true
43392,0.9040,282.08,0.9050,61.30,true
43520,0.9067,283.99,0.9028,61.42,true
43648,0.9093,284.19,0.9002,61.43,true
43776,0.9120,142.09,0.9017,49.43,true
43904,0.9147,142.35,0.9005,49.46,true
44032,0.9173,,,,false
44160,0.9200,,,,false
44288,0.9227,,,,false
44416,0.9253,,,,false
44544,0.9280,287.06,0.9008,61.61,true
44672,0.9307,287.22,0.9051,61.62,true
44800,0.9333,287.47,0.9041,61.63,true
44928,0.9360,,,,false
45056,0.9387,,,,false
45184,0.9413,,,,false
45312,0.9440,,,,false
45440,0.9467,,,,false
45568,0.9493,,,,false
45696,0.9520,,,,false
45824,0.9547,,,,false
45952,0.9573,,,,false
46080,0.9600,,,,false
46208,0.9627,,,,false
46336,0.9653,,,,false
46464,0.9680,,,,false
46592,0.9707,,,,false
46720,0.9733,,,,false
46848,0.9760,,,,false
46976,0.9787,,,,false
47104,0.9813,,,,false
47232,0.9840,,,,false
47360,0.9867,,,,false
47488,0.9893,,,,false
47616,0.9920,302.24,0.9114,62.50,true
47744,0.9947,303.53,0.9193,62.57,true
47872,0.9973,303.61,0.9284,62.58,true
48000,1.0000,303.83,0.9366,62.59,true
48128,1.0027,304.05,0.9424,62.60,true
48256,1.0053,305.43,0.9406,62.68,true
48384,1.0080,306.12,0.9458,62.72,true
48512,1.0107,306.07,0.9478,62.72,true
48640,1.0133,305.66,0.9421,62.69,true
48768,1.0160,306.13,0.9374,62.72,true
48896,1.0187,306.06,0.9387,62.72,true
49024,1.0213,307.24,0.9382,62.78,true
49152,1.0240,306.02,0.9397,62.71,true
49280,1.0267,305.80,0.9386,62.70,true
49408,1.0293,305.60,0.9397,62.69,true
49536,1.0320,305.50,0.9386,62.68,true
49664,1.0347,305.79,0.9441,62.70,true
49792,1.0373,304.02,0.9487,62.60,true
49920,1.0400,303.87,0.9480,62.59,true
50048,1.0427,303.41,0.9502,62.56,true
50176,1.0453,302.14,0.9444,62.49,true
50304,1.0480,302.07,0.9391,62.49,true
50432,1.0507,301.58,0.9346,62.46,true
50560,1.0533,300.19,0.9283,62.38,true
50688,1.0560,298.56,0.9201,62.29,true
50816,1.0587,,,,false
50944,1.0613,,,,false
51072,1.0640,,,,false
51200,1.0667,,,,false
51328,1.0693,,,,false
51456,1.0720,,,,false
51584,1.0747,,,,false
51712,1.0773,,,,false
51840,1.0800,,,,false
51968,1.0827,,,,false
52096,1.0853,,,,false
52224,1.0880,,,,false
52352,1.0907,,,,false
52480,1.0933,,,,false
52608,1.0960,283.69,0.9003,61.40,true
52736,1.0987,282.65,0.9018,61.34,true
52864,1.1013,282.46,0.9137,61.33,true
52992,1.1040,282.28,0.9236,61.32,true
53120,1.1067,282.16,0.9238,61.31,true
53248,1.1093,280.86,0.9255,61.23,true
53376,1.1120,280.32,0.9336,61.19,true
53504,1.1147,279.07,0.9446,61.12,true
53632,1.1173,277.84,0.9436,61.04,true
53760,1.1200,277.64,0.9468,61.03,true
53888,1.1227,275.94,0.9415,60.92,true
54016,1.1253,274.59,0.9382,60.84,true
54144,1.1280,274.30,0.9311,60.82,true
54272,1.1307,273.96,0.9243,60.80,true
54400,1.1333,272.76,0.9205,60.72,true
54528,1.1360,271.45,0.9142,60.64,true
54656,1.1387,271.11,0.9161,60.62,true
54784,1.1413,268.50,0.9114,60.45,true
54912,1.1440,268.41,0.9069,60.44,true
55040,1.1467,,,,false
55168,1.1493,,,,false
55296,1.1520,,,,false
55424,1.1547,,,,false
55552,1.1573,,,,false
55680,1.1600,,,,false
55808,1.1627,,,,false
55936,1.1653,,,,false
56064,1.1680,,,,false
56192,1.1707,,,,false
56320,1.1733,,,,false
56448,1.1760,,,,false
56576,1.1787,,,,false
56704,1.1813,,,,false
56832,1.1840,,,,false
56960,1.1867,,,,false
57088,1.1893,,,,false
57216,1.1920,,,,false
57344,1.1947,,,,false
57472,1.1973,287.46,0.9013,61.63,true
57600,1.2000,287.66,0.9082,61.64,true
57728,1.2027,288.83,0.9062,61.71,true
57856,1.2053,,,,false
57984,1.2080,,,,false
58112,1.2107,,,,false
58240,1.2133,,,,false
58368,1.2160,,,,false
58496,1.2187,,,,false
58624,1.2213,,,,false
58752,1.2240,,,,false
58880,1.2267,301.50,0.9060,62.46,true
59008,1.2293,301.63,0.9150,62.46,true
59136,1.2320,301.57,0.9295,62.46,true
59264,1.2347,300.40,0.9331,62.39,true
59392,1.2373,300.40,0.9376,62.39,true
59520,1.2400,300.44,0.9333,62.39,true
59648,1.2427,300.22,0.9253,62.38,true
59776,1.2453,299.53,0.9241,62.34,true
59904,1.2480,296.67,0.9244,62.18,true
60032,1.2507,296.13,0.9347,62.14,true
60160,1.2533,295.85,0.9321,62.13,true
60288,1.2560,294.83,0.9316,62.07,true
60416,1.2587,294.78,0.9331,62.07,true
60544,1.2613,294.74,0.9363,62.06,true
60672,1.2640,294.71,0.9400,62.06,true
60800,1.2667,294.85,0.9341,62.07,true
60928,1.2693,295.97,0.9352,62.14,true
61056,1.2720,295.95,0.9346,62.13,true
61184,1.2747,294.93,0.9361,62.07,true
61312,1.2773,295.84,0.9359,62.13,true
61440,1.2800,294.85,0.9366,62.07,true
61568,1.2827,295.90,0.9333,62.13,true
61696,1.2853,296.18,0.9296,62.15,true
61824,1.2880,296.09,0.9277,62.14,true
61952,1.2907,295.87,0.9238,62.13,true
62080,1.2933,294.80,0.9147,62.07,true
62208,1.2960,295.93,0.9063,62.13,true
62336,1.2987,147.70,0.9069,50.10,true
62464,1.3013,147.67,0.9098,50.10,true
62592,1.3040,147.64,0.9116,50.09,true
62720,1.3067,147.60,0.9118,50.09,true
62848,1.3093,147.60,0.9097,50.09,true
62976,1.3120,147.61,0.9057,50.09,true
63104,1.3147,,,,false
63232,1.3173,,,,false
63360,1.3200,,,,false
63488,1.3227,,,,false
63616,1.3253,,,,false
63744,1.3280,,,,false
63872,1.3307,,,,false
64000,1.3333,,,,false
64128,1.3360,,,,false
64256,1.3387,,,,false
64384,1.3413,,,,false
64512,1.3440,,,,false
64640,1.3467,,,,false
64768,1.3493,,,,false
64896,1.3520,,,,false
65024,1.3547,,,,false
65152,1.3573,,,,false
65280,1.3600,,,,false
65408,1.3627,,,,false
65536,1.3653,,,,false
65664,1.3680,,,,false
65792,1.3707,282.00,0.9082,61.30,true
65920,1.3733,280.78,0.9154,61.22,true
66048,1.3760,279.43,0.9220,61.14,true
66176,1.3787,278.67,0.9359,61.09,true
66304,1.3813,277.76,0.9435,61.04,true
66432,1.3840,277.39,0.9428,61.01,true
66560,1.3867,277.28,0.9360,61.01,true
66688,1.3893,276.11,0.9267,60.93,true
66816,1.3920,276.08,0.9180,60.93,true
66944,1.3947,275.79,0.9062,60.91,true
67072,1.3973,,,,false
67200,1.4000,,,,false
67328,1.4027,,,,false
67456,1.4053,,,,false
67584,1.4080,,,,false
67712,1.4107,,,,false
67840,1.4133,,,,false
67968,1.4160,,,,false
68096,1.4187,,,,false
68224,1.4213,,,,false
68352,1.4240,,,,false
68480,1.4267,,,,false
68608,1.4293,,,,false
68736,1.4320,,,,false
68864,1.4347,,,,false
68992,1.4373,275.81,0.9016,60.91,true
69120,1.4400,275.90,0.9154,60.92,true
69248,1.4427,276.02,0.9239,60.93,true
69376,1.4453,276.10,0.9379,60.93,true
69504,1.4480,276.09,0.9426,60.93,true
69632,1.4507,276.09,0.9424,60.93,true
69760,1.4533,277.22,0.9377,61.00,true
69888,1.4560,277.69,0.9370,61.03,true
70016,1.4587,278.86,0.9384,61.10,true
70144,1.4613,279.29,0.9346,61.13,true
70272,1.4640,280.61,0.9388,61.21,true
70400,1.4667,281.07,0.9399,61.24,true
70528,1.4693,282.18,0.9422,61.31,true
70656,1.4720,282.40,0.9426,61.32,true
70784,1.4747,282.67,0.9414,61.34,true
70912,1.4773,283.87,0.9409,61.41,true
71040,1.4800,284.28,0.9403,61.44,true
71168,1.4827,284.36,0.9348,61.44,true
71296,1.4853,285.77,0.9324,61.53,true
71424,1.4880,287.59,0.9278,61.64,true
71552,1.4907,288.79,0.9264,61.71,true
71680,1.4933,288.90,0.9219,61.72,true
71808,1.4960,289.12,0.9221,61.73,true
71936,1.4987,289.36,0.9131,61.74,true
72064,1.5013,290.49,0.9015,61.81,true
72192,1.5040,290.66,0.9013,61.82,true
72320,1.5067,,,,false
72448,1.5093,,,,false
72576,1.5120,,,,false
72704,1.5147,290.82,0.9026,61.83,true
72832,1.5173,290.80,0.9061,61.83,true
72960,1.5200,290.68,0.9077,61.82,true
73088,1.5227,290.53,0.9081,61.81,true
73216,1.5253,289.59,0.9098,61.76,true
73344,1.5280,290.60,0.9134,61.82,true
73472,1.5307,290.69,0.9175,61.82,true
73600,1.5333,290.76,0.9231,61.83,true
73728,1.5360,290.60,0.9274,61.82,true
73856,1.5387,290.57,0.9290,61.82,true
73984,1.5413,290.54,0.9330,61.82,true
74112,1.5440,290.50,0.9360,61.81,true
74240,1.5467,290.52,0.9363,61.81,true
74368,1.5493,289.55,0.9396,61.76,true
74496,1.5520,289.41,0.9407,61.75,true
74624,1.5547,289.37,0.9436,61.74,true
74752,1.5573,289.21,0.9374,61.74,true
74880,1.5600,289.00,0.9368,61.72,true
75008,1.5627,288.97,0.9323,61.72,true
75136,1.5653,288.83,0.9301,61.71,true
75264,1.5680,288.79,0.9268,61.71,true
75392,1.5707,288.75,0.9247,61.71,true
75520,1.5733,288.81,0.9269,61.71,true
75648,1.5760,288.77,0.9261,61.71,true
75776,1.5787,288.73,0.9282,61.71,true
75904,1.5813,288.86,0.9266,61.71,true
76032,1.5840,287.85,0.9293,61.65,true
76160,1.5867,287.82,0.9337,61.65,true
76288,1.5893,287.78,0.9412,61.65,true
76416,1.5920,287.72,0.9414,61.65,true
76544,1.5947,287.79,0.9429,61.65,true
76672,1.5973,288.81,0.9434,61.71,true
76800,1.6000,288.93,0.9451,61.72,true
76928,1.6027,288.88,0.9461,61.72,true
77056,1.6053,288.87,0.9441,61.72,true
77184,1.6080,288.90,0.9433,61.72,true
77312,1.6107,288.99,0.9415,61.72,true
77440,1.6133,289.10,0.9429,61.73,true
77568,1.6160,289.06,0.9351,61.73,true
77696,1.6187,289.09,0.9342,61.73,true
77824,1.6213,289.07,0.9329,61.73,true
77952,1.6240,288.92,0.9319,61.72,true
78080,1.6267,288.84,0.9348,61.71,true
78208,1.6293,288.74,0.9354,61.71,true
78336,1.6320,287.78,0.9398,61.65,true
78464,1.6347,287.71,0.9425,61.65,true
78592,1.6373,287.76,0.9461,61.65,true
78720,1.6400,287.47,0.9505,61.63,true
78848,1.6427,287.37,0.9506,61.62,true
78976,1.6453,287.40,0.9510,61.63,true
79104,1.6480,287.45,0.9505,61.63,true
79232,1.6507,287.43,0.9455,61.63,true
79360,1.6533,287.31,0.9431,61.62,true
79488,1.6560,287.35,0.9426,61.62,true
79616,1.6587,287.40,0.9418,61.63,true
79744,1.6613,287.67,0.9404,61.64,true
79872,1.6640,287.83,0.9447,61.65,true
80000,1.6667,288.76,0.9457,61.71,true
80128,1.6693,288.81,0.9440,61.71,true
80256,1.6720,288.93,0.9471,61.72,true
80384,1.6747,289.10,0.9473,61.73,true
80512,1.6773,289.05,0.9446,61.73,true
80640,1.6800,289.04,0.9441,61.73,true
80768,1.6827,288.90,0.9402,61.72,true
80896,1.6853,288.88,0.9332,61.72,true
81024,1.6880,288.80,0.9336,61.71,true
81152,1.6907,287.81,0.9359,61.65,true
81280,1.6933,287.69,0.9385,61.64,true
81408,1.6960,287.55,0.9379,61.64,true
81536,1.6987,287.31,0.9348,61.62,true
81664,1.7013,287.13,0.9324,61.61,true
81792,1.7040,286.01,0.9324,61.54,true
81920,1.7067,285.99,0.9345,61.54,true
82048,1.7093,285.84,0.9364,61.53,true
82176,1.7120,285.90,0.9366,61.54,true
82304,1.7147,285.93,0.9366,61.54,true
82432,1.7173,285.93,0.9389,61.54,true
82560,1.7200,286.08,0.9399,61.55,true
82688,1.7227,287.05,0.9441,61.61,true
82816,1.7253,287.15,0.9478,61.61,true
82944,1.7280,287.06,0.9475,61.61,true
83072,1.7307,287.36,0.9449,61.62,true
83200,1.7333,287.36,0.9416,61.62,true
83328,1.7360,287.27,0.9379,61.62,true
83456,1.7387,287.23,0.9372,61.62,true
83584,1.7413,287.34,0.9316,61.62,true
83712,1.7440,287.34,0.9273,61.62,true
83840,1.7467,287.52,0.9243,61.63,true
83968,1.7493,287.75,0.9239,61.65,true
84096,1.7520,287.50,0.9228,61.63,true
84224,1.7547,287.62,0.9206,61.64,true
84352,1.7573,288.96,0.9237,61.72,true
84480,1.7600,289.03,0.9249,61.72,true
84608,1.7627,288.80,0.9246,61.71,true
84736,1.7653,288.99,0.9287,61.72,true
84864,1.7680,289.12,0.9302,61.73,true
84992,1.7707,289.11,0.9290,61.73,true
85120,1.7733,289.11,0.9309,61.73,true
85248,1.7760,288.99,0.9252,61.72,true
85376,1.7787,287.83,0.9209,61.65,true
85504,1.7813,288.78,0.9237,61.71,true
85632,1.7840,288.89,0.9296,61.72,true
85760,1.7867,288.77,0.9289,61.71,true
85888,1.7893,287.71,0.9289,61.65,true
86016,1.7920,287.69,0.9292,61.64,true
86144,1.7947,287.64,0.9324,61.64,true
86272,1.7973,287.80,0.9331,61.65,true
86400,1.8000,288.76,0.9352,61.71,true
86528,1.8027,287.84,0.9363,61.65,true
86656,1.8053,287.62,0.9382,61.64,true
86784,1.8080,287.59,0.9382,61.64,true
86912,1.8107,287.66,0.9371,61.64,true
87040,1.8133,287.57,0.9377,61.64,true
87168,1.8160,287.61,0.9347,61.64,true
87296,1.8187,287.48,0.9384,61.63,true
87424,1.8213,287.41,0.9360,61.63,true
87552,1.8240,287.24,0.9357,61.62,true
87680,1.8267,287.51,0.9338,61.63,true
87808,1.8293,287.32,0.9343,61.62,true
87936,1.8320,286.00,0.9356,61.54,true
88064,1.8347,285.86,0.9373,61.53,true
88192,1.8373,285.72,0.9409,61.53,true
88320,1.8400,285.46,0.9446,61.51,true
88448,1.8427,285.51,0.9464,61.51,true
88576,1.8453,285.58,0.9469,61.52,true
88704,1.8480,285.42,0.9505,61.51,true
88832,1.8507,285.53,0.9477,61.51,true
88960,1.8533,285.51,0.9482,61.51,true
89088,1.8560,285.53,0.9499,61.51,true
89216,1.8587,285.50,0.9500,61.51,true
89344,1.8613,285.44,0.9474,61.51,true
89472,1.8640,285.38,0.9490,61.50,true
89600,1.8667,285.36,0.9467,61.50,true
89728,1.8693,284.30,0.9439,61.44,true
89856,1.8720,284.00,0.9479,61.42,true
89984,1.8747,283.88,0.9500,61.41,true
90112,1.8773,283.67,0.9488,61.40,true
90240,1.8800,283.63,0.9473,61.40,true
90368,1.8827,282.71,0.9481,61.34,true
90496,1.8853,282.51,0.9465,61.33,true
90624,1.8880,282.32,0.9487,61.32,true
90752,1.8907,282.29,0.9487,61.32,true
90880,1.8933,282.16,0.9490,61.31,true
91008,1.8960,282.21,0.9482,61.31,true
91136,1.8987,282.16,0.9485,61.31,true
91264,1.9013,282.07,0.9544,61.30,true
91392,1.9040,282.26,0.9552,61.31,true
91520,1.9067,282.46,0.9555,61.33,true
91648,1.9093,283.69,0.9536,61.40,true
91776,1.9120,283.99,0.9564,61.42,true
91904,1.9147,285.33,0.9586,61.50,true
92032,1.9173,285.39,0.9601,61.51,true
92160,1.9200,285.33,0.9585,61.50,true
92288,1.9227,285.41,0.9588,61.51,true
92416,1.9253,285.60,0.9568,61.52,true
92544,1.9280,285.80,0.9523,61.53,true
92672,1.9307,286.01,0.9508,61.54,true
92800,1.9333,287.15,0.9418,61.61,true
92928,1.9360,287.33,0.9304,61.62,true
93056,1.9387,288.75,0.9134,61.71,true
93184,1.9413,289.53,0.9124,61.75,true
93312,1.9440,290.80,0.9061,61.83,true
93440,1.9467,,,,false
93568,1.9493,,,,false
93696,1.9520,,,,false
93824,1.9547,,,,false
93952,1.9573,294.16,0.9038,62.03,true
94080,1.9600,294.38,0.9079,62.04,true
94208,1.9627,294.78,0.9168,62.07,true
94336,1.9653,296.00,0.9268,62.14,true
94464,1.9680,296.21,0.9289,62.15,true
94592,1.9707,296.15,0.9290,62.15,true
94720,1.9733,296.43,0.9218,62.16,true
94848,1.9760,298.16,0.9151,62.26,true
94976,1.9787,299.72,0.9238,62.35,true
95104,1.9813,299.91,0.9283,62.36,true
95232,1.9840,300.27,0.9327,62.38,true
95360,1.9867,300.32,0.9359,62.39,true
95488,1.9893,300.36,0.9453,62.39,true
95616,1.9920,300.47,0.9551,62.40,true
95744,1.9947,301.47,0.9584,62.45,true
95872,1.9973,300.44,0.9582,62.39,true
96000,2.0000,301.51,0.9590,62.46,true
96128,2.0027,301.56,0.9597,62.46,true
96256,2.0053,301.53,0.9576,62.46,true
96384,2.0080,301.91,0.9570,62.48,true
96512,2.0107,302.08,0.9564,62.49,true
96640,2.0133,302.10,0.9557,62.49,true
96768,2.0160,302.11,0.9582,62.49,true
96896,2.0187,302.05,0.9605,62.49,true
97024,2.0213,301.88,0.9600,62.48,true
97152,2.0240,301.89,0.9631,62.48,true
97280,2.0267,301.79,0.9655,62.47,true
97408,2.0293,301.54,0.9607,62.46,true
97536,2.0320,300.29,0.9588,62.39,true
97664,2.0347,300.13,0.9576,62.38,true
97792,2.0373,299.76,0.9590,62.36,true
97920,2.0400,298.48,0.9562,62.28,true
98048,2.0427,298.23,0.9526,62.27,true
98176,2.0453,296.74,0.9525,62.18,true
98304,2.0480,296.26,0.9542,62.15,true
98432,2.0507,296.08,0.9524,62.14,true
98560,2.0533,294.86,0.9523,62.07,true
98688,2.0560,294.41,0.9400,62.04,true
98816,2.0587,294.11,0.9320,62.03,true
98944,2.0613,292.67,0.9237,61.94,true
99072,2.0640,290.72,0.9158,61.83,true
99200,2.0667,289.10,0.9090,61.73,true
99328,2.0693,287.75,0.9065,61.65,true
99456,2.0720,287.29,0.9048,61.62,true
99584,2.0747,285.70,0.9135,61.52,true
99712,2.0773,284.39,0.9115,61.44,true
99840,2.0800,283.83,0.9192,61.41,true
99968,2.0827,282.47,0.9193,61.33,true
100096,2.0853,282.25,0.9248,61.31,true
100224,2.0880,281.10,0.9328,61.24,true
100352,2.0907,280.80,0.9398,61.22,true
100480,2.0933,280.40,0.9475,61.20,true
100608,2.0960,279.26,0.9556,61.13,true
100736,2.0987,278.89,0.9589,61.11,true
100864,2.1013,277.81,0.9561,61.04,true
100992,2.1040,277.56,0.9574,61.02,true
101120,2.1067,276.12,0.9528,60.93,true
101248,2.1093,275.48,0.9500,60.89,true
101376,2.1120,274.34,0.9489,60.82,true
101504,2.1147,274.01,0.9463,60.80,true
101632,2.1173,271.44,0.9448,60.64,true
101760,2.1200,271.12,0.9433,60.62,true
101888,2.1227,270.96,0.9372,60.61,true
102016,2.1253,269.84,0.9346,60.54,true
102144,2.1280,269.73,0.9335,60.53,true
102272,2.1307,269.70,0.9293,60.53,true
102400,2.1333,269.46,0.9209,60.51,true
102528,2.1360,268.50,0.9213,60.45,true
102656,2.1387,269.41,0.9258,60.51,true
102784,2.1413,269.44,0.9317,60.51,true
102912,2.1440,269.51,0.9368,60.51,true
103040,2.1467,269.68,0.9352,60.53,true
103168,2.1493,269.72,0.9271,60.53,true
103296,2.1520,269.87,0.9264,60.54,true
103424,2.1547,270.85,0.9324,60.60,true
103552,2.1573,271.03,0.9335,60.61,true
103680,2.1600,271.15,0.9269,60.62,true
103808,2.1627,271.49,0.9228,60.64,true
103936,2.1653,272.75,0.9150,60.72,true
104064,2.1680,272.98,0.9164,60.74,true
104192,2.1707,274.08,0.9245,60.80,true
104320,2.1733,274.34,0.9326,60.82,true
104448,2.1760,275.71,0.9417,60.91,true
104576,2.1787,277.16,0.9363,61.00,true
104704,2.1813,277.52,0.9329,61.02,true
104832,2.1840,278.76,0.9298,61.10,true
104960,2.1867,279.15,0.9298,61.12,true
105088,2.1893,280.30,0.9299,61.19,true
105216,2.1920,280.72,0.9383,61.22,true
105344,2.1947,282.11,0.9455,61.31,true
105472,2.1973,283.95,0.9522,61.42,true
105600,2.2000,284.23,0.9534,61.43,true
105728,2.2027,285.44,0.9541,61.51,true
105856,2.2053,285.66,0.9584,61.52,true
105984,2.2080,285.94,0.9623,61.54,true
106112,2.2107,287.06,0.9621,61.61,true
106240,2.2133,287.32,0.9602,61.62,true
106368,2.2160,287.70,0.9534,61.64,true
106496,2.2187,289.08,0.9425,61.73,true
106624,2.2213,290.74,0.9327,61.83,true
106752,2.2240,291.15,0.9355,61.85,true
106880,2.2267,292.26,0.9339,61.92,true
107008,2.2293,294.10,0.9217,62.03,true
107136,2.2320,294.63,0.9274,62.06,true
107264,2.2347,294.86,0.9345,62.07,true
107392,2.2373,295.90,0.9262,62.13,true
107520,2.2400,296.17,0.9306,62.15,true
107648,2.2427,296.19,0.9350,62.15,true
107776,2.2453,296.19,0.9392,62.15,true
107904,2.2480,296.31,0.9482,62.16,true
108032,2.2507,296.29,0.9512,62.15,true
108160,2.2533,296.68,0.9492,62.18,true
108288,2.2560,297.82,0.9514,62.24,true
108416,2.2587,297.88,0.9602,62.25,true
108544,2.2613,297.85,0.9615,62.24,true
108672,2.2640,297.85,0.9606,62.25,true
108800,2.2667,298.25,0.9635,62.27,true
108928,2.2693,298.35,0.9640,62.27,true
109056,2.2720,298.28,0.9666,62.27,true
109184,2.2747,298.08,0.9703,62.26,true
109312,2.2773,297.98,0.9710,62.25,true
109440,2.2800,298.02,0.9724,62.25,true
109568,2.2827,298.03,0.9735,62.26,true
109696,2.2853,298.08,0.9763,62.26,true
109824,2.2880,297.97,0.9772,62.25,true
109952,2.2907,297.98,0.9775,62.25,true
110080,2.2933,298.03,0.9761,62.26,true
110208,2.2960,298.07,0.9758,62.26,true
110336,2.2987,298.06,0.9751,62.26,true
110464,2.3013,297.94,0.9735,62.25,true
110592,2.3040,297.85,0.9689,62.24,true
110720,2.3067,297.70,0.9667,62.24,true
110848,2.3093,296.50,0.9651,62.17,true
110976,2.3120,296.25,0.9635,62.15,true
111104,2.3147,294.88,0.9604,62.07,true
111232,2.3173,294.40,0.9562,62.04,true
111360,2.3200,293.13,0.9529,61.97,true
111488,2.3227,292.63,0.9510,61.94,true
111616,2.3253,292.32,0.9488,61.92,true
111744,2.3280,291.03,0.9468,61.84,true
111872,2.3307,290.75,0.9499,61.83,true
112000,2.3333,290.59,0.9521,61.82,true
112128,2.3360,290.50,0.9547,61.81,true
112256,2.3387,289.39,0.9564,61.75,true
112384,2.3413,289.15,0.9546,61.73,true
112512,2.3440,288.93,0.9561,61.72,true
112640,2.3467,288.82,0.9594,61.71,true
112768,2.3493,288.79,0.9598,61.71,true
112896,2.3520,287.61,0.9581,61.64,true
113024,2.3547,287.41,0.9580,61.63,true
113152,2.3573,287.22,0.9582,61.62,true
113280,2.3600,286.10,0.9540,61.55,true
113408,2.3627,285.77,0.9549,61.53,true
113536,2.3653,285.45,0.9529,61.51,true
113664,2.3680,284.10,0.9563,61.43,true
113792,2.3707,283.96,0.9568,61.42,true
113920,2.3733,283.88,0.9560,61.41,true
114048,2.3760,283.65,0.9591,61.40,true
114176,2.3787,282.52,0.9642,61.33,true
114304,2.3813,282.57,0.9673,61.33,true
114432,2.3840,282.67,0.9677,61.34,true
114560,2.3867,282.74,0.9706,61.34,true
114688,2.3893,282.69,0.9722,61.34,true
114816,2.3920,283.75,0.9702,61.41,true
114944,2.3947,283.71,0.9701,61.40,true
115072,2.3973,283.68,0.9715,61.40,true
115200,2.4000,284.18,0.9705,61.43,true
115328,2.4027,284.44,0.9676,61.45,true
115456,2.4053,285.41,0.9650,61.51,true
115584,2.4080,285.74,0.9574,61.53,true
115712,2.4107,287.22,0.9436,61.62,true
115840,2.4133,288.79,0.9200,61.71,true
115968,2.4160,289.58,0.9119,61.76,true
116096,2.4187,292.44,0.9095,61.93,true
116224,2.4213,,,,false
116352,2.4240,,,,false
116480,2.4267,295.85,0.9084,62.13,true
116608,2.4293,296.28,0.9313,62.15,true
116736,2.4320,296.50,0.9437,62.17,true
116864,2.4347,296.61,0.9500,62.17,true
116992,2.4373,297.72,0.9532,62.24,true
117120,2.4400,298.02,0.9527,62.25,true
117248,2.4427,298.40,0.9552,62.28,true
117376,2.4453,299.79,0.9459,62.36,true
117504,2.4480,300.23,0.9513,62.38,true
117632,2.4507,301.75,0.9526,62.47,true
117760,2.4533,303.52,0.9550,62.57,true
117888,2.4560,303.97,0.9611,62.60,true
118016,2.4587,305.43,0.9658,62.68,true
118144,2.4613,307.21,0.9497,62.78,true
118272,2.4640,307.39,0.9552,62.79,true
118400,2.4667,307.66,0.9523,62.81,true
118528,2.4693,309.28,0.9571,62.90,true
118656,2.4720,309.94,0.9518,62.93,true
118784,2.4747,311.31,0.9533,63.01,true
118912,2.4773,311.79,0.9631,63.04,true
119040,2.4800,312.07,0.9672,63.05,true
119168,2.4827,311.97,0.9719,63.05,true
119296,2.4853,313.53,0.9770,63.13,true
119424,2.4880,313.51,0.9752,63.13,true
119552,2.4907,313.68,0.9769,63.14,true
119680,2.4933,313.59,0.9769,63.14,true
119808,2.4960,313.24,0.9738,63.12,true
119936,2.4987,312.12,0.9735,63.06,true
120064,2.5013,312.00,0.9727,63.05,true
120192,2.5040,311.91,0.9687,63.04,true
120320,2.5067,311.50,0.9669,63.02,true
120448,2.5093,310.15,0.9655,62.95,true
120576,2.5120,309.79,0.9688,62.93,true
120704,2.5147,309.33,0.9736,62.90,true
120832,2.5173,308.15,0.9701,62.83,true
120960,2.5200,307.89,0.9661,62.82,true
121088,2.5227,307.57,0.9648,62.80,true
121216,2.5253,307.38,0.9724,62.79,true
121344,2.5280,306.12,0.9728,62.72,true
121472,2.5307,305.89,0.9727,62.71,true
121600,2.5333,305.57,0.9735,62.69,true
121728,2.5360,305.48,0.9739,62.68,true
121856,2.5387,304.20,0.9677,62.61,true
121984,2.5413,304.01,0.9688,62.60,true
122112,2.5440,303.81,0.9666,62.59,true
122240,2.5467,302.19,0.9701,62.50,true
122368,2.5493,302.10,0.9686,62.49,true
122496,2.5520,301.52,0.9484,62.46,true
122624,2.5547,300.10,0.9407,62.38,true
122752,2.5573,298.16,0.9253,62.26,true
122880,2.5600,,,,false
123008,2.5627,,,,false
123136,2.5653,,,,false
123264,2.5680,147.29,0.9123,50.05,true
123392,2.5707,147.28,0.9140,50.05,true
123520,2.5733,147.24,0.9073,50.05,true
123648,2.5760,147.19,0.9082,50.04,true
123776,2.5787,147.22,0.9151,50.05,true
123904,2.5813,294.85,0.9014,62.07,true
124032,2.5840,,,,false
124160,2.5867,,,,false
124288,2.5893,,,,false
124416,2.5920,,,,false
124544,2.5947,290.69,0.9050,61.82,true
124672,2.5973,,,,false
124800,2.6000,,,,false
124928,2.6027,144.22,0.9008,49.69,true
125056,2.6053,288.83,0.9008,61.71,true
125184,2.6080,,,,false
125312,2.6107,,,,false
125440,2.6133,71.43,0.9055,37.52,true
125568,2.6160,,,,false
125696,2.6187,71.20,0.9035,37.47,true
125824,2.6213,71.03,0.9007,37.43,true
125952,2.6240,70.91,0.9242,37.40,true
126080,2.6267,70.90,0.9292,37.40,true
126208,2.6293,70.92,0.9166,37.40,true
126336,2.6320,70.93,0.9065,37.40,true
126464,2.6347,284.00,0.9002,61.42,true
126592,2.6373,142.03,0.9111,49.42,true
126720,2.6400,284.18,0.9000,61.43,true
126848,2.6427,285.35,0.9132,61.50,true
126976,2.6453,285.95,0.9154,61.54,true
127104,2.6480,287.23,0.9259,61.62,true
127232,2.6507,287.73,0.9105,61.65,true
127360,2.6533,288.77,0.9063,61.71,true
127488,2.6560,289.29,0.9061,61.74,true
127616,2.6587,,,,false
127744,2.6613,292.82,0.9004,61.95,true
127872,2.6640,,,,false
128000,2.6667,73.53,0.9118,38.03,true
128128,2.6693,73.64,0.9178,38.05,true
128256,2.6720,294.88,0.9072,62.07,true
128384,2.6747,294.69,0.9198,62.06,true
128512,2.6773,294.67,0.9180,62.06,true
128640,2.6800,294.66,0.9208,62.06,true
128768,2.6827,294.21,0.9213,62.03,true
128896,2.6853,294.06,0.9273,62.02,true
129024,2.6880,293.08,0.9306,61.97,true
129152,2.6907,294.06,0.9314,62.02,true
129280,2.6933,292.94,0.9381,61.96,true
129408,2.6960,292.98,0.9355,61.96,true
129536,2.6987,293.10,0.9342,61.97,true
129664,2.7013,292.96,0.9362,61.96,true
129792,2.7040,294.32,0.9420,62.04,true
129920,2.7067,294.45,0.9449,62.05,true
130048,2.7093,294.64,0.9417,62.06,true
130176,2.7120,294.77,0.9434,62.06,true
130304,2.7147,294.77,0.9438,62.06,true
130432,2.7173,294.67,0.9479,62.06,true
130560,2.7200,294.67,0.9452,62.06,true
130688,2.7227,294.65,0.9439,62.06,true
130816,2.7253,294.84,0.9398,62.07,true
130944,2.7280,294.85,0.9415,62.07,true
131072,2.7307,295.89,0.9459,62.13,true
131200,2.7333,294.73,0.9418,62.06,true
131328,2.7360,294.75,0.9378,62.06,true
131456,2.7387,295.91,0.9349,62.13,true
131584,2.7413,295.89,0.9346,62.13,true
131712,2.7440,294.74,0.9374,62.06,true
131840,2.7467,294.62,0.9397,62.06,true
131968,2.7493,294.51,0.9428,62.05,true
132096,2.7520,294.43,0.9440,62.05,true
132224,2.7547,294.69,0.9478,62.06,true
132352,2.7573,294.63,0.9530,62.06,true
132480,2.7600,294.73,0.9557,62.06,true
132608,2.7627,294.65,0.9549,62.06,true
132736,2.7653,294.71,0.9529,62.06,true
132864,2.7680,294.40,0.9471,62.04,true
132992,2.7707,294.20,0.9446,62.03,true
133120,2.7733,293.04,0.9431,61.96,true
133248,2.7760,292.66,0.9433,61.94,true
133376,2.7787,291.32,0.9292,61.86,true
133504,2.7813,290.95,0.9354,61.84,true
133632,2.7840,290.52,0.9362,61.81,true
133760,2.7867,289.53,0.9376,61.75,true
133888,2.7893,290.57,0.9386,61.82,true
134016,2.7920,289.20,0.9353,61.73,true
134144,2.7947,289.00,0.9335,61.72,true
134272,2.7973,288.76,0.9323,61.71,true
134400,2.8000,288.74,0.9338,61.71,true
134528,2.8027,287.28,0.9343,61.62,true
134656,2.8053,285.95,0.9203,61.54,true
134784,2.8080,284.23,0.9165,61.43,true
134912,2.8107,282.71,0.9199,61.34,true
135040,2.8133,282.05,0.9088,61.30,true
135168,2.8160,282.02,0.9202,61.30,true
135296,2.8187,280.95,0.9238,61.23,true
135424,2.8213,280.83,0.9246,61.23,true
135552,2.8240,282.15,0.9180,61.31,true
135680,2.8267,282.26,0.9221,61.31,true
135808,2.8293,282.47,0.9255,61.33,true
135936,2.8320,282.61,0.9274,61.34,true
136064,2.8347,282.54,0.9286,61.33,true
136192,2.8373,282.31,0.9251,61.32,true
136320,2.8400,282.36,0.9210,61.32,true
136448,2.8427,282.21,0.9175,61.31,true
136576,2.8453,280.63,0.9250,61.21,true
136704,2.8480,279.43,0.9135,61.14,true
136832,2.8507,278.97,0.9097,61.11,true
136960,2.8533,278.74,0.9100,61.10,true
137088,2.8560,278.87,0.9141,61.11,true
137216,2.8587,278.81,0.9187,61.10,true
137344,2.8613,278.92,0.9168,61.11,true
137472,2.8640,278.86,0.9198,61.10,true
137600,2.8667,278.82,0.9193,61.10,true
137728,2.8693,279.07,0.9221,61.12,true
137856,2.8720,278.97,0.9256,61.11,true
137984,2.8747,278.92,0.9253,61.11,true
138112,2.8773,279.06,0.9226,61.12,true
138240,2.8800,278.99,0.9149,61.11,true
138368,2.8827,278.78,0.9127,61.10,true
138496,2.8853,278.83,0.9092,61.10,true
138624,2.8880,278.79,0.9003,61.10,true
138752,2.8907,278.97,0.9056,61.11,true
138880,2.8933,279.06,0.9096,61.12,true
139008,2.8960,279.47,0.9061,61.14,true
139136,2.8987,280.38,0.9108,61.20,true
139264,2.9013,280.60,0.9068,61.21,true
139392,2.9040,280.75,0.9143,61.22,true
139520,2.9067,280.79,0.9190,61.22,true
139648,2.9093,282.44,0.9115,61.33,true
139776,2.9120,283.63,0.9103,61.40,true
139904,2.9147,284.21,0.9072,61.43,true
140032,2.9173,,,,false
140160,2.9200,287.26,0.9041,61.62,true
140288,2.9227,287.55,0.9064,61.64,true
140416,2.9253,287.85,0.9062,61.65,true
140544,2.9280,289.34,0.9181,61.74,true
140672,2.9307,289.48,0.9181,61.75,true
140800,2.9333,291.22,0.9283,61.85,true
140928,2.9360,291.01,0.9258,61.84,true
141056,2.9387,290.66,0.9258,61.82,true
141184,2.9413,289.34,0.9213,61.74,true
141312,2.9440,289.35,0.9196,61.74,true
141440,2.9467,289.53,0.9184,61.75,true
141568,2.9493,292.83,0.9091,61.95,true
141696,2.9520,294.05,0.9012,62.02,true
141824,2.9547,294.34,0.9020,62.04,true
141952,2.9573,294.63,0.9078,62.06,true
142080,2.9600,294.61,0.9157,62.06,true
142208,2.9627,294.66,0.9283,62.06,true
142336,2.9653,294.74,0.9347,62.06,true
142464,2.9680,294.72,0.9382,62.06,true
142592,2.9707,294.61,0.9414,62.06,true
142720,2.9733,294.40,0.9446,62.04,true
142848,2.9760,293.03,0.9448,61.96,true
142976,2.9787,292.83,0.9487,61.95,true
143104,2.9813,292.64,0.9475,61.94,true
143232,2.9840,292.59,0.9460,61.94,true
143360,2.9867,292.52,0.9390,61.93,true
143488,2.9893,292.37,0.9321,61.92,true
143616,2.9920,292.28,0.9340,61.92,true
143744,2.9947,292.25,0.9345,61.92,true
143872,2.9973,291.25,0.9374,61.86,true
144000,3.0000,290.98,0.9457,61.84,true
144128,3.0027,290.95,0.9404,61.84,true
144256,3.0053,290.76,0.9399,61.83,true
144384,3.0080,289.43,0.9373,61.75,true
144512,3.0107,289.35,0.9381,61.74,true
144640,3.0133,288.93,0.9402,61.72,true
144768,3.0160,287.74,0.9403,61.65,true
144896,3.0187,287.49,0.9362,61.63,true
145024,3.0213,287.19,0.9302,61.61,true
145152,3.0240,286.03,0.9235,61.54,true
145280,3.0267,284.36,0.9253,61.44,true
145408,3.0293,283.81,0.9263,61.41,true
145536,3.0320,282.60,0.9330,61.34,true
145664,3.0347,282.43,0.9362,61.32,true
145792,3.0373,281.07,0.9411,61.24,true
145920,3.0400,281.06,0.9493,61.24,true
146048,3.0427,281.09,0.9566,61.24,true
146176,3.0453,281.99,0.9617,61.30,true
146304,3.0480,282.01,0.9660,61.30,true
146432,3.0507,280.92,0.9677,61.23,true
146560,3.0533,280.83,0.9710,61.23,true
146688,3.0560,280.85,0.9713,61.23,true
146816,3.0587,280.82,0.9698,61.23,true
146944,3.0613,280.63,0.9705,61.21,true
147072,3.0640,280.34,0.9695,61.20,true
147200,3.0667,279.32,0.9692,61.13,true
147328,3.0693,279.03,0.9704,61.11,true
147456,3.0720,278.86,0.9665,61.10,true
147584,3.0747,278.88,0.9583,61.11,true
147712,3.0773,279.04,0.9540,61.12,true
147840,3.0800,279.06,0.9559,61.12,true
147968,3.0827,279.40,0.9469,61.14,true
148096,3.0853,280.33,0.9453,61.20,true
148224,3.0880,280.40,0.9454,61.20,true
148352,3.0907,280.93,0.9422,61.23,true
148480,3.0933,282.10,0.9479,61.30,true
148608,3.0960,282.23,0.9478,61.31,true
148736,3.0987,282.42,0.9441,61.32,true
148864,3.1013,283.61,0.9450,61.40,true
148992,3.1040,284.05,0.9407,61.42,true
149120,3.1067,284.25,0.9441,61.44,true
149248,3.1093,285.47,0.9472,61.51,true
149376,3.1120,285.70,0.9427,61.52,true
149504,3.1147,287.21,0.9468,61.62,true
149632,3.1173,287.42,0.9490,61.63,true
149760,3.1200,287.45,0.9466,61.63,true
149888,3.1227,289.06,0.9482,61.73,true
150016,3.1253,289.32,0.9460,61.74,true
150144,3.1280,290.77,0.9486,61.83,true
150272,3.1307,291.29,0.9431,61.86,true
150400,3.1333,292.54,0.9263,61.93,true
150528,3.1360,294.07,0.9177,62.02,true
150656,3.1387,294.78,0.9078,62.07,true
150784,3.1413,294.73,0.9110,62.06,true
150912,3.1440,294.87,0.9103,62.07,true
151040,3.1467,295.86,0.9058,62.13,true
151168,3.1493,296.11,0.9119,62.14,true
151296,3.1520,296.09,0.9133,62.14,true
151424,3.1547,296.15,0.9251,62.15,true
151552,3.1573,296.43,0.9231,62.16,true
151680,3.1600,296.47,0.9263,62.16,true
151808,3.1627,297.87,0.9273,62.25,true
151936,3.1653,297.99,0.9259,62.25,true
152064,3.1680,299.54,0.9281,62.34,true
152192,3.1707,299.69,0.9261,62.35,true
152320,3.1733,299.83,0.9327,62.36,true
152448,3.1760,299.61,0.9331,62.35,true
152576,3.1787,299.57,0.9310,62.34,true
152704,3.1813,299.65,0.9334,62.35,true
152832,3.1840,299.78,0.9326,62.36,true
152960,3.1867,300.47,0.9348,62.40,true
153088,3.1893,301.81,0.9394,62.47,true
153216,3.1920,301.80,0.9422,62.47,true
153344,3.1947,301.96,0.9426,62.48,true
153472,3.1973,302.26,0.9454,62.50,true
153600,3.2000,302.35,0.9529,62.50,true
153728,3.2027,303.37,0.9550,62.56,true
153856,3.2053,302.20,0.9538,62.50,true
153984,3.2080,301.99,0.9574,62.48,true
154112,3.2107,301.75,0.9576,62.47,true
154240,3.2133,301.60,0.9589,62.46,true
154368,3.2160,300.29,0.9614,62.39,true
154496,3.2187,300.01,0.9632,62.37,true
154624,3.2213,299.91,0.9608,62.36,true
154752,3.2240,299.84,0.9582,62.36,true
154880,3.2267,299.91,0.9601,62.36,true
155008,3.2293,298.59,0.9566,62.29,true
155136,3.2320,299.58,0.9554,62.35,true
155264,3.2347,298.44,0.9493,62.28,true
155392,3.2373,299.57,0.9444,62.34,true
155520,3.2400,298.39,0.9418,62.28,true
155648,3.2427,297.87,0.9337,62.25,true
155776,3.2453,296.34,0.9301,62.16,true
155904,3.2480,294.89,0.9173,62.07,true
156032,3.2507,294.84,0.9070,62.07,true
156160,3.2533,294.20,0.9052,62.03,true
156288,3.2560,,,,false
156416,3.2587,,,,false
156544,3.2613,,,,false
156672,3.2640,,,,false
156800,3.2667,,,,false
156928,3.2693,,,,false
157056,3.2720,282.03,0.9280,61.30,true
157184,3.2747,280.91,0.9352,61.23,true
157312,3.2773,280.89,0.9404,61.23,true
157440,3.2800,280.82,0.9419,61.23,true
157568,3.2827,280.72,0.9422,61.22,true
157696,3.2853,280.60,0.9433,61.21,true
157824,3.2880,280.52,0.9494,61.21,true
157952,3.2907,279.39,0.9441,61.14,true
158080,3.2933,279.31,0.9385,61.13,true
158208,3.2960,279.26,0.9346,61.13,true
158336,3.2987,279.32,0.9335,61.13,true
158464,3.3013,280.46,0.9327,61.20,true
158592,3.3040,280.71,0.9272,61.22,true
158720,3.3067,280.87,0.9246,61.23,true
158848,3.3093,281.07,0.9066,61.24,true
158976,3.3120,282.69,0.9124,61.34,true
159104,3.3147,283.94,0.9182,61.42,true
159232,3.3173,284.17,0.9277,61.43,true
159360,3.3200,284.12,0.9248,61.43,true
159488,3.3227,284.28,0.9254,61.44,true
159616,3.3253,284.20,0.9289,61.43,true
159744,3.3280,284.11,0.9294,61.43,true
159872,3.3307,283.67,0.9379,61.40,true
160000,3.3333,282.38,0.9443,61.32,true
160128,3.3360,282.18,0.9496,61.31,true
160256,3.3387,282.17,0.9415,61.31,true
160384,3.3413,284.07,0.9195,61.42,true
160512,3.3440,284.00,0.9222,61.42,true
160640,3.3467,284.25,0.9236,61.44,true
160768,3.3493,285.49,0.9331,61.51,true
160896,3.3520,285.77,0.9380,61.53,true
161024,3.3547,286.02,0.9426,61.54,true
161152,3.3573,287.08,0.9469,61.61,true
161280,3.3600,287.41,0.9667,61.63,true
161408,3.3627,287.00,0.9716,61.60,true
161536,3.3653,287.17,0.9723,61.61,true
161664,3.3680,287.25,0.9687,61.62,true
161792,3.3707,287.49,0.9624,61.63,true
161920,3.3733,287.75,0.9538,61.65,true
162048,3.3760,289.12,0.9443,61.73,true
162176,3.3787,290.67,0.9348,61.82,true
162304,3.3813,291.09,0.9330,61.85,true
162432,3.3840,292.33,0.9279,61.92,true
162560,3.3867,292.56,0.9331,61.93,true
162688,3.3893,292.75,0.9355,61.95,true
162816,3.3920,292.83,0.9422,61.95,true
162944,3.3947,292.98,0.9468,61.96,true
163072,3.3973,293.01,0.9507,61.96,true
163200,3.4000,294.14,0.9532,62.03,true
163328,3.4027,294.52,0.9549,62.05,true
163456,3.4053,294.63,0.9568,62.06,true
163584,3.4080,294.83,0.9546,62.07,true
163712,3.4107,294.83,0.9552,62.07,true
163840,3.4133,294.76,0.9511,62.06,true
163968,3.4160,294.73,0.9458,62.06,true
164096,3.4187,294.57,0.9375,62.05,true
164224,3.4213,294.22,0.9299,62.03,true
164352,3.4240,292.38,0.9259,61.92,true
164480,3.4267,291.13,0.9291,61.85,true
164608,3.4293,290.82,0.9382,61.83,true
164736,3.4320,290.66,0.9363,61.82,true
164864,3.4347,290.58,0.9327,61.82,true
164992,3.4373,289.56,0.9343,61.76,true
165120,3.4400,289.55,0.9288,61.76,true
165248,3.4427,290.52,0.9243,61.81,true
165376,3.4453,289.50,0.9163,61.75,true
165504,3.4480,289.40,0.9136,61.75,true
165632,3.4507,289.18,0.9071,61.73,true
165760,3.4533,288.92,0.9031,61.72,true
165888,3.4560,143.32,0.9137,49.58,true
166016,3.4587,142.93,0.9231,49.53,true
166144,3.4613,142.77,0.9266,49.51,true
166272,3.4640,285.38,0.9095,61.50,true
166400,3.4667,285.30,0.9063,61.50,true
166528,3.4693,284.35,0.9142,61.44,true
166656,3.4720,284.13,0.9202,61.43,true
166784,3.4747,283.81,0.9264,61.41,true
166912,3.4773,282.75,0.9333,61.34,true
167040,3.4800,282.56,0.9427,61.33,true
167168,3.4827,282.32,0.9497,61.32,true
167296,3.4853,282.10,0.9542,61.30,true
167424,3.4880,282.04,0.9541,61.30,true
167552,3.4907,281.09,0.9532,61.24,true
167680,3.4933,280.59,0.9531,61.21,true
167808,3.4960,280.44,0.9511,61.20,true
167936,3.4987,280.50,0.9443,61.21,true
168064,3.5013,279.10,0.9322,61.12,true
168192,3.5040,279.06,0.9271,61.12,true
168320,3.5067,278.90,0.9244,61.11,true
168448,3.5093,277.72,0.9188,61.03,true
168576,3.5120,276.23,0.9223,60.94,true
168704,3.5147,275.81,0.9192,60.91,true
168832,3.5173,275.73,0.9165,60.91,true
168960,3.5200,275.68,0.9229,60.91,true
169088,3.5227,275.58,0.9212,60.90,true
169216,3.5253,274.53,0.9257,60.83,true
169344,3.5280,274.52,0.9209,60.83,true
169472,3.5307,274.57,0.9217,60.84,true
169600,3.5333,274.52,0.9248,60.83,true
169728,3.5360,275.61,0.9215,60.90,true
169856,3.5387,274.55,0.9256,60.83,true
169984,3.5413,274.65,0.9245,60.84,true
170112,3.5440,275.55,0.9263,60.90,true
170240,3.5467,275.73,0.9194,60.91,true
170368,3.5493,276.18,0.9240,60.94,true
170496,3.5520,276.00,0.9294,60.93,true
170624,3.5547,277.22,0.9282,61.00,true
170752,3.5573,277.21,0.9316,61.00,true
170880,3.5600,277.10,0.9314,60.99,true
171008,3.5627,276.23,0.9356,60.94,true
171136,3.5653,276.03,0.9364,60.93,true
171264,3.5680,275.97,0.9450,60.92,true
171392,3.5707,275.82,0.9498,60.91,true
171520,3.5733,276.03,0.9514,60.93,true
171648,3.5760,275.79,0.9530,60.91,true
171776,3.5787,276.09,0.9521,60.93,true
171904,3.5813,277.28,0.9581,61.01,true
172032,3.5840,277.46,0.9564,61.02,true
172160,3.5867,277.81,0.9566,61.04,true
172288,3.5893,278.77,0.9547,61.10,true
172416,3.5920,279.00,0.9506,61.11,true
172544,3.5947,279.22,0.9530,61.13,true
172672,3.5973,279.33,0.9548,61.13,true
172800,3.6000,279.26,0.9502,61.13,true
172928,3.6027,279.34,0.9481,61.13,true
173056,3.6053,279.47,0.9458,61.14,true
173184,3.6080,280.47,0.9442,61.20,true
173312,3.6107,280.74,0.9426,61.22,true
173440,3.6133,282.02,0.9261,61.30,true
173568,3.6160,282.33,0.9316,61.32,true
173696,3.6187,282.32,0.9318,61.32,true
173824,3.6213,282.46,0.9297,61.33,true
173952,3.6240,282.76,0.9262,61.34,true
174080,3.6267,283.94,0.9280,61.42,true
174208,3.6293,284.28,0.9284,61.44,true
174336,3.6320,285.31,0.9268,61.50,true
174464,3.6347,285.41,0.9288,61.51,true
174592,3.6373,285.85,0.9203,61.53,true
174720,3.6400,287.02,0.9207,61.60,true
174848,3.6427,287.25,0.9244,61.62,true
174976,3.6453,287.76,0.9296,61.65,true
175104,3.6480,289.13,0.9357,61.73,true
175232,3.6507,289.26,0.9392,61.74,true
175360,3.6533,289.47,0.9492,61.75,true
175488,3.6560,289.46,0.9391,61.75,true
175616,3.6587,289.59,0.9292,61.76,true
175744,3.6613,290.69,0.9227,61.82,true
175872,3.6640,290.92,0.9154,61.84,true
176000,3.6667,290.94,0.9034,61.84,true
176128,3.6693,145.12,0.9044,49.80,true
176256,3.6720,145.45,0.9017,49.84,true
176384,3.6747,145.46,0.9056,49.84,true
176512,3.6773,145.42,0.9219,49.83,true
176640,3.6800,145.35,0.9278,49.82,true
176768,3.6827,145.06,0.9289,49.79,true
176896,3.6853,145.10,0.9314,49.79,true
177024,3.6880,290.60,0.9060,61.82,true
177152,3.6907,290.68,0.9038,61.82,true
177280,3.6933,290.75,0.9081,61.83,true
177408,3.6960,290.76,0.9174,61.83,true
177536,3.6987,290.95,0.9138,61.84,true
177664,3.7013,291.11,0.9140,61.85,true
177792,3.7040,292.75,0.9114,61.95,true
177920,3.7067,292.69,0.9162,61.94,true
178048,3.7093,293.01,0.9198,61.96,true
178176,3.7120,293.05,0.9250,61.96,true
178304,3.7147,292.96,0.9257,61.96,true
178432,3.7173,294.19,0.9273,62.03,true
178560,3.7200,294.37,0.9306,62.04,true
178688,3.7227,294.56,0.9367,62.05,true
178816,3.7253,294.51,0.9424,62.05,true
178944,3.7280,294.52,0.9407,62.05,true
179072,3.7307,294.57,0.9421,62.05,true
179200,3.7333,294.66,0.9389,62.06,true
179328,3.7360,294.61,0.9337,62.06,true
179456,3.7387,294.66,0.9288,62.06,true
179584,3.7413,294.51,0.9295,62.05,true
179712,3.7440,294.38,0.9301,62.04,true
179840,3.7467,294.56,0.9250,62.05,true
179968,3.7493,294.68,0.9231,62.06,true
180096,3.7520,294.76,0.9178,62.06,true
180224,3.7547,294.62,0.9157,62.06,true
180352,3.7573,294.40,0.9127,62.04,true
180480,3.7600,294.35,0.9179,62.04,true
180608,3.7627,294.10,0.9147,62.03,true
180736,3.7653,294.31,0.9131,62.04,true
180864,3.7680,292.64,0.9181,61.94,true
180992,3.7707,291.31,0.9083,61.86,true
181120,3.7733,291.28,0.9055,61.86,true
181248,3.7760,290.98,0.9091,61.84,true
181376,3.7787,291.19,0.9074,61.85,true
181504,3.7813,290.56,0.9091,61.82,true
181632,3.7840,289.31,0.9124,61.74,true
181760,3.7867,288.80,0.9218,61.71,true
181888,3.7893,287.80,0.9234,61.65,true
182016,3.7920,288.85,0.9286,61.71,true
182144,3.7947,288.73,0.9344,61.71,true
182272,3.7973,287.64,0.9339,61.64,true
182400,3.8000,286.13,0.9440,61.55,true
182528,3.8027,286.02,0.9398,61.54,true
182656,3.8053,285.69,0.9340,61.52,true
182784,3.8080,285.41,0.9208,61.51,true
182912,3.8107,284.27,0.9136,61.44,true
183040,3.8133,283.89,0.9190,61.41,true
183168,3.8160,283.92,0.9193,61.42,true
183296,3.8187,283.73,0.9280,61.40,true
183424,3.8213,282.70,0.9340,61.34,true
183552,3.8240,282.38,0.9383,61.32,true
183680,3.8267,282.34,0.9464,61.32,true
183808,3.8293,282.32,0.9530,61.32,true
183936,3.8320,282.24,0.9542,61.31,true
184064,3.8347,282.35,0.9541,61.32,true
184192,3.8373,281.01,0.9464,61.24,true
184320,3.8400,280.90,0.9413,61.23,true
184448,3.8427,280.99,0.9306,61.24,true
184576,3.8453,280.65,0.9262,61.22,true
184704,3.8480,280.76,0.9181,61.22,true
184832,3.8507,280.70,0.9145,61.22,true
184960,3.8533,280.61,0.9090,61.21,true
185088,3.8560,280.73,0.9052,61.22,true
185216,3.8587,282.01,0.9103,61.30,true
185344,3.8613,280.96,0.9166,61.23,true
185472,3.8640,280.76,0.9300,61.22,true
185600,3.8667,280.82,0.9349,61.23,true
185728,3.8693,280.75,0.9394,61.22,true
185856,3.8720,280.74,0.9406,61.22,true
185984,3.8747,280.67,0.9422,61.22,true
186112,3.8773,280.52,0.9467,61.21,true
186240,3.8800,280.40,0.9463,61.20,true
186368,3.8827,280.37,0.9427,61.20,true
186496,3.8853,279.45,0.9411,61.14,true
186624,3.8880,279.41,0.9380,61.14,true
186752,3.8907,279.15,0.9389,61.12,true
186880,3.8933,279.27,0.9376,61.13,true
187008,3.8960,279.30,0.9373,61.13,true
187136,3.8987,279.20,0.9369,61.13,true
187264,3.9013,280.35,0.9381,61.20,true
187392,3.9040,280.62,0.9366,61.21,true
187520,3.9067,280.90,0.9281,61.23,true
187648,3.9093,281.95,0.9342,61.30,true
187776,3.9120,282.57,0.9253,61.33,true
187904,3.9147,283.69,0.9243,61.40,true
188032,3.9173,284.09,0.9335,61.43,true
188160,3.9200,285.52,0.9291,61.51,true
188288,3.9227,284.41,0.9316,61.45,true
188416,3.9253,285.51,0.9355,61.51,true
188544,3.9280,285.47,0.9346,61.51,true
188672,3.9307,285.51,0.9357,61.51,true
188800,3.9333,285.71,0.9350,61.52,true
188928,3.9360,285.70,0.9388,61.52,true
189056,3.9387,285.85,0.9404,61.53,true
189184,3.9413,285.31,0.9438,61.50,true
189312,3.9440,285.57,0.9474,61.52,true
189440,3.9467,284.32,0.9476,61.44,true
189568,3.9493,284.22,0.9505,61.43,true
189696,3.9520,284.34,0.9521,61.44,true
189824,3.9547,284.01,0.9606,61.42,true
189952,3.9573,283.73,0.9595,61.40,true
190080,3.9600,283.78,0.9586,61.41,true
190208,3.9627,283.82,0.9578,61.41,true
190336,3.9653,282.75,0.9572,61.34,true
190464,3.9680,282.76,0.9585,61.34,true
190592,3.9707,282.63,0.9600,61.34,true
190720,3.9733,282.61,0.9627,61.34,true
190848,3.9760,281.06,0.9659,61.24,true
190976,3.9787,281.99,0.9671,61.30,true
191104,3.9813,281.05,0.9703,61.24,true
191232,3.9840,281.07,0.9720,61.24,true
191360,3.9867,280.79,0.9714,61.22,true
191488,3.9893,280.92,0.9668,61.23,true
191616,3.9920,280.98,0.9645,61.24,true
191744,3.9947,280.94,0.9636,61.23,true
191872,3.9973,280.98,0.9635,61.24,true
192000,4.0000,280.69,0.9617,61.22,true
192128,4.0027,280.49,0.9619,61.21,true
192256,4.0053,279.38,0.9634,61.14,true
192384,4.0080,279.46,0.9619,61.14,true
192512,4.0107,279.20,0.9683,61.13,true
192640,4.0133,279.08,0.9681,61.12,true
192768,4.0160,278.84,0.9611,61.10,true
192896,4.0187,279.01,0.9551,61.11,true
193024,4.0213,278.98,0.9413,61.11,true
193152,4.0240,278.72,0.9260,61.10,true
193280,4.0267,278.84,0.9203,61.10,true
193408,4.0293,277.83,0.9058,61.04,true
193536,4.0320,277.36,0.9050,61.01,true
193664,4.0347,277.22,0.9026,61.00,true
193792,4.0373,137.92,0.9519,48.92,true
193920,4.0400,274.41,0.9102,60.83,true
194048,4.0427,275.55,0.9163,60.90,true
194176,4.0453,275.89,0.9217,60.92,true
194304,4.0480,275.60,0.9238,60.90,true
194432,4.0507,275.74,0.9209,60.91,true
194560,4.0533,275.95,0.9054,60.92,true
194688,4.0560,138.41,0.9119,48.98,true
194816,4.0587,277.54,0.9116,61.02,true
194944,4.0613,279.05,0.9093,61.12,true
195072,4.0640,279.39,0.9135,61.14,true
195200,4.0667,280.43,0.9257,61.20,true
195328,4.0693,279.34,0.9285,61.13,true
195456,4.0720,280.41,0.9396,61.20,true
195584,4.0747,280.44,0.9514,61.20,true
195712,4.0773,280.30,0.9510,61.19,true
195840,4.0800,280.57,0.9544,61.21,true
195968,4.0827,280.56,0.9542,61.21,true
196096,4.0853,280.75,0.9531,61.22,true
196224,4.0880,282.10,0.9536,61.30,true
196352,4.0907,282.48,0.9533,61.33,true
196480,4.0933,283.64,0.9536,61.40,true
196608,4.0960,283.73,0.9546,61.40,true
196736,4.0987,284.08,0.9513,61.43,true
196864,4.1013,284.34,0.9533,61.44,true
196992,4.1040,285.95,0.9443,61.54,true
197120,4.1067,287.29,0.9410,61.62,true
197248,4.1093,287.76,0.9426,61.65,true
197376,4.1120,289.23,0.9318,61.74,true
197504,4.1147,290.64,0.9218,61.82,true
197632,4.1173,292.28,0.9199,61.92,true
197760,4.1200,292.89,0.9177,61.95,true
197888,4.1227,294.74,0.9319,62.06,true
198016,4.1253,296.23,0.9386,62.15,true
198144,4.1280,296.72,0.9353,62.18,true
198272,4.1307,298.11,0.9370,62.26,true
198400,4.1333,298.24,0.9425,62.27,true
198528,4.1360,298.58,0.9482,62.29,true
198656,4.1387,299.95,0.9489,62.37,true
198784,4.1413,300.09,0.9533,62.37,true
198912,4.1440,301.42,0.9577,62.45,true
199040,4.1467,301.55,0.9581,62.46,true
199168,4.1493,301.64,0.9610,62.46,true
199296,4.1520,301.74,0.9650,62.47,true
199424,4.1547,301.83,0.9657,62.47,true
199552,4.1573,301.66,0.9619,62.46,true
199680,4.1600,301.46,0.9633,62.45,true
199808,4.1627,300.43,0.9654,62.39,true
199936,4.1653,299.95,0.9664,62.37,true
200064,4.1680,298.59,0.9668,62.29,true
200192,4.1707,298.33,0.9670,62.27,true
200320,4.1733,297.88,0.9688,62.25,true
200448,4.1760,296.58,0.9734,62.17,true
200576,4.1787,296.49,0.9710,62.17,true
200704,4.1813,296.22,0.9672,62.15,true
200832,4.1840,295.89,0.9614,62.13,true
200960,4.1867,294.59,0.9582,62.05,true
201088,4.1893,294.04,0.9550,62.02,true
201216,4.1920,292.66,0.9508,61.94,true
201344,4.1947,291.09,0.9403,61.85,true
201472,4.1973,290.47,0.9409,61.81,true
201600,4.2000,288.74,0.9408,61.71,true
201728,4.2027,287.31,0.9465,61.62,true
201856,4.2053,285.90,0.9487,61.54,true
201984,4.2080,285.42,0.9499,61.51,true
202112,4.2107,284.11,0.9487,61.43,true
202240,4.2133,283.68,0.9482,61.40,true
202368,4.2160,282.38,0.9443,61.32,true
202496,4.2187,281.06,0.9437,61.24,true
202624,4.2213,280.32,0.9456,61.20,true
202752,4.2240,277.56,0.9433,61.02,true
202880,4.2267,276.23,0.9484,60.94,true
203008,4.2293,275.96,0.9498,60.92,true
203136,4.2320,274.43,0.9370,60.83,true
203264,4.2347,272.79,0.9374,60.72,true
203392,4.2373,271.45,0.9336,60.64,true
203520,4.2400,269.79,0.9329,60.53,true
203648,4.2427,267.98,0.9334,60.42,true
203776,4.2453,266.58,0.9256,60.32,true
203904,4.2480,265.05,0.9157,60.23,true
204032,4.2507,263.83,0.9211,60.15,true
204160,4.2533,262.60,0.9098,60.06,true
204288,4.2560,262.38,0.9128,60.05,true
204416,4.2587,262.11,0.9276,60.03,true
204544,4.2613,261.06,0.9342,59.96,true
204672,4.2640,260.83,0.9373,59.95,true
204800,4.2667,260.64,0.9334,59.93,true
204928,4.2693,260.68,0.9328,59.94,true
205056,4.2720,259.69,0.9283,59.87,true
205184,4.2747,260.60,0.9296,59.93,true
205312,4.2773,260.69,0.9260,59.94,true
205440,4.2800,260.68,0.9183,59.94,true
205568,4.2827,260.60,0.9082,59.93,true
205696,4.2853,260.55,0.9023,59.93,true
205824,4.2880,,,,false
205952,4.2907,,,,false
206080,4.2933,262.24,0.9106,60.04,true
206208,4.2960,262.24,0.9122,60.04,true
206336,4.2987,262.62,0.9157,60.07,true
206464,4.3013,263.55,0.9251,60.13,true
206592,4.3040,264.01,0.9349,60.16,true
206720,4.3067,264.98,0.9475,60.22,true
206848,4.3093,265.05,0.9576,60.23,true
206976,4.3120,265.16,0.9604,60.23,true
207104,4.3147,265.24,0.9581,60.24,true
207232,4.3173,265.31,0.9536,60.24,true
207360,4.3200,265.51,0.9523,60.26,true
207488,4.3227,266.53,0.9492,60.32,true
207616,4.3253,266.57,0.9501,60.32,true
207744,4.3280,266.70,0.9490,60.33,true
207872,4.3307,267.94,0.9457,60.41,true
208000,4.3333,269.38,0.9458,60.51,true
208128,4.3360,269.79,0.9493,60.53,true
208256,4.3387,271.17,0.9580,60.62,true
208384,4.3413,272.68,0.9592,60.72,true
208512,4.3440,273.90,0.9542,60.79,true
208640,4.3467,274.21,0.9579,60.81,true
208768,4.3493,275.49,0.9628,60.89,true
208896,4.3520,275.80,0.9627,60.91,true
209024,4.3547,277.14,0.9465,61.00,true
209152,4.3573,277.73,0.9410,61.03,true
209280,4.3600,279.05,0.9389,61.12,true
209408,4.3627,280.57,0.9347,61.21,true
209536,4.3653,281.01,0.9323,61.24,true
209664,4.3680,282.11,0.9282,61.31,true
209792,4.3707,282.48,0.9317,61.33,true
209920,4.3733,285.38,0.9281,61.50,true
210048,4.3760,285.91,0.9312,61.54,true
210176,4.3787,285.89,0.9317,61.54,true
210304,4.3813,287.21,0.9246,61.62,true
210432,4.3840,287.70,0.9182,61.64,true
210560,4.3867,288.77,0.9126,61.71,true
210688,4.3893,,,,false
210816,4.3920,,,,false
210944,4.3947,,,,false
211072,4.3973,,,,false
211200,4.4000,,,,false
211328,4.4027,,,,false
211456,4.4053,,,,false
211584,4.4080,,,,false
211712,4.4107,,,,false
211840,4.4133,,,,false
211968,4.4160,,,,false
212096,4.4187,,,,false
212224,4.4213,145.52,0.9008,49.84,true
212352,4.4240,145.41,0.9131,49.83,true
212480,4.4267,145.37,0.9223,49.83,true
212608,4.4293,145.40,0.9273,49.83,true
212736,4.4320,145.41,0.9288,49.83,true
212864,4.4347,145.12,0.9304,49.80,true
212992,4.4373,145.09,0.9298,49.79,true
213120,4.4400,145.02,0.9214,49.78,true
213248,4.4427,144.65,0.9014,49.74,true
213376,4.4453,,,,false
213504,4.4480,,,,false
213632,4.4507,,,,false
213760,4.4533,142.09,0.9193,49.43,true
213888,4.4560,141.70,0.9335,49.38,true
214016,4.4587,141.27,0.9430,49.33,true
214144,4.4613,140.81,0.9519,49.28,true
214272,4.4640,140.70,0.9499,49.26,true
214400,4.4667,282.22,0.9106,61.31,true
214528,4.4693,282.12,0.9145,61.31,true
214656,4.4720,280.48,0.9207,61.20,true
214784,4.4747,279.47,0.9268,61.14,true
214912,4.4773,278.90,0.9282,61.11,true
215040,4.4800,277.84,0.9289,61.04,true
215168,4.4827,277.77,0.9318,61.04,true
215296,4.4853,277.20,0.9208,61.00,true
215424,4.4880,274.49,0.9241,60.83,true
215552,4.4907,274.03,0.9169,60.80,true
215680,4.4933,272.70,0.9066,60.72,true
215808,4.4960,268.47,0.9208,60.45,true
215936,4.4987,267.02,0.9059,60.35,true
216064,4.5013,,,,false
216192,4.5040,,,,false
216320,4.5067,,,,false
216448,4.5093,,,,false
216576,4.5120,,,,false
216704,4.5147,,,,false
216832,4.5173,,,,false
216960,4.5200,,,,false
217088,4.5227,,,,false
217216,4.5253,,,,false
217344,4.5280,,,,false
217472,4.5307,,,,false
217600,4.5333,,,,false
217728,4.5360,,,,false
217856,4.5387,,,,false
217984,4.5413,,,,false
218112,4.5440,,,,false
218240,4.5467,,,,false
218368,4.5493,,,,false
218496,4.5520,,,,false
218624,4.5547,,,,false
218752,4.5573,,,,false
218880,4.5600,,,,false
219008,4.5627,,,,false
219136,4.5653,,,,false
219264,4.5680,,,,false
219392,4.5707,,,,false
219520,4.5733,,,,false
219648,4.5760,,,,false
219776,4.5787,258.18,0.9033,59.77,true
219904,4.5813,258.14,0.9110,59.77,true
220032,4.5840,258.07,0.9122,59.76,true
220160,4.5867,259.15,0.9114,59.84,true
220288,4.5893,259.58,0.9157,59.86,true
220416,4.5920,259.74,0.9073,59.88,true
220544,4.5947,262.04,0.9091,60.03,true
220672,4.5973,263.40,0.9160,60.12,true
220800,4.6000,263.53,0.9110,60.13,true
220928,4.6027,263.86,0.9196,60.15,true
221056,4.6053,266.38,0.9134,60.31,true
221184,4.6080,268.03,0.9139,60.42,true
221312,4.6107,268.12,0.9068,60.42,true
221440,4.6133,268.31,0.9088,60.44,true
221568,4.6160,,,,false
221696,4.6187,,,,false
221824,4.6213,,,,false
221952,4.6240,,,,false
222080,4.6267,,,,false
222208,4.6293,,,,false
222336,4.6320,,,,false
222464,4.6347,,,,false
222592,4.6373,,,,false
222720,4.6400,,,,false
222848,4.6427,,,,false
222976,4.6453,,,,false
223104,4.6480,72.92,0.9068,37.88,true
223232,4.6507,291.05,0.9137,61.85,true
223360,4.6533,290.96,0.9137,61.84,true
223488,4.6560,290.78,0.9455,61.83,true
223616,4.6587,292.30,0.9486,61.92,true
223744,4.6613,292.43,0.9547,61.93,true
223872,4.6640,292.86,0.9594,61.95,true
224000,4.6667,294.15,0.9597,62.03,true
224128,4.6693,294.43,0.9607,62.04,true
224256,4.6720,294.43,0.9627,62.05,true
224384,4.6747,294.56,0.9633,62.05,true
224512,4.6773,294.46,0.9629,62.05,true
224640,4.6800,294.35,0.9653,62.04,true
224768,4.6827,294.31,0.9640,62.04,true
224896,4.6853,294.10,0.9629,62.03,true
225024,4.6880,292.65,0.9576,61.94,true
225152,4.6907,292.32,0.9597,61.92,true
225280,4.6933,291.30,0.9583,61.86,true
225408,4.6960,290.78,0.9644,61.83,true
225536,4.6987,289.55,0.9581,61.76,true
225664,4.7013,289.20,0.9603,61.73,true
225792,4.7040,288.94,0.9594,61.72,true
225920,4.7067,287.63,0.9565,61.64,true
226048,4.7093,287.38,0.9569,61.63,true
226176,4.7120,285.72,0.9499,61.53,true
226304,4.7147,285.32,0.9463,61.50,true
226432,4.7173,283.90,0.9445,61.41,true
226560,4.7200,282.54,0.9464,61.33,true
226688,4.7227,282.05,0.9489,61.30,true
226816,4.7253,280.83,0.9557,61.23,true
226944,4.7280,280.63,0.9599,61.21,true
227072,4.7307,279.03,0.9654,61.11,true
227200,4.7333,278.70,0.9590,61.09,true
227328,4.7360,277.36,0.9575,61.01,true
227456,4.7387,276.01,0.9544,60.93,true
227584,4.7413,274.25,0.9335,60.82,true
227712,4.7440,272.76,0.9286,60.72,true
227840,4.7467,271.35,0.9305,60.63,true
227968,4.7493,269.71,0.9307,60.53,true
228096,4.7520,268.25,0.9384,60.43,true
228224,4.7547,267.02,0.9427,60.35,true
228352,4.7573,266.47,0.9386,60.32,true
228480,4.7600,264.94,0.9260,60.22,true
228608,4.7627,265.02,0.9245,60.22,true
228736,4.7653,264.86,0.9266,60.21,true
228864,4.7680,263.98,0.9247,60.16,true
228992,4.7707,263.85,0.9174,60.15,true
229120,4.7733,263.57,0.9078,60.13,true
229248,4.7760,,,,false
229376,4.7787,,,,false
229504,4.7813,,,,false
229632,4.7840,,,,false
229760,4.7867,,,,false
229888,4.7893,,,,false
230016,4.7920,,,,false
230144,4.7947,,,,false
230272,4.7973,,,,false
230400,4.8000,,,,false
230528,4.8027,132.96,0.9070,48.28,true
230656,4.8053,,,,false
230784,4.8080,,,,false
230912,4.8107,,,,false
231040,4.8133,,,,false
231168,4.8160,,,,false
231296,4.8187,,,,false
231424,4.8213,,,,false
231552,4.8240,,,,false
231680,4.8267,,,,false
231808,4.8293,,,,false
231936,4.8320,,,,false
232064,4.8347,,,,false
232192,4.8373,,,,false
232320,4.8400,,,,false
232448,4.8427,,,,false
232576,4.8453,285.47,0.9170,61.51,true
232704,4.8480,286.03,0.9173,61.54,true
232832,4.8507,287.43,0.9287,61.63,true
232960,4.8533,288.86,0.9269,61.71,true
233088,4.8560,289.28,0.9245,61.74,true
233216,4.8587,290.92,0.9105,61.84,true
233344,4.8613,292.74,0.9033,61.95,true
233472,4.8640,294.55,0.9041,62.05,true
233600,4.8667,296.39,0.9339,62.16,true
233728,4.8693,297.86,0.9326,62.25,true
233856,4.8720,298.32,0.9404,62.27,true
233984,4.8747,299.93,0.9458,62.37,true
234112,4.8773,301.55,0.9474,62.46,true
234240,4.8800,302.15,0.9494,62.49,true
234368,4.8827,302.30,0.9553,62.50,true
234496,4.8853,303.65,0.9576,62.58,true
234624,4.8880,305.33,0.9640,62.67,true
234752,4.8907,305.73,0.9700,62.70,true
234880,4.8933,305.91,0.9712,62.71,true
235008,4.8960,305.99,0.9710,62.71,true
235136,4.8987,305.84,0.9728,62.70,true
235264,4.9013,305.58,0.9659,62.69,true
235392,4.9040,305.25,0.9487,62.67,true
235520,4.9067,305.33,0.9358,62.67,true
235648,4.9093,305.67,0.9144,62.69,true
235776,4.9120,305.50,0.9126,62.68,true
235904,4.9147,304.07,0.9116,62.60,true
236032,4.9173,303.69,0.9149,62.58,true
236160,4.9200,303.61,0.9178,62.58,true
236288,4.9227,303.69,0.9254,62.58,true
236416,4.9253,303.91,0.9411,62.59,true
236544,4.9280,303.39,0.9521,62.56,true
236672,4.9307,301.92,0.9741,62.48,true
236800,4.9333,301.62,0.9747,62.46,true
236928,4.9360,301.66,0.9701,62.46,true
237056,4.9387,301.52,0.9621,62.46,true
237184,4.9413,300.33,0.9526,62.39,true
237312,4.9440,300.18,0.9411,62.38,true
237440,4.9467,299.78,0.9236,62.36,true
237568,4.9493,299.74,0.9066,62.35,true
237696,4.9520,148.96,0.9329,50.25,true
237824,4.9547,148.51,0.9222,50.20,true
237952,4.9573,148.15,0.9170,50.15,true
238080,4.9600,147.63,0.9153,50.09,true
238208,4.9627,147.27,0.9264,50.05,true
238336,4.9653,146.82,0.9236,50.00,true
238464,4.9680,,,,false
238592,4.9707,,,,false
238720,4.9733,,,,false
238848,4.9760,,,,false
238976,4.9787,,,,false
239104,4.9813,,,,false
239232,4.9840,285.97,0.9255,61.54,true
239360,4.9867,285.31,0.9261,61.50,true
239488,4.9893,283.63,0.9224,61.40,true
239616,4.9920,282.43,0.9205,61.32,true
239744,4.9947,282.32,0.9204,61.32,true
239872,4.9973,282.00,0.9196,61.30,true
240000,5.0000,280.57,0.9210,61.21,true
240128,5.0027,278.99,0.9367,61.11,true
240256,5.0053,277.54,0.9483,61.02,true
240384,5.0080,276.17,0.9515,60.94,true
240512,5.0107,275.92,0.9520,60.92,true
240640,5.0133,275.79,0.9516,60.91,true
240768,5.0160,274.56,0.9373,60.84,true
240896,5.0187,273.94,0.9250,60.80,true
241024,5.0213,272.60,0.9154,60.71,true
241152,5.0240,271.09,0.9236,60.61,true
241280,5.0267,269.83,0.9312,60.53,true
241408,5.0293,268.39,0.9268,60.44,true
241536,5.0320,268.05,0.9196,60.42,true
241664,5.0347,267.00,0.9097,60.35,true
241792,5.0373,,,,false
241920,5.0400,,,,false
242048,5.0427,,,,false
242176,5.0453,,,,false
242304,5.0480,,,,false
242432,5.0507,,,,false
242560,5.0533,,,,false
242688,5.0560,271.40,0.9034,60.63,true
242816,5.0587,272.45,0.9375,60.70,true
242944,5.0613,271.29,0.9519,60.63,true
243072,5.0640,271.08,0.9527,60.61,true
243200,5.0667,271.15,0.9509,60.62,true
243328,5.0693,271.26,0.9479,60.63,true
243456,5.0720,271.54,0.9459,60.64,true
243584,5.0747,272.98,0.9469,60.74,true
243712,5.0773,273.94,0.9429,60.80,true
243840,5.0800,274.45,0.9381,60.83,true
243968,5.0827,275.67,0.9428,60.91,true
244096,5.0853,277.07,0.9310,60.99,true
244224,5.0880,,,,false
244352,5.0907,,,,false
244480,5.0933,,,,false
244608,5.0960,,,,false
244736,5.0987,,,,false
244864,5.1013,,,,false
244992,5.1040,,,,false
245120,5.1067,298.30,0.9184,62.27,true
245248,5.1093,299.67,0.9343,62.35,true
245376,5.1120,299.90,0.9442,62.36,true
245504,5.1147,299.79,0.9530,62.36,true
245632,5.1173,299.93,0.9597,62.37,true
245760,5.1200,300.06,0.9631,62.37,true
245888,5.1227,300.24,0.9658,62.38,true
246016,5.1253,300.33,0.9674,62.39,true
246144,5.1280,300.16,0.9735,62.38,true
246272,5.1307,300.16,0.9777,62.38,true
246400,5.1333,300.12,0.9806,62.38,true
246528,5.1360,300.33,0.9799,62.39,true
246656,5.1387,300.33,0.9793,62.39,true
246784,5.1413,300.31,0.9793,62.39,true
246912,5.1440,300.16,0.9796,62.38,true
247040,5.1467,299.96,0.9805,62.37,true
247168,5.1493,299.88,0.9811,62.36,true
247296,5.1520,299.69,0.9768,62.35,true
247424,5.1547,298.57,0.9744,62.29,true
247552,5.1573,298.10,0.9748,62.26,true
247680,5.1600,297.76,0.9708,62.24,true
247808,5.1627,296.45,0.9708,62.16,true
247936,5.1653,296.10,0.9676,62.14,true
248064,5.1680,294.83,0.9633,62.07,true
248192,5.1707,294.41,0.9563,62.04,true
248320,5.1733,293.05,0.9355,61.96,true
248448,5.1760,,,,false
248576,5.1787,,,,false
248704,5.1813,,,,false
248832,5.1840,283.72,0.9160,61.40,true
248960,5.1867,280.82,0.9275,61.23,true
249088,5.1893,278.94,0.9332,61.11,true
249216,5.1920,277.22,0.9304,61.00,true
249344,5.1947,274.65,0.9131,60.84,true
249472,5.1973,,,,false
249600,5.2000,,,,false
249728,5.2027,,,,false
249856,5.2053,,,,false
249984,5.2080,,,,false
250112,5.2107,,,,false
250240,5.2133,,,,false
250368,5.2160,,,,false
250496,5.2187,,,,false
250624,5.2213,,,,false
250752,5.2240,,,,false
250880,5.2267,,,,false
251008,5.2293,,,,false
251136,5.2320,,,,false
251264,5.2347,,,,false
251392,5.2373,,,,false
251520,5.2400,,,,false
251648,5.2427,,,,false
251776,5.2453,,,,false
251904,5.2480,,,,false
252032,5.2507,,,,false
252160,5.2533,,,,false
252288,5.2560,,,,false
252416,5.2587,,,,false
252544,5.2613,,,,false
252672,5.2640,,,,false
252800,5.2667,,,,false
252928,5.2693,,,,false
253056,5.2720,,,,false
253184,5.2747,,,,false
253312,5.2773,,,,false
253440,5.2800,,,,false
253568,5.2827,,,,false
253696,5.2853,,,,false
253824,5.2880,,,,false
253952,5.2907,,,,false
254080,5.2933,,,,false
254208,5.2960,,,,false
254336,5.2987,,,,false
254464,5.3013,,,,false
254592,5.3040,,,,false
254720,5.3067,,,,false
254848,5.3093,,,,false
254976,5.3120,,,,false
255104,5.3147,,,,false
255232,5.3173,,,,false
255360,5.3200,,,,false
255488,5.3227,,,,false
255616,5.3253,,,,false
255744,5.3280,,,,false
255872,5.3307,,,,false
256000,5.3333,,,,false
256128,5.3360,,,,false
256256,5.3387,,,,false
256384,5.3413,,,,false
256512,5.3440,,,,false
256640,5.3467,,,,false
256768,5.3493,,,,false
256896,5.3520,,,,false
257024,5.3547,,,,false
257152,5.3573,,,,false
257280,5.3600,,,,false
257408,5.3627,,,,false
257536,5.3653,,,,false
257664,5.3680,,,,false
257792,5.3707,,,,false
257920,5.3733,,,,false
258048,5.3760,,,,false
258176,5.3787,,,,false
258304,5.3813,,,,false
258432,5.3840,,,,false
258560,5.3867,,,,false
258688,5.3893,,,,false
258816,5.3920,,,,false
258944,5.3947,,,,false
259072,5.3973,,,,false
259200,5.4000,,,,false
259328,5.4027,,,,false
259456,5.4053,,,,false
259584,5.4080,,,,false
259712,5.4107,,,,false
259840,5.4133,,,,false
259968,5.4160,,,,false
260096,5.4187,,,,false
260224,5.4213,,,,false
260352,5.4240,,,,false
260480,5.4267,,,,false
260608,5.4293,,,,false
260736,5.4320,,,,false
260864,5.4347,,,,false
260992,5.4373,,,,false
261120,5.4400,,,,false
261248,5.4427,,,,false
261376,5.4453,,,,false
261504,5.4480,,,,false
261632,5.4507,,,,false
261760,5.4533,,,,false
261888,5.4560,,,,false
262016,5.4587,,,,false
262144,5.4613,,,,false
262272,5.4640,,,,false
262400,5.4667,,,,false
262528,5.4693,,,,false
262656,5.4720,,,,false
262784,5.4747,,,,false
262912,5.4773,,,,false
263040,5.4800,,,,false
263168,5.4827,,,,false
263296,5.4853,,,,false
263424,5.4880,,,,false
263552,5.4907,,,,false
263680,5.4933,,,,false
263808,5.4960,,,,false
263936,5.4987,,,,false
264064,5.5013,,,,false
264192,5.5040,,,,false
264320,5.5067,,,,false
264448,5.5093,,,,false
264576,5.5120,,,,false
264704,5.5147,,,,false
264832,5.5173,,,,false
264960,5.5200,,,,false
265088,5.5227,,,,false
265216,5.5253,,,,false
265344,5.5280,,,,false
265472,5.5307,,,,false
265600,5.5333,,,,false
265728,5.5360,,,,false
265856,5.5387,,,,false
265984,5.5413,,,,false
266112,5.5440,,,,false
266240,5.5467,,,,false
266368,5.5493,,,,false
266496,5.5520,,,,false
266624,5.5547,,,,false
266752,5.5573,,,,false
266880,5.5600,,,,false
267008,5.5627,,,,false
267136,5.5653,,,,false
267264,5.5680,,,,false
267392,5.5707,,,,false
267520,5.5733,,,,false
267648,5.5760,,,,false
267776,5.5787,,,,false
267904,5.5813,,,,false
268032,5.5840,,,,false
268160,5.5867,,,,false
268288,5.5893,,,,false
268416,5.5920,,,,false
268544,5.5947,,,,false
268672,5.5973,,,,false
268800,5.6000,,,,false
268928,5.6027,,,,false
269056,5.6053,,,,false
269184,5.6080,,,,false
269312,5.6107,,,,false
269440,5.6133,,,,false
269568,5.6160,,,,false
269696,5.6187,,,,false
269824,5.6213,,,,false
269952,5.6240,,,,false
270080,5.6267,,,,false
270208,5.6293,,,,false
270336,5.6320,,,,false
270464,5.6347,,,,false
270592,5.6373,,,,false
270720,5.6400,,,,false
270848,5.6427,,,,false
270976,5.6453,,,,false
271104,5.6480,,,,false
271232,5.6507,,,,false
271360,5.6533,,,,false
271488,5.6560,,,,false
271616,5.6587,,,,false
271744,5.6613,,,,false
271872,5.6640,,,,false
272000,5.6667,,,,false
272128,5.6693,,,,false
272256,5.6720,,,,false
272384,5.6747,,,,false
272512,5.6773,,,,false
272640,5.6800,,,,false
272768,5.6827,,,,false
272896,5.6853,,,,false
273024,5.6880,,,,false
273152,5.6907,,,,false
273280,5.6933,,,,false
273408,5.6960,,,,false
273536,5.6987,,,,false
273664,5.7013,,,,false
273792,5.7040,,,,false
273920,5.7067,,,,false
274048,5.7093,,,,false
274176,5.7120,,,,false
274304,5.7147,,,,false
274432,5.7173,,,,false
274560,5.7200,,,,false
274688,5.7227,,,,false
274816,5.7253,,,,false
274944,5.7280,,,,false
275072,5.7307,,,,false
275200,5.7333,,,,false
275328,5.7360,,,,false
275456,5.7387,,,,false
275584,5.7413,,,,false
275712,5.7440,,,,false
275840,5.7467,,,,false
275968,5.7493,,,,false
276096,5.7520,,,,false
276224,5.7547,,,,false
276352,5.7573,,,,false
276480,5.7600,,,,false
276608,5.7627,,,,false
276736,5.7653,,,,false
276864,5.7680,,,,false
276992,5.7707,,,,false
277120,5.7733,,,,false
277248,5.7760,,,,false
277376,5.7787,,,,false
277504,5.7813,,,,false
277632,5.7840,,,,false
277760,5.7867,,,,false
277888,5.7893,256.63,0.9057,59.67,true
278016,5.7920,256.66,0.9170,59.67,true
278144,5.7947,256.62,0.9129,59.67,true
278272,5.7973,256.66,0.9128,59.67,true
278400,5.8000,256.56,0.9093,59.66,true
278528,5.8027,254.17,0.9044,59.50,true
278656,5.8053,,,,false
278784,5.8080,,,,false
278912,5.8107,,,,false
279040,5.8133,251.41,0.9012,59.31,true
279168,5.8160,251.27,0.9090,59.30,true
279296,5.8187,251.23,0.9107,59.30,true
279424,5.8213,251.16,0.9114,59.29,true
279552,5.8240,251.20,0.9165,59.30,true
279680,5.8267,251.14,0.9170,59.29,true
279808,5.8293,248.76,0.9186,59.13,true
279936,5.8320,248.68,0.9254,59.12,true
280064,5.8347,248.62,0.9214,59.12,true
280192,5.8373,247.69,0.9199,59.05,true
280320,5.8400,247.61,0.9288,59.05,true
280448,5.8427,248.50,0.9234,59.11,true
280576,5.8453,248.51,0.9099,59.11,true
280704,5.8480,247.71,0.9024,59.05,true
280832,5.8507,,,,false
280960,5.8533,,,,false
281088,5.8560,,,,false
281216,5.8587,,,,false
281344,5.8613,,,,false
281472,5.8640,,,,false
281600,5.8667,,,,false
281728,5.8693,,,,false
281856,5.8720,,,,false
281984,5.8747,,,,false
282112,5.8773,,,,false
282240,5.8800,,,,false
282368,5.8827,,,,false
282496,5.8853,,,,false
282624,5.8880,,,,false
282752,5.8907,,,,false
282880,5.8933,252.83,0.9067,59.41,true
283008,5.8960,252.62,0.9180,59.39,true
283136,5.8987,252.47,0.9182,59.38,true
283264,5.9013,252.41,0.9170,59.38,true
283392,5.9040,251.51,0.9279,59.32,true
283520,5.9067,251.45,0.9311,59.31,true
283648,5.9093,252.66,0.9276,59.40,true
283776,5.9120,252.77,0.9315,59.40,true
283904,5.9147,252.93,0.9315,59.42,true
284032,5.9173,255.25,0.9233,59.57,true
284160,5.9200,256.47,0.9229,59.66,true
284288,5.9227,256.62,0.9247,59.67,true
284416,5.9253,258.26,0.9259,59.78,true
284544,5.9280,259.24,0.9410,59.84,true
284672,5.9307,259.49,0.9454,59.86,true
284800,5.9333,259.67,0.9495,59.87,true
284928,5.9360,260.78,0.9539,59.94,true
285056,5.9387,261.04,0.9596,59.96,true
285184,5.9413,261.14,0.9641,59.97,true
285312,5.9440,262.20,0.9698,60.04,true
285440,5.9467,262.50,0.9692,60.06,true
285568,5.9493,263.61,0.9689,60.13,true
285696,5.9520,264.85,0.9684,60.21,true
285824,5.9547,265.34,0.9684,60.24,true
285952,5.9573,266.66,0.9682,60.33,true
286080,5.9600,267.85,0.9646,60.41,true
286208,5.9627,268.13,0.9646,60.43,true
286336,5.9653,269.49,0.9701,60.51,true
286464,5.9680,269.86,0.9711,60.54,true
286592,5.9707,270.82,0.9709,60.60,true
286720,5.9733,271.19,0.9721,60.62,true
286848,5.9760,271.51,0.9697,60.64,true
286976,5.9787,272.63,0.9696,60.71,true
287104,5.9813,273.02,0.9678,60.74,true
287232,5.9840,274.46,0.9688,60.83,true
287360,5.9867,275.73,0.9695,60.91,true
287488,5.9893,276.17,0.9723,60.94,true
287616,5.9920,277.23,0.9781,61.00,true
287744,5.9947,277.33,0.9810,61.01,true
287872,5.9973,277.36,0.9822,61.01,true
288000,6.0000,277.39,0.9836,61.01,true
288128,6.0027,277.59,0.9839,61.03,true
288256,6.0053,277.68,0.9833,61.03,true
288384,6.0080,277.71,0.9840,61.03,true
288512,6.0107,278.72,0.9838,61.10,true
288640,6.0133,278.92,0.9842,61.11,true
288768,6.0160,279.10,0.9839,61.12,true
288896,6.0187,279.31,0.9836,61.13,true
289024,6.0213,563.40,0.9034,73.28,true
289152,6.0240,563.36,0.9020,73.28,true
289280,6.0267,559.39,0.9064,73.16,true
289408,6.0293,563.32,0.9102,73.28,true
289536,6.0320,563.15,0.9214,73.27,true
289664,6.0347,559.28,0.9258,73.15,true
289792,6.0373,559.40,0.9259,73.16,true
289920,6.0400,563.27,0.9258,73.28,true
290048,6.0427,563.17,0.9315,73.27,true
290176,6.0453,558.90,0.9363,73.14,true
290304,6.0480,563.27,0.9370,73.28,true
290432,6.0507,559.73,0.9344,73.17,true
290560,6.0533,563.42,0.9291,73.28,true
290688,6.0560,563.30,0.9248,73.28,true
290816,6.0587,563.38,0.9267,73.28,true
290944,6.0613,563.21,0.9244,73.27,true
291072,6.0640,559.37,0.9150,73.16,true
291200,6.0667,559.45,0.9058,73.16,true
291328,6.0693,277.64,0.9844,61.03,true
291456,6.0720,277.66,0.9839,61.03,true
291584,6.0747,277.37,0.9853,61.01,true
291712,6.0773,277.17,0.9847,61.00,true
291840,6.0800,277.07,0.9827,60.99,true
291968,6.0827,276.19,0.9823,60.94,true
292096,6.0853,275.97,0.9819,60.92,true
292224,6.0880,275.80,0.9803,60.91,true
292352,6.0907,275.64,0.9788,60.90,true
292480,6.0933,275.52,0.9776,60.90,true
292608,6.0960,275.55,0.9770,60.90,true
292736,6.0987,275.73,0.9721,60.91,true
292864,6.1013,275.90,0.9676,60.92,true
292992,6.1040,276.05,0.9632,60.93,true
293120,6.1067,277.24,0.9641,61.00,true
293248,6.1093,278.69,0.9680,61.09,true
293376,6.1120,279.15,0.9630,61.12,true
293504,6.1147,280.44,0.9613,61.20,true
293632,6.1173,281.00,0.9505,61.24,true
293760,6.1200,282.37,0.9363,61.32,true
293888,6.1227,282.55,0.9288,61.33,true
294016,6.1253,283.70,0.9118,61.40,true
294144,6.1280,,,,false
294272,6.1307,,,,false
294400,6.1333,,,,false
294528,6.1360,145.90,0.9012,49.89,true
294656,6.1387,,,,false
294784,6.1413,,,,false
294912,6.1440,146.76,0.9063,49.99,true
295040,6.1467,146.81,0.9121,50.00,true
295168,6.1493,147.13,0.9077,50.03,true
295296,6.1520,147.21,0.9083,50.04,true
295424,6.1547,,,,false
295552,6.1573,,,,false
295680,6.1600,,,,false
295808,6.1627,,,,false
295936,6.1653,,,,false
296064,6.1680,,,,false
296192,6.1707,,,,false
296320,6.1733,,,,false
296448,6.1760,,,,false
296576,6.1787,,,,false
296704,6.1813,,,,false
296832,6.1840,,,,false
296960,6.1867,,,,false
297088,6.1893,301.44,0.9112,62.45,true
297216,6.1920,299.92,0.9293,62.36,true
297344,6.1947,300.28,0.9379,62.39,true
297472,6.1973,300.18,0.9493,62.38,true
297600,6.2000,299.82,0.9631,62.36,true
297728,6.2027,299.96,0.9653,62.37,true
297856,6.2053,300.37,0.9676,62.39,true
297984,6.2080,301.74,0.9683,62.47,true
298112,6.2107,301.73,0.9689,62.47,true
298240,6.2133,301.79,0.9716,62.47,true
298368,6.2160,301.62,0.9728,62.46,true
298496,6.2187,301.61,0.9677,62.46,true
298624,6.2213,302.10,0.9591,62.49,true
298752,6.2240,302.16,0.9489,62.49,true
298880,6.2267,303.33,0.9477,62.56,true
299008,6.2293,300.43,0.9447,62.39,true
299136,6.2320,301.43,0.9417,62.45,true
299264,6.2347,301.55,0.9420,62.46,true
299392,6.2373,300.23,0.9431,62.38,true
299520,6.2400,300.33,0.9476,62.39,true
299648,6.2427,300.27,0.9524,62.39,true
299776,6.2453,299.97,0.9584,62.37,true
299904,6.2480,299.82,0.9514,62.36,true
300032,6.2507,299.90,0.9473,62.36,true
300160,6.2533,299.58,0.9422,62.35,true
300288,6.2560,298.22,0.9369,62.27,true
300416,6.2587,297.85,0.9322,62.25,true
300544,6.2613,296.49,0.9281,62.17,true
300672,6.2640,294.80,0.9408,62.07,true
300800,6.2667,294.40,0.9488,62.04,true
300928,6.2693,294.11,0.9580,62.03,true
301056,6.2720,292.97,0.9558,61.96,true
301184,6.2747,293.12,0.9506,61.97,true
301312,6.2773,294.06,0.9426,62.02,true
301440,6.2800,294.28,0.9371,62.04,true
301568,6.2827,292.95,0.9321,61.96,true
301696,6.2853,292.78,0.9249,61.95,true
301824,6.2880,291.22,0.9143,61.86,true
301952,6.2907,,,,false
302080,6.2933,,,,false
302208,6.2960,,,,false
302336,6.2987,,,,false
302464,6.3013,,,,false
302592,6.3040,,,,false
302720,6.3067,,,,false
302848,6.3093,,,,false
302976,6.3120,,,,false
303104,6.3147,,,,false
303232,6.3173,283.89,0.9062,61.41,true
303360,6.3200,285.29,0.9118,61.50,true
303488,6.3227,285.43,0.9132,61.51,true
303616,6.3253,285.99,0.9077,61.54,true
303744,6.3280,287.09,0.9023,61.61,true
303872,6.3307,287.46,0.9047,61.63,true
304000,6.3333,287.55,0.9066,61.64,true
304128,6.3360,287.84,0.9072,61.65,true
304256,6.3387,288.81,0.9027,61.71,true
304384,6.3413,289.08,0.9044,61.73,true
304512,6.3440,289.36,0.9028,61.74,true
304640,6.3467,289.33,0.9082,61.74,true
304768,6.3493,290.71,0.9253,61.82,true
304896,6.3520,289.44,0.9200,61.75,true
305024,6.3547,289.57,0.9247,61.76,true
305152,6.3573,290.65,0.9244,61.82,true
305280,6.3600,290.59,0.9246,61.82,true
305408,6.3627,290.76,0.9281,61.83,true
305536,6.3653,290.49,0.9323,61.81,true
305664,6.3680,290.61,0.9374,61.82,true
305792,6.3707,290.89,0.9381,61.84,true
305920,6.3733,292.25,0.9411,61.92,true
306048,6.3760,292.74,0.9403,61.95,true
306176,6.3787,293.03,0.9358,61.96,true
306304,6.3813,294.41,0.9352,62.04,true
306432,6.3840,294.85,0.9310,62.07,true
306560,6.3867,297.85,0.9274,62.24,true
306688,6.3893,298.48,0.9174,62.28,true
306816,6.3920,299.80,0.9182,62.36,true
306944,6.3947,300.37,0.9186,62.39,true
307072,6.3973,301.50,0.9177,62.46,true
307200,6.4000,302.17,0.9096,62.49,true
307328,6.4027,302.31,0.9112,62.50,true
307456,6.4053,303.38,0.9094,62.56,true
307584,6.4080,303.44,0.9141,62.57,true
307712,6.4107,302.26,0.9276,62.50,true
307840,6.4133,303.40,0.9293,62.56,true
307968,6.4160,303.39,0.9343,62.56,true
308096,6.4187,303.57,0.9380,62.57,true
308224,6.4213,303.36,0.9453,62.56,true
308352,6.4240,303.49,0.9461,62.57,true
308480,6.4267,303.83,0.9556,62.59,true
308608,6.4293,303.75,0.9559,62.58,true
308736,6.4320,303.81,0.9568,62.59,true
308864,6.4347,303.43,0.9623,62.57,true
308992,6.4373,302.35,0.9649,62.50,true
309120,6.4400,303.36,0.9683,62.56,true
309248,6.4427,303.33,0.9722,62.56,true
309376,6.4453,302.05,0.9730,62.49,true
309504,6.4480,301.92,0.9735,62.48,true
309632,6.4507,301.66,0.9716,62.46,true
309760,6.4533,301.59,0.9684,62.46,true
309888,6.4560,301.63,0.9652,62.46,true
310016,6.4587,301.77,0.9599,62.47,true
310144,6.4613,301.59,0.9580,62.46,true
310272,6.4640,300.37,0.9560,62.39,true
310400,6.4667,301.49,0.9560,62.46,true
310528,6.4693,300.41,0.9583,62.39,true
310656,6.4720,301.53,0.9607,62.46,true
310784,6.4747,301.65,0.9615,62.46,true
310912,6.4773,301.48,0.9613,62.45,true
311040,6.4800,300.22,0.9625,62.38,true
311168,6.4827,299.88,0.9624,62.36,true
311296,6.4853,299.60,0.9631,62.35,true
311424,6.4880,298.57,0.9625,62.29,true
311552,6.4907,297.75,0.9611,62.24,true
311680,6.4933,296.39,0.9603,62.16,true
311808,6.4960,295.98,0.9650,62.14,true
311936,6.4987,294.69,0.9648,62.06,true
312064,6.5013,294.48,0.9653,62.05,true
312192,6.5040,294.16,0.9608,62.03,true
312320,6.5067,292.72,0.9567,61.94,true
312448,6.5093,290.88,0.9581,61.84,true
312576,6.5120,290.64,0.9538,61.82,true
312704,6.5147,289.50,0.9551,61.75,true
312832,6.5173,289.07,0.9514,61.73,true
312960,6.5200,288.83,0.9532,61.71,true
313088,6.5227,287.22,0.9496,61.62,true
313216,6.5253,287.07,0.9463,61.61,true
313344,6.5280,286.08,0.9413,61.55,true
313472,6.5307,285.77,0.9407,61.53,true
313600,6.5333,285.61,0.9377,61.52,true
313728,6.5360,284.24,0.9326,61.44,true
313856,6.5387,284.08,0.9353,61.43,true
313984,6.5413,283.77,0.9396,61.41,true
314112,6.5440,282.70,0.9365,61.34,true
314240,6.5467,282.61,0.9408,61.34,true
314368,6.5493,282.55,0.9459,61.33,true
314496,6.5520,282.41,0.9479,61.32,true
314624,6.5547,282.16,0.9577,61.31,true
314752,6.5573,282.01,0.9558,61.30,true
314880,6.5600,281.06,0.9552,61.24,true
315008,6.5627,280.95,0.9588,61.23,true
315136,6.5653,280.72,0.9555,61.22,true
315264,6.5680,280.66,0.9582,61.22,true
315392,6.5707,280.73,0.9576,61.22,true
315520,6.5733,280.58,0.9556,61.21,true
315648,6.5760,280.63,0.9533,61.21,true
315776,6.5787,280.65,0.9500,61.22,true
315904,6.5813,280.49,0.9483,61.21,true
316032,6.5840,280.51,0.9433,61.21,true
316160,6.5867,280.89,0.9475,61.23,true
316288,6.5893,281.99,0.9408,61.30,true
316416,6.5920,281.06,0.9446,61.24,true
316544,6.5947,281.96,0.9467,61.30,true
316672,6.5973,282.26,0.9451,61.31,true
316800,6.6000,282.62,0.9510,61.34,true
316928,6.6027,283.67,0.9559,61.40,true
317056,6.6053,284.09,0.9563,61.43,true
317184,6.6080,285.34,0.9622,61.50,true
317312,6.6107,285.36,0.9655,61.50,true
317440,6.6133,285.45,0.9614,61.51,true
317568,6.6160,285.89,0.9657,61.54,true
317696,6.6187,285.80,0.9625,61.53,true
317824,6.6213,285.81,0.9568,61.53,true
317952,6.6240,285.92,0.9496,61.54,true
318080,6.6267,285.75,0.9407,61.53,true
318208,6.6293,285.73,0.9293,61.53,true
318336,6.6320,285.97,0.9112,61.54,true
318464,6.6347,286.00,0.9122,61.54,true
318592,6.6373,287.07,0.9054,61.61,true
318720,6.6400,144.05,0.9006,49.67,true
318848,6.6427,,,,false
318976,6.6453,,,,false
319104,6.6480,,,,false
319232,6.6507,,,,false
319360,6.6533,,,,false
319488,6.6560,,,,false
319616,6.6587,,,,false
319744,6.6613,147.22,0.9085,50.05,true
319872,6.6640,146.86,0.9060,50.00,true
320000,6.6667,146.78,0.9143,49.99,true
320128,6.6693,292.98,0.9088,61.96,true
320256,6.6720,292.98,0.9243,61.96,true
320384,6.6747,292.71,0.9370,61.94,true
320512,6.6773,292.63,0.9405,61.94,true
320640,6.6800,292.67,0.9484,61.94,true
320768,6.6827,292.34,0.9486,61.92,true
320896,6.6853,292.39,0.9446,61.92,true
321024,6.6880,292.36,0.9506,61.92,true
321152,6.6907,291.18,0.9440,61.85,true
321280,6.6933,291.07,0.9417,61.85,true
321408,6.6960,290.95,0.9422,61.84,true
321536,6.6987,290.91,0.9407,61.84,true
321664,6.7013,290.61,0.9404,61.82,true
321792,6.7040,290.50,0.9455,61.81,true
321920,6.7067,290.69,0.9498,61.82,true
322048,6.7093,289.54,0.9498,61.75,true
322176,6.7120,289.57,0.9494,61.76,true
322304,6.7147,289.42,0.9506,61.75,true
322432,6.7173,289.27,0.9498,61.74,true
322560,6.7200,289.21,0.9462,61.74,true
322688,6.7227,289.01,0.9433,61.72,true
322816,6.7253,287.47,0.9386,61.63,true
322944,6.7280,286.09,0.9432,61.55,true
323072,6.7307,285.96,0.9437,61.54,true
323200,6.7333,285.82,0.9424,61.53,true
323328,6.7360,285.61,0.9450,61.52,true
323456,6.7387,285.30,0.9419,61.50,true
323584,6.7413,284.25,0.9477,61.44,true
323712,6.7440,283.98,0.9482,61.42,true
323840,6.7467,282.61,0.9534,61.34,true
323968,6.7493,282.21,0.9612,61.31,true
324096,6.7520,282.14,0.9646,61.31,true
324224,6.7547,282.07,0.9646,61.30,true
324352,6.7573,281.10,0.9685,61.24,true
324480,6.7600,280.92,0.9690,61.23,true
324608,6.7627,280.77,0.9687,61.22,true
324736,6.7653,280.52,0.9677,61.21,true
324864,6.7680,278.98,0.9580,61.11,true
324992,6.7707,277.63,0.9564,61.03,true
325120,6.7733,277.35,0.9555,61.01,true
325248,6.7760,276.22,0.9540,60.94,true
325376,6.7787,275.56,0.9561,60.90,true
325504,6.7813,274.61,0.9514,60.84,true
325632,6.7840,274.55,0.9474,60.83,true
325760,6.7867,274.39,0.9478,60.82,true
325888,6.7893,274.45,0.9434,60.83,true
326016,6.7920,274.41,0.9422,60.83,true
326144,6.7947,274.29,0.9414,60.82,true
326272,6.7973,274.24,0.9378,60.82,true
326400,6.8000,274.07,0.9361,60.80,true
326528,6.8027,273.01,0.9401,60.74,true
326656,6.8053,272.89,0.9443,60.73,true
326784,6.8080,273.11,0.9244,60.74,true
326912,6.8107,273.90,0.9238,60.79,true
327040,6.8133,274.07,0.9219,60.80,true
327168,6.8160,275.65,0.9122,60.90,true
327296,6.8187,277.33,0.9144,61.01,true
327424,6.8213,277.63,0.9196,61.03,true
327552,6.8240,278.87,0.9284,61.11,true
327680,6.8267,280.33,0.9434,61.20,true
327808,6.8293,280.32,0.9503,61.19,true
327936,6.8320,280.48,0.9598,61.20,true
328064,6.8347,280.63,0.9652,61.21,true
328192,6.8373,280.81,0.9696,61.23,true
328320,6.8400,280.80,0.9711,61.22,true
328448,6.8427,280.92,0.9711,61.23,true
328576,6.8453,281.05,0.9712,61.24,true
328704,6.8480,282.13,0.9719,61.31,true
328832,6.8507,282.36,0.9703,61.32,true
328960,6.8533,282.57,0.9663,61.33,true
329088,6.8560,283.85,0.9618,61.41,true
329216,6.8587,284.31,0.9565,61.44,true
329344,6.8613,285.71,0.9569,61.52,true
329472,6.8640,287.10,0.9543,61.61,true
329600,6.8667,287.27,0.9541,61.62,true
329728,6.8693,287.59,0.9529,61.64,true
329856,6.8720,288.80,0.9456,61.71,true
329984,6.8747,289.06,0.9440,61.73,true
330112,6.8773,289.34,0.9440,61.74,true
330240,6.8800,289.57,0.9359,61.76,true
330368,6.8827,290.86,0.9360,61.83,true
330496,6.8853,291.00,0.9331,61.84,true
330624,6.8880,291.26,0.9209,61.86,true
330752,6.8907,292.88,0.9066,61.95,true
330880,6.8933,146.81,0.9001,50.00,true
331008,6.8960,,,,false
331136,6.8987,,,,false
331264,6.9013,,,,false
331392,6.9040,147.72,0.9024,50.10,true
331520,6.9067,148.13,0.9126,50.15,true
331648,6.9093,296.24,0.9112,62.15,true
331776,6.9120,296.42,0.9181,62.16,true
331904,6.9147,296.58,0.9251,62.17,true
332032,6.9173,296.75,0.9272,62.18,true
332160,6.9200,298.09,0.9346,62.26,true
332288,6.9227,299.67,0.9361,62.35,true
332416,6.9253,299.87,0.9498,62.36,true
332544,6.9280,299.93,0.9524,62.37,true
332672,6.9307,300.01,0.9551,62.37,true
332800,6.9333,299.71,0.9551,62.35,true
332928,6.9360,298.31,0.9548,62.27,true
333056,6.9387,298.27,0.9594,62.27,true
333184,6.9413,298.40,0.9572,62.28,true
333312,6.9440,298.26,0.9576,62.27,true
333440,6.9467,298.18,0.9585,62.26,true
333568,6.9493,297.97,0.9609,62.25,true
333696,6.9520,298.00,0.9617,62.25,true
333824,6.9547,298.16,0.9605,62.26,true
333952,6.9573,298.31,0.9612,62.27,true
334080,6.9600,298.26,0.9622,62.27,true
334208,6.9627,297.88,0.9656,62.25,true
334336,6.9653,297.80,0.9678,62.24,true
334464,6.9680,297.69,0.9683,62.24,true
334592,6.9707,297.77,0.9669,62.24,true
334720,6.9733,297.81,0.9675,62.24,true
334848,6.9760,297.70,0.9695,62.24,true
334976,6.9787,296.66,0.9718,62.18,true
335104,6.9813,296.44,0.9728,62.16,true
335232,6.9840,296.39,0.9727,62.16,true
335360,6.9867,296.09,0.9710,62.14,true
335488,6.9893,294.83,0.9606,62.07,true
335616,6.9920,294.42,0.9534,62.04,true
335744,6.9947,293.06,0.9478,61.96,true
335872,6.9973,291.34,0.9137,61.86,true
336000,7.0000,,,,false
336128,7.0027,,,,false
336256,7.0053,,,,false
336384,7.0080,,,,false
336512,7.0107,,,,false
336640,7.0133,,,,false
336768,7.0160,,,,false
336896,7.0187,,,,false
337024,7.0213,,,,false
337152,7.0240,,,,false
337280,7.0267,284.36,0.9141,61.44,true
337408,7.0293,284.10,0.9165,61.43,true
337536,7.0320,284.00,0.9189,61.42,true
337664,7.0347,283.82,0.9220,61.41,true
337792,7.0373,283.64,0.9219,61.40,true
337920,7.0400,282.70,0.9250,61.34,true
338048,7.0427,282.55,0.9203,61.33,true
338176,7.0453,282.43,0.9173,61.32,true
338304,7.0480,282.28,0.9183,61.32,true
338432,7.0507,282.15,0.9261,61.31,true
338560,7.0533,280.72,0.9408,61.22,true
338688,7.0560,280.55,0.9400,61.21,true
338816,7.0587,279.41,0.9427,61.14,true
338944,7.0613,279.41,0.9405,61.14,true
339072,7.0640,280.36,0.9389,61.20,true
339200,7.0667,280.86,0.9337,61.23,true
339328,7.0693,280.96,0.9309,61.23,true
339456,7.0720,280.99,0.9262,61.24,true
339584,7.0747,280.88,0.9251,61.23,true
339712,7.0773,280.87,0.9256,61.23,true
339840,7.0800,280.89,0.9263,61.23,true
339968,7.0827,280.89,0.9263,61.23,true
340096,7.0853,280.97,0.9260,61.23,true
340224,7.0880,282.08,0.9150,61.30,true
340352,7.0907,282.20,0.9163,61.31,true
340480,7.0933,282.41,0.9237,61.32,true
340608,7.0960,283.70,0.9298,61.40,true
340736,7.0987,285.33,0.9325,61.50,true
340864,7.1013,285.55,0.9394,61.52,true
340992,7.1040,285.98,0.9488,61.54,true
341120,7.1067,287.28,0.9506,61.62,true
341248,7.1093,286.01,0.9496,61.54,true
341376,7.1120,286.05,0.9499,61.55,true
341504,7.1147,287.12,0.9474,61.61,true
341632,7.1173,287.37,0.9458,61.63,true
341760,7.1200,287.20,0.9433,61.61,true
341888,7.1227,287.47,0.9473,61.63,true
342016,7.1253,287.76,0.9425,61.65,true
342144,7.1280,288.76,0.9348,61.71,true
342272,7.1307,289.21,0.9253,61.74,true
342400,7.1333,289.56,0.9091,61.76,true
342528,7.1360,,,,false
342656,7.1387,,,,false
342784,7.1413,,,,false
342912,7.1440,,,,false
343040,7.1467,147.77,0.9048,50.11,true
343168,7.1493,296.00,0.9033,62.14,true
343296,7.1520,296.11,0.9097,62.14,true
343424,7.1547,296.58,0.9099,62.17,true
343552,7.1573,297.86,0.9202,62.25,true
343680,7.1600,298.15,0.9333,62.26,true
343808,7.1627,298.24,0.9418,62.27,true
343936,7.1653,298.48,0.9470,62.28,true
344064,7.1680,299.70,0.9573,62.35,true
344192,7.1707,299.79,0.9647,62.36,true
344320,7.1733,299.93,0.9728,62.37,true
344448,7.1760,299.70,0.9779,62.35,true
344576,7.1787,298.53,0.9769,62.28,true
344704,7.1813,298.25,0.9769,62.27,true
344832,7.1840,297.95,0.9762,62.25,true
344960,7.1867,297.74,0.9728,62.24,true
345088,7.1893,296.37,0.9675,62.16,true
345216,7.1920,295.98,0.9592,62.14,true
345344,7.1947,294.75,0.9528,62.06,true
345472,7.1973,294.61,0.9423,62.06,true
345600,7.2000,294.48,0.9360,62.05,true
345728,7.2027,294.14,0.9294,62.03,true
345856,7.2053,294.15,0.9236,62.03,true
345984,7.2080,294.10,0.9183,62.03,true
346112,7.2107,292.98,0.9171,61.96,true
346240,7.2133,292.85,0.9223,61.95,true
346368,7.2160,292.52,0.9263,61.93,true
346496,7.2187,292.42,0.9364,61.93,true
346624,7.2213,291.29,0.9385,61.86,true
346752,7.2240,291.04,0.9390,61.84,true
346880,7.2267,290.52,0.9439,61.81,true
347008,7.2293,289.48,0.9408,61.75,true
347136,7.2320,289.33,0.9352,61.74,true
347264,7.2347,289.10,0.9252,61.73,true
347392,7.2373,289.05,0.9187,61.73,true
347520,7.2400,289.02,0.9167,61.72,true
347648,7.2427,288.91,0.9127,61.72,true
347776,7.2453,289.35,0.9040,61.74,true
347904,7.2480,,,,false
348032,7.2507,,,,false
348160,7.2533,,,,false
348288,7.2560,,,,false
348416,7.2587,,,,false
348544,7.2613,,,,false
348672,7.2640,,,,false
348800,7.2667,279.41,0.9316,61.14,true
348928,7.2693,279.16,0.9471,61.12,true
349056,7.2720,279.06,0.9576,61.12,true
349184,7.2747,278.93,0.9604,61.11,true
349312,7.2773,278.78,0.9622,61.10,true
349440,7.2800,278.74,0.9580,61.10,true
349568,7.2827,278.70,0.9559,61.09,true
349696,7.2853,277.59,0.9503,61.03,true
349824,7.2880,276.24,0.9440,60.94,true
349952,7.2907,275.93,0.9426,60.92,true
350080,7.2933,275.57,0.9407,60.90,true
350208,7.2960,274.64,0.9306,60.84,true
350336,7.2987,274.66,0.9232,60.84,true
350464,7.3013,275.50,0.9238,60.89,true
350592,7.3040,274.67,0.9229,60.84,true
350720,7.3067,276.05,0.9161,60.93,true
350848,7.3093,277.47,0.9214,61.02,true
350976,7.3120,277.68,0.9246,61.03,true
351104,7.3147,279.27,0.9270,61.13,true
351232,7.3173,279.11,0.9314,61.12,true
351360,7.3200,280.35,0.9244,61.20,true
351488,7.3227,280.77,0.9266,61.22,true
351616,7.3253,281.09,0.9250,61.24,true
351744,7.3280,282.11,0.9186,61.30,true
351872,7.3307,282.26,0.9228,61.31,true
352000,7.3333,282.48,0.9251,61.33,true
352128,7.3360,282.70,0.9211,61.34,true
352256,7.3387,283.83,0.9274,61.41,true
352384,7.3413,284.27,0.9348,61.44,true
352512,7.3440,285.63,0.9376,61.52,true
352640,7.3467,285.90,0.9394,61.54,true
352768,7.3493,287.19,0.9356,61.61,true
352896,7.3520,287.52,0.9374,61.63,true
353024,7.3547,288.73,0.9282,61.71,true
353152,7.3573,288.78,0.9261,61.71,true
353280,7.3600,289.36,0.9294,61.74,true
353408,7.3627,289.54,0.9262,61.75,true
353536,7.3653,290.88,0.9230,61.84,true
353664,7.3680,292.43,0.9231,61.93,true
353792,7.3707,292.73,0.9152,61.94,true
353920,7.3733,293.00,0.9146,61.96,true
354048,7.3760,292.94,0.9137,61.96,true
354176,7.3787,292.95,0.9094,61.96,true
354304,7.3813,,,,false
354432,7.3840,,,,false
354560,7.3867,,,,false
354688,7.3893,294.15,0.9000,62.03,true
354816,7.3920,292.91,0.9077,61.96,true
354944,7.3947,292.84,0.9132,61.95,true
355072,7.3973,292.95,0.9225,61.96,true
355200,7.4000,292.85,0.9315,61.95,true
355328,7.4027,292.96,0.9560,61.96,true
355456,7.4053,292.62,0.9676,61.94,true
355584,7.4080,292.54,0.9674,61.93,true
355712,7.4107,292.58,0.9677,61.94,true
355840,7.4133,292.66,0.9718,61.94,true
355968,7.4160,292.55,0.9716,61.93,true
356096,7.4187,291.32,0.9675,61.86,true
356224,7.4213,292.31,0.9667,61.92,true
356352,7.4240,292.27,0.9666,61.92,true
356480,7.4267,292.31,0.9682,61.92,true
356608,7.4293,291.26,0.9689,61.86,true
356736,7.4320,291.21,0.9681,61.85,true
356864,7.4347,291.02,0.9682,61.84,true
356992,7.4373,290.85,0.9680,61.83,true
357120,7.4400,290.83,0.9693,61.83,true
357248,7.4427,290.49,0.9677,61.81,true
357376,7.4453,289.20,0.9646,61.73,true
357504,7.4480,288.80,0.9627,61.71,true
357632,7.4507,287.53,0.9619,61.63,true
357760,7.4533,287.24,0.9617,61.62,true
357888,7.4560,286.07,0.9596,61.55,true
358016,7.4587,285.60,0.9609,61.52,true
358144,7.4613,285.32,0.9610,61.50,true
358272,7.4640,284.18,0.9631,61.43,true
358400,7.4667,283.86,0.9610,61.41,true
358528,7.4693,282.58,0.9601,61.33,true
358656,7.4720,282.11,0.9619,61.31,true
358784,7.4747,282.00,0.9564,61.30,true
358912,7.4773,280.63,0.9585,61.21,true
359040,7.4800,279.40,0.9590,61.14,true
359168,7.4827,279.37,0.9577,61.14,true
359296,7.4853,279.30,0.9572,61.13,true
359424,7.4880,279.06,0.9515,61.12,true
359552,7.4907,277.62,0.9294,61.03,true
359680,7.4933,277.24,0.9235,61.00,true
359808,7.4960,277.06,0.9166,60.99,true
359936,7.4987,274.58,0.9046,60.84,true
360064,7.5013,273.03,0.9006,60.74,true
360192,7.5040,272.46,0.9160,60.70,true
360320,7.5067,272.39,0.9182,60.70,true
360448,7.5093,271.19,0.9151,60.62,true
360576,7.5120,271.53,0.9049,60.64,true
360704,7.5147,272.47,0.9037,60.70,true
360832,7.5173,,,,false
360960,7.5200,,,,false
361088,7.5227,,,,false
361216,7.5253,,,,false
361344,7.5280,135.28,0.9113,48.58,true
361472,7.5307,271.25,0.9089,60.63,true
361600,7.5333,271.12,0.9245,60.62,true
361728,7.5360,271.05,0.9307,60.61,true
361856,7.5387,271.28,0.9367,60.63,true
361984,7.5413,271.16,0.9389,60.62,true
362112,7.5440,271.11,0.9378,60.62,true
362240,7.5467,271.22,0.9439,60.62,true
362368,7.5493,271.11,0.9450,60.62,true
362496,7.5520,271.04,0.9431,60.61,true
362624,7.5547,271.15,0.9394,60.62,true
362752,7.5573,271.25,0.9307,60.63,true
362880,7.5600,271.32,0.9268,60.63,true
363008,7.5627,271.52,0.9275,60.64,true
363136,7.5653,272.64,0.9303,60.71,true
363264,7.5680,274.01,0.9255,60.80,true
363392,7.5707,274.42,0.9240,60.83,true
363520,7.5733,274.64,0.9290,60.84,true
363648,7.5760,275.62,0.9321,60.90,true
363776,7.5787,276.15,0.9222,60.94,true
363904,7.5813,279.08,0.9253,61.12,true
364032,7.5840,279.27,0.9270,61.13,true
364160,7.5867,280.47,0.9382,61.20,true
364288,7.5893,280.77,0.9431,61.22,true
364416,7.5920,280.83,0.9478,61.23,true
364544,7.5947,281.01,0.9488,61.24,true
364672,7.5973,282.31,0.9582,61.32,true
364800,7.6000,282.45,0.9611,61.33,true
364928,7.6027,282.45,0.9631,61.33,true
365056,7.6053,282.53,0.9642,61.33,true
365184,7.6080,282.70,0.9623,61.34,true
365312,7.6107,283.87,0.9562,61.41,true
365440,7.6133,284.39,0.9478,61.44,true
365568,7.6160,285.68,0.9400,61.52,true
365696,7.6187,286.08,0.9349,61.55,true
365824,7.6213,288.83,0.9299,61.71,true
365952,7.6240,289.32,0.9300,61.74,true
366080,7.6267,290.48,0.9284,61.81,true
366208,7.6293,290.98,0.9178,61.84,true
366336,7.6320,292.32,0.9106,61.92,true
366464,7.6347,292.41,0.9031,61.93,true
366592,7.6373,146.36,0.9346,49.94,true
366720,7.6400,146.72,0.9390,49.99,true
366848,7.6427,146.78,0.9450,49.99,true
366976,7.6453,146.78,0.9489,49.99,true
367104,7.6480,146.77,0.9463,49.99,true
367232,7.6507,146.87,0.9315,50.00,true
367360,7.6533,147.24,0.9036,50.05,true
367488,7.6560,,,,false
367616,7.6587,,,,false
367744,7.6613,,,,false
367872,7.6640,,,,false
368000,7.6667,,,,false
368128,7.6693,73.76,0.9014,38.08,true
368256,7.6720,73.71,0.9076,38.07,true
368384,7.6747,294.83,0.9087,62.07,true
368512,7.6773,294.16,0.9420,62.03,true
368640,7.6800,293.04,0.9487,61.96,true
368768,7.6827,294.12,0.9464,62.03,true
368896,7.6853,294.16,0.9472,62.03,true
369024,7.6880,293.13,0.9478,61.97,true
369152,7.6907,293.12,0.9451,61.97,true
369280,7.6933,294.10,0.9449,62.03,true
369408,7.6960,294.18,0.9433,62.03,true
369536,7.6987,293.11,0.9394,61.97,true
369664,7.7013,293.04,0.9320,61.96,true
369792,7.7040,292.95,0.9286,61.96,true
369920,7.7067,292.75,0.9227,61.95,true
370048,7.7093,292.53,0.9193,61.93,true
370176,7.7120,291.26,0.9167,61.86,true
370304,7.7147,290.94,0.9092,61.84,true
370432,7.7173,290.81,0.9088,61.83,true
370560,7.7200,290.55,0.9073,61.82,true
370688,7.7227,291.03,0.9064,61.84,true
370816,7.7253,290.69,0.9103,61.82,true
370944,7.7280,289.44,0.9125,61.75,true
371072,7.7307,289.45,0.9162,61.75,true
371200,7.7333,289.09,0.9220,61.73,true
371328,7.7360,289.10,0.9204,61.73,true
371456,7.7387,287.57,0.9162,61.64,true
371584,7.7413,287.15,0.9040,61.61,true
371712,7.7440,285.90,0.9160,61.54,true
371840,7.7467,285.57,0.9118,61.52,true
371968,7.7493,283.83,0.9079,61.41,true
372096,7.7520,280.79,0.9149,61.22,true
372224,7.7547,280.32,0.9221,61.19,true
372352,7.7573,277.67,0.9300,61.03,true
372480,7.7600,277.45,0.9395,61.02,true
372608,7.7627,277.32,0.9510,61.01,true
372736,7.7653,276.18,0.9642,60.94,true
372864,7.7680,276.00,0.9685,60.93,true
372992,7.7707,275.81,0.9647,60.91,true
373120,7.7733,275.59,0.9607,60.90,true
373248,7.7760,274.38,0.9586,60.82,true
373376,7.7787,273.93,0.9542,60.80,true
373504,7.7813,272.99,0.9570,60.74,true
373632,7.7840,272.74,0.9592,60.72,true
373760,7.7867,272.56,0.9610,60.71,true
373888,7.7893,272.55,0.9616,60.71,true
374016,7.7920,272.70,0.9578,60.72,true
374144,7.7947,272.82,0.9557,60.73,true
374272,7.7973,272.89,0.9502,60.73,true
374400,7.8000,273.95,0.9431,60.80,true
374528,7.8027,273.06,0.9364,60.74,true
374656,7.8053,274.08,0.9161,60.81,true
374784,7.8080,,,,false
374912,7.8107,,,,false
375040,7.8133,276.11,0.9043,60.93,true
375168,7.8160,277.17,0.9149,61.00,true
375296,7.8187,277.45,0.9319,61.02,true
375424,7.8213,278.91,0.9471,61.11,true
375552,7.8240,280.33,0.9593,61.20,true
375680,7.8267,280.33,0.9670,61.20,true
375808,7.8293,280.42,0.9742,61.20,true
375936,7.8320,280.74,0.9767,61.22,true
376064,7.8347,281.98,0.9768,61.30,true
376192,7.8373,282.20,0.9790,61.31,true
376320,7.8400,282.33,0.9812,61.32,true
376448,7.8427,282.59,0.9801,61.33,true
376576,7.8453,283.88,0.9786,61.41,true
376704,7.8480,284.19,0.9772,61.43,true
376832,7.8507,285.46,0.9768,61.51,true
376960,7.8533,285.79,0.9766,61.53,true
377088,7.8560,287.16,0.9754,61.61,true
377216,7.8587,287.59,0.9729,61.64,true
377344,7.8613,288.78,0.9708,61.71,true
377472,7.8640,289.01,0.9697,61.72,true
377600,7.8667,289.23,0.9680,61.74,true
377728,7.8693,289.38,0.9639,61.75,true
377856,7.8720,289.50,0.9599,61.75,true
377984,7.8747,290.47,0.9549,61.81,true
378112,7.8773,290.62,0.9540,61.82,true
378240,7.8800,290.80,0.9541,61.83,true
378368,7.8827,291.19,0.9537,61.85,true
378496,7.8853,292.58,0.9558,61.94,true
378624,7.8880,292.35,0.9529,61.92,true
378752,7.8907,292.24,0.9547,61.92,true
378880,7.8933,291.34,0.9572,61.86,true
379008,7.8960,292.40,0.9607,61.93,true
379136,7.8987,292.47,0.9629,61.93,true
379264,7.9013,292.45,0.9678,61.93,true
379392,7.9040,292.46,0.9676,61.93,true
379520,7.9067,292.52,0.9662,61.93,true
379648,7.9093,292.70,0.9670,61.94,true
379776,7.9120,292.86,0.9668,61.95,true
379904,7.9147,292.89,0.9656,61.95,true
380032,7.9173,292.78,0.9650,61.95,true
380160,7.9200,292.69,0.9631,61.94,true
380288,7.9227,292.73,0.9595,61.94,true
380416,7.9253,292.49,0.9544,61.93,true
380544,7.9280,292.40,0.9508,61.92,true
380672,7.9307,292.41,0.9362,61.93,true
380800,7.9333,292.26,0.9278,61.92,true
380928,7.9360,291.25,0.9210,61.86,true
381056,7.9387,291.19,0.9222,61.85,true
381184,7.9413,291.05,0.9211,61.85,true
381312,7.9440,290.78,0.9193,61.83,true
381440,7.9467,290.72,0.9139,61.83,true
381568,7.9493,289.40,0.9120,61.75,true
381696,7.9520,287.25,0.9235,61.62,true
381824,7.9547,284.36,0.9368,61.44,true
381952,7.9573,284.13,0.9394,61.43,true
382080,7.9600,283.89,0.9401,61.41,true
382208,7.9627,282.69,0.9346,61.34,true
382336,7.9653,281.11,0.9312,61.24,true
382464,7.9680,279.31,0.9389,61.13,true
382592,7.9707,278.94,0.9469,61.11,true
382720,7.9733,277.86,0.9514,61.04,true
382848,7.9760,277.60,0.9528,61.03,true
382976,7.9787,277.48,0.9582,61.02,true
383104,7.9813,277.14,0.9536,61.00,true
383232,7.9840,276.20,0.9502,60.94,true
383360,7.9867,276.10,0.9471,60.93,true
383488,7.9893,275.81,0.9366,60.91,true
383616,7.9920,274.41,0.9244,60.83,true
383744,7.9947,273.92,0.9170,60.79,true
383872,7.9973,273.01,0.9111,60.74,true
384000,8.0000,272.91,0.9065,60.73,true
384128,8.0027,135.53,0.9007,48.61,true
384256,8.0053,135.18,0.9040,48.57,true
384384,8.0080,,,,false
384512,8.0107,,,,false
384640,8.0133,,,,false
384768,8.0160,,,,false
384896,8.0187,,,,false
385024,8.0213,,,,false
385152,8.0240,,,,false
385280,8.0267,,,,false
385408,8.0293,,,,false
385536,8.0320,265.09,0.9004,60.23,true
385664,8.0347,,,,false
385792,8.0373,,,,false
385920,8.0400,,,,false
386048,8.0427,,,,false
386176,8.0453,,,,false
386304,8.0480,,,,false
386432,8.0507,,,,false
386560,8.0533,,,,false
386688,8.0560,268.24,0.9123,60.43,true
386816,8.0587,267.97,0.9156,60.41,true
386944,8.0613,268.32,0.9291,60.44,true
387072,8.0640,268.31,0.9329,60.44,true
387200,8.0667,269.37,0.9274,60.50,true
387328,8.0693,269.53,0.9303,60.52,true
387456,8.0720,269.66,0.9301,60.52,true
387584,8.0747,269.81,0.9179,60.53,true
387712,8.0773,270.92,0.9162,60.60,true
387840,8.0800,271.18,0.9153,60.62,true
387968,8.0827,271.47,0.9162,60.64,true
388096,8.0853,272.77,0.9303,60.72,true
388224,8.0880,272.87,0.9412,60.73,true
388352,8.0907,272.96,0.9471,60.73,true
388480,8.0933,273.08,0.9495,60.74,true
388608,8.0960,273.03,0.9565,60.74,true
388736,8.0987,273.97,0.9524,60.80,true
388864,8.1013,274.08,0.9545,60.81,true
388992,8.1040,274.54,0.9570,60.83,true
389120,8.1067,275.80,0.9526,60.91,true
389248,8.1093,276.13,0.9429,60.93,true
389376,8.1120,277.26,0.9447,61.00,true
389504,8.1147,277.51,0.9480,61.02,true
389632,8.1173,278.75,0.9490,61.10,true
389760,8.1200,279.11,0.9483,61.12,true
389888,8.1227,279.44,0.9450,61.14,true
390016,8.1253,281.04,0.9475,61.24,true
390144,8.1280,282.26,0.9554,61.31,true
390272,8.1307,282.36,0.9618,61.32,true
390400,8.1333,282.56,0.9641,61.33,true
390528,8.1360,283.73,0.9676,61.40,true
390656,8.1387,284.16,0.9681,61.43,true
390784,8.1413,284.42,0.9689,61.45,true
390912,8.1440,285.42,0.9669,61.51,true
391040,8.1467,285.66,0.9592,61.52,true
391168,8.1493,286.08,0.9512,61.55,true
391296,8.1520,288.88,0.9415,61.72,true
391424,8.1547,290.47,0.9373,61.81,true
391552,8.1573,290.72,0.9360,61.83,true
391680,8.1600,291.03,0.9297,61.84,true
391808,8.1627,291.21,0.9246,61.85,true
391936,8.1653,292.52,0.9177,61.93,true
392064,8.1680,294.43,0.9179,62.05,true
392192,8.1707,296.06,0.9162,62.14,true
392320,8.1733,296.59,0.9190,62.17,true
392448,8.1760,296.40,0.9287,62.16,true
392576,8.1787,296.16,0.9344,62.15,true
392704,8.1813,295.96,0.9439,62.13,true
392832,8.1840,296.07,0.9511,62.14,true
392960,8.1867,296.00,0.9541,62.14,true
393088,8.1893,295.96,0.9567,62.13,true
393216,8.1920,296.02,0.9592,62.14,true
393344,8.1947,294.86,0.9646,62.07,true
393472,8.1973,294.82,0.9634,62.07,true
393600,8.2000,294.88,0.9568,62.07,true
393728,8.2027,294.68,0.9467,62.06,true
393856,8.2053,295.88,0.9329,62.13,true
393984,8.2080,295.97,0.9253,62.14,true
394112,8.2107,294.83,0.9217,62.07,true
394240,8.2133,294.18,0.9181,62.03,true
394368,8.2160,292.94,0.9213,61.96,true
394496,8.2187,293.05,0.9217,61.96,true
394624,8.2213,293.02,0.9252,61.96,true
394752,8.2240,292.52,0.9232,61.93,true
394880,8.2267,291.17,0.9320,61.85,true
395008,8.2293,289.52,0.9354,61.75,true
395136,8.2320,289.40,0.9377,61.75,true
395264,8.2347,289.19,0.9391,61.73,true
395392,8.2373,288.78,0.9344,61.71,true
395520,8.2400,287.76,0.9368,61.65,true
395648,8.2427,287.42,0.9352,61.63,true
395776,8.2453,287.21,0.9373,61.62,true
395904,8.2480,285.68,0.9424,61.52,true
396032,8.2507,284.29,0.9390,61.44,true
396160,8.2533,282.69,0.9368,61.34,true
396288,8.2560,282.21,0.9402,61.31,true
396416,8.2587,280.98,0.9408,61.24,true
396544,8.2613,280.44,0.9453,61.20,true
396672,8.2640,280.38,0.9413,61.20,true
396800,8.2667,278.96,0.9425,61.11,true
396928,8.2693,278.74,0.9433,61.10,true
397056,8.2720,277.85,0.9454,61.04,true
397184,8.2747,278.69,0.9494,61.09,true
397312,8.2773,277.48,0.9517,61.02,true
397440,8.2800,277.17,0.9475,61.00,true
397568,8.2827,276.20,0.9474,60.94,true
397696,8.2853,275.89,0.9523,60.92,true
397824,8.2880,275.77,0.9517,60.91,true
397952,8.2907,275.55,0.9492,60.90,true
398080,8.2933,274.56,0.9468,60.84,true
398208,8.2960,274.52,0.9457,60.83,true
398336,8.2987,274.59,0.9428,60.84,true
398464,8.3013,274.67,0.9439,60.84,true
398592,8.3040,275.52,0.9444,60.90,true
398720,8.3067,274.57,0.9399,60.84,true
398848,8.3093,274.09,0.9336,60.81,true
398976,8.3120,274.09,0.9310,60.81,true
399104,8.3147,273.03,0.9282,60.74,true
399232,8.3173,272.86,0.9329,60.73,true
399360,8.3200,272.83,0.9329,60.73,true
399488,8.3227,272.80,0.9367,60.72,true
399616,8.3253,272.78,0.9428,60.72,true
399744,8.3280,273.11,0.9374,60.74,true
399872,8.3307,274.11,0.9440,60.81,true
400000,8.3333,274.16,0.9479,60.81,true
400128,8.3360,274.22,0.9518,60.81,true
400256,8.3387,274.23,0.9508,60.81,true
400384,8.3413,274.33,0.9482,60.82,true
400512,8.3440,274.42,0.9477,60.83,true
400640,8.3467,275.51,0.9433,60.90,true
400768,8.3493,275.57,0.9460,60.90,true
400896,8.3520,275.73,0.9478,60.91,true
401024,8.3547,276.04,0.9498,60.93,true
401152,8.3573,277.33,0.9557,61.01,true
401280,8.3600,277.70,0.9538,61.03,true
401408,8.3627,278.80,0.9562,61.10,true
401536,8.3653,279.14,0.9619,61.12,true
401664,8.3680,279.45,0.9618,61.14,true
401792,8.3707,280.63,0.9658,61.21,true
401920,8.3733,281.01,0.9691,61.24,true
402048,8.3760,282.10,0.9689,61.30,true
402176,8.3787,282.57,0.9708,61.33,true
402304,8.3813,283.69,0.9702,61.40,true
402432,8.3840,283.95,0.9678,61.42,true
402560,8.3867,284.10,0.9672,61.43,true
402688,8.3893,285.30,0.9646,61.50,true
402816,8.3920,285.58,0.9637,61.52,true
402944,8.3947,285.81,0.9582,61.53,true
403072,8.3973,287.19,0.9483,61.61,true
403200,8.4000,288.81,0.9387,61.71,true
403328,8.4027,289.32,0.9354,61.74,true
403456,8.4053,290.62,0.9318,61.82,true
403584,8.4080,290.80,0.9334,61.83,true
403712,8.4107,290.96,0.9269,61.84,true
403840,8.4133,291.03,0.9248,61.84,true
403968,8.4160,291.13,0.9277,61.85,true
404096,8.4187,291.24,0.9254,61.86,true
404224,8.4213,292.25,0.9236,61.92,true
404352,8.4240,292.64,0.9174,61.94,true
404480,8.4267,292.89,0.9078,61.95,true
404608,8.4293,293.03,0.9081,61.96,true
404736,8.4320,294.32,0.9170,62.04,true
404864,8.4347,294.54,0.9278,62.05,true
404992,8.4373,294.60,0.9311,62.06,true
405120,8.4400,294.45,0.9332,62.05,true
405248,8.4427,294.43,0.9349,62.05,true
405376,8.4453,294.32,0.9366,62.04,true
405504,8.4480,294.30,0.9427,62.04,true
405632,8.4507,294.22,0.9426,62.03,true
405760,8.4533,294.05,0.9385,62.02,true
405888,8.4560,293.10,0.9356,61.97,true
406016,8.4587,293.11,0.9291,61.97,true
406144,8.4613,294.09,0.9267,62.02,true
406272,8.4640,293.07,0.9301,61.96,true
406400,8.4667,293.11,0.9342,61.97,true
406528,8.4693,292.98,0.9383,61.96,true
406656,8.4720,292.79,0.9333,61.95,true
406784,8.4747,292.70,0.9364,61.94,true
406912,8.4773,292.53,0.9373,61.93,true
407040,8.4800,292.41,0.9443,61.93,true
407168,8.4827,292.25,0.9506,61.92,true
407296,8.4853,291.05,0.9487,61.84,true
407424,8.4880,290.78,0.9513,61.83,true
407552,8.4907,290.51,0.9492,61.81,true
407680,8.4933,289.55,0.9480,61.76,true
407808,8.4960,289.37,0.9484,61.74,true
407936,8.4987,289.12,0.9487,61.73,true
408064,8.5013,288.85,0.9382,61.71,true
408192,8.5040,287.70,0.9299,61.64,true
408320,8.5067,287.49,0.9204,61.63,true
408448,8.5093,285.30,0.9164,61.50,true
408576,8.5120,282.23,0.9209,61.31,true
408704,8.5147,281.06,0.9341,61.24,true
408832,8.5173,280.68,0.9511,61.22,true
408960,8.5200,279.41,0.9553,61.14,true
409088,8.5227,279.15,0.9627,61.12,true
409216,8.5253,278.95,0.9666,61.11,true
409344,8.5280,278.86,0.9650,61.10,true
409472,8.5307,278.67,0.9630,61.09,true
409600,8.5333,277.56,0.9585,61.02,true
409728,8.5360,277.29,0.9560,61.01,true
409856,8.5387,276.16,0.9502,60.94,true
409984,8.5413,275.69,0.9430,60.91,true
410112,8.5440,274.40,0.9394,60.83,true
410240,8.5467,274.00,0.9354,60.80,true
410368,8.5493,272.90,0.9413,60.73,true
410496,8.5520,272.50,0.9477,60.70,true
410624,8.5547,271.49,0.9493,60.64,true
410752,8.5573,271.17,0.9468,60.62,true
410880,8.5600,271.15,0.9459,60.62,true
411008,8.5627,271.19,0.9445,60.62,true
411136,8.5653,271.08,0.9431,60.61,true
411264,8.5680,270.92,0.9405,60.60,true
411392,8.5707,270.85,0.9396,60.60,true
411520,8.5733,270.83,0.9389,60.60,true
411648,8.5760,270.92,0.9410,60.60,true
411776,8.5787,271.00,0.9455,60.61,true
411904,8.5813,270.85,0.9451,60.60,true
412032,8.5840,271.02,0.9470,60.61,true
412160,8.5867,271.11,0.9482,60.62,true
412288,8.5893,271.34,0.9505,60.63,true
412416,8.5920,271.43,0.9516,60.64,true
412544,8.5947,271.49,0.9510,60.64,true
412672,8.5973,272.43,0.9456,60.70,true
412800,8.6000,272.73,0.9451,60.72,true
412928,8.6027,273.09,0.9485,60.74,true
413056,8.6053,274.05,0.9469,60.80,true
413184,8.6080,274.41,0.9449,60.83,true
413312,8.6107,275.57,0.9437,60.90,true
413440,8.6133,275.86,0.9463,60.92,true
413568,8.6160,276.21,0.9489,60.94,true
413696,8.6187,277.44,0.9566,61.02,true
413824,8.6213,277.67,0.9547,61.03,true
413952,8.6240,278.91,0.9550,61.11,true
414080,8.6267,279.23,0.9506,61.13,true
414208,8.6293,280.62,0.9440,61.21,true
414336,8.6320,281.06,0.9460,61.24,true
414464,8.6347,282.23,0.9505,61.31,true
414592,8.6373,282.60,0.9566,61.34,true
414720,8.6400,284.13,0.9619,61.43,true
414848,8.6427,285.39,0.9646,61.51,true
414976,8.6453,285.70,0.9668,61.52,true
415104,8.6480,285.99,0.9641,61.54,true
415232,8.6507,287.18,0.9601,61.61,true
415360,8.6533,287.65,0.9584,61.64,true
415488,8.6560,288.97,0.9562,61.72,true
415616,8.6587,289.48,0.9543,61.75,true
415744,8.6613,290.95,0.9541,61.84,true
415872,8.6640,292.33,0.9512,61.92,true
416000,8.6667,292.87,0.9514,61.95,true
416128,8.6693,294.05,0.9548,62.02,true
416256,8.6720,294.13,0.9514,62.03,true
416384,8.6747,294.33,0.9502,62.04,true
416512,8.6773,294.45,0.9502,62.05,true
416640,8.6800,294.55,0.9528,62.05,true
416768,8.6827,294.55,0.9567,62.05,true
416896,8.6853,294.55,0.9602,62.05,true
417024,8.6880,294.53,0.9637,62.05,true
417152,8.6907,294.63,0.9662,62.06,true
417280,8.6933,294.89,0.9703,62.07,true
417408,8.6960,294.82,0.9718,62.07,true
417536,8.6987,294.74,0.9733,62.06,true
417664,8.7013,294.70,0.9727,62.06,true
417792,8.7040,294.67,0.9715,62.06,true
417920,8.7067,294.53,0.9709,62.05,true
418048,8.7093,294.34,0.9698,62.04,true
418176,8.7120,294.19,0.9675,62.03,true
418304,8.7147,293.02,0.9601,61.96,true
418432,8.7173,292.79,0.9517,61.95,true
418560,8.7200,292.56,0.9505,61.93,true
418688,8.7227,292.25,0.9474,61.92,true
418816,8.7253,290.89,0.9450,61.84,true
418944,8.7280,290.47,0.9428,61.81,true
419072,8.7307,289.19,0.9425,61.73,true
419200,8.7333,289.10,0.9390,61.73,true
419328,8.7360,288.73,0.9360,61.71,true
419456,8.7387,287.38,0.9360,61.63,true
419584,8.7413,286.06,0.9397,61.55,true
419712,8.7440,285.60,0.9345,61.52,true
419840,8.7467,284.13,0.9276,61.43,true
419968,8.7493,282.72,0.9240,61.34,true
420096,8.7520,282.25,0.9240,61.31,true
420224,8.7547,282.08,0.9239,61.30,true
420352,8.7573,280.41,0.9272,61.20,true
420480,8.7600,277.85,0.9380,61.04,true
420608,8.7627,277.53,0.9479,61.02,true
420736,8.7653,277.34,0.9551,61.01,true
420864,8.7680,276.24,0.9595,60.94,true
420992,8.7707,276.05,0.9543,60.93,true
421120,8.7733,275.89,0.9443,60.92,true
421248,8.7760,275.62,0.9318,60.90,true
421376,8.7787,274.26,0.9111,60.82,true
421504,8.7813,,,,false
421632,8.7840,,,,false
421760,8.7867,,,,false
421888,8.7893,,,,false
422016,8.7920,,,,false
422144,8.7947,,,,false
422272,8.7973,,,,false
422400,8.8000,,,,false
422528,8.8027,,,,false
422656,8.8053,,,,false
422784,8.8080,,,,false
422912,8.8107,,,,false
423040,8.8133,,,,false
423168,8.8160,,,,false
423296,8.8187,,,,false
423424,8.8213,,,,false
423552,8.8240,,,,false
423680,8.8267,,,,false
423808,8.8293,,,,false
423936,8.8320,,,,false
424064,8.8347,,,,false
424192,8.8373,,,,false
424320,8.8400,,,,false
424448,8.8427,,,,false
424576,8.8453,,,,false
424704,8.8480,266.57,0.9070,60.32,true
424832,8.8507,266.85,0.9241,60.34,true
424960,8.8533,266.98,0.9555,60.35,true
425088,8.8560,267.91,0.9625,60.41,true
425216,8.8587,268.29,0.9646,60.44,true
425344,8.8613,269.33,0.9689,60.50,true
425472,8.8640,269.57,0.9655,60.52,true
425600,8.8667,269.84,0.9613,60.54,true
425728,8.8693,270.93,0.9468,60.61,true
425856,8.8720,271.44,0.9338,60.64,true
425984,8.8747,272.82,0.9225,60.73,true
426112,8.8773,274.28,0.9167,60.82,true
426240,8.8800,275.97,0.9122,60.92,true
426368,8.8827,277.68,0.9179,61.03,true
426496,8.8853,279.20,0.9276,61.13,true
426624,8.8880,280.61,0.9398,61.21,true
426752,8.8907,282.11,0.9535,61.31,true
426880,8.8933,282.48,0.9629,61.33,true
427008,8.8960,282.52,0.9664,61.33,true
427136,8.8987,283.70,0.9653,61.40,true
427264,8.9013,284.33,0.9677,61.44,true
427392,8.9040,285.36,0.9693,61.50,true
427520,8.9067,285.59,0.9682,61.52,true
427648,8.9093,285.85,0.9681,61.53,true
427776,8.9120,287.12,0.9595,61.61,true
427904,8.9147,287.82,0.9496,61.65,true
428032,8.9173,289.21,0.9441,61.74,true
428160,8.9200,290.51,0.9330,61.81,true
428288,8.9227,291.25,0.9270,61.86,true
428416,8.9253,294.05,0.9237,62.02,true
428544,8.9280,294.62,0.9226,62.06,true
428672,8.9307,296.01,0.9268,62.14,true
428800,8.9333,296.46,0.9164,62.16,true
428928,8.9360,296.58,0.9083,62.17,true
429056,8.9387,296.62,0.9064,62.17,true
429184,8.9413,296.73,0.9076,62.18,true
429312,8.9440,297.68,0.9140,62.24,true
429440,8.9467,297.68,0.9096,62.24,true
429568,8.9493,297.89,0.9107,62.25,true
429696,8.9520,298.13,0.9130,62.26,true
429824,8.9547,298.00,0.9194,62.25,true
429952,8.9573,297.99,0.9167,62.25,true
430080,8.9600,298.18,0.9133,62.26,true
430208,8.9627,298.23,0.9135,62.27,true
430336,8.9653,298.29,0.9097,62.27,true
430464,8.9680,298.23,0.9124,62.27,true
430592,8.9707,298.00,0.9031,62.25,true
430720,8.9733,148.64,0.9513,50.21,true
430848,8.9760,148.51,0.9513,50.20,true
430976,8.9787,148.16,0.9614,50.16,true
431104,8.9813,148.08,0.9661,50.15,true
431232,8.9840,147.75,0.9671,50.11,true
431360,8.9867,147.68,0.9698,50.10,true
431488,8.9893,147.64,0.9693,50.09,true
431616,8.9920,147.33,0.9687,50.06,true
431744,8.9947,294.61,0.9073,62.06,true
431872,8.9973,294.31,0.9046,62.04,true
432000,9.0000,292.99,0.9045,61.96,true
432128,9.0027,292.53,0.9017,61.93,true
432256,9.0053,145.48,0.9012,49.84,true
432384,9.0080,290.84,0.9065,61.83,true
432512,9.0107,289.47,0.9013,61.75,true
432640,9.0133,289.02,0.9009,61.72,true
432768,9.0160,286.01,0.9137,61.54,true
432896,9.0187,285.80,0.9272,61.53,true
433024,9.0213,285.48,0.9368,61.51,true
433152,9.0240,284.25,0.9464,61.44,true
433280,9.0267,283.82,0.9530,61.41,true
433408,9.0293,282.64,0.9600,61.34,true
433536,9.0320,282.35,0.9637,61.32,true
433664,9.0347,280.88,0.9600,61.23,true
433792,9.0373,279.23,0.9574,61.13,true
433920,9.0400,278.68,0.9613,61.09,true
434048,9.0427,277.37,0.9667,61.01,true
434176,9.0453,275.85,0.9701,60.92,true
434304,9.0480,274.29,0.9710,60.82,true
434432,9.0507,274.04,0.9722,60.80,true
434560,9.0533,272.82,0.9660,60.73,true
434688,9.0560,272.37,0.9574,60.70,true
434816,9.0587,271.19,0.9503,60.62,true
434944,9.0613,269.91,0.9453,60.54,true
435072,9.0640,269.64,0.9422,60.52,true
435200,9.0667,269.30,0.9395,60.50,true
435328,9.0693,268.49,0.9349,60.45,true
435456,9.0720,267.03,0.9332,60.35,true
435584,9.0747,267.78,0.9390,60.40,true
435712,9.0773,267.02,0.9461,60.35,true
435840,9.0800,267.82,0.9482,60.41,true
435968,9.0827,267.88,0.9511,60.41,true
436096,9.0853,266.93,0.9547,60.35,true
436224,9.0880,266.72,0.9525,60.33,true
436352,9.0907,266.40,0.9480,60.31,true
436480,9.0933,266.51,0.9446,60.32,true
436608,9.0960,266.45,0.9426,60.32,true
436736,9.0987,266.53,0.9492,60.32,true
436864,9.1013,266.48,0.9574,60.32,true
436992,9.1040,266.37,0.9592,60.31,true
437120,9.1067,266.44,0.9613,60.32,true
437248,9.1093,266.58,0.9648,60.32,true
437376,9.1120,266.91,0.9709,60.35,true
437504,9.1147,267.80,0.9742,60.40,true
437632,9.1173,268.29,0.9713,60.44,true
437760,9.1200,269.55,0.9656,60.52,true
437888,9.1227,269.93,0.9603,60.54,true
438016,9.1253,271.03,0.9635,60.61,true
438144,9.1280,272.50,0.9643,60.70,true
438272,9.1307,274.22,0.9690,60.81,true
438400,9.1333,275.79,0.9664,60.91,true
438528,9.1360,277.06,0.9658,60.99,true
438656,9.1387,278.78,0.9551,61.10,true
438784,9.1413,280.33,0.9514,61.20,true
438912,9.1440,280.96,0.9530,61.23,true
439040,9.1467,282.18,0.9566,61.31,true
439168,9.1493,283.78,0.9610,61.41,true
439296,9.1520,285.39,0.9698,61.51,true
439424,9.1547,285.80,0.9710,61.53,true
439552,9.1573,287.08,0.9719,61.61,true
439680,9.1600,287.27,0.9703,61.62,true
439808,9.1627,288.77,0.9611,61.71,true
439936,9.1653,289.26,0.9487,61.74,true
440064,9.1680,290.76,0.9311,61.83,true
440192,9.1707,292.41,0.9158,61.93,true
440320,9.1733,294.44,0.9001,62.05,true
440448,9.1760,296.46,0.9030,62.16,true
440576,9.1787,297.90,0.9161,62.25,true
440704,9.1813,298.22,0.9322,62.27,true
440832,9.1840,298.36,0.9366,62.27,true
440960,9.1867,298.55,0.9473,62.29,true
441088,9.1893,298.45,0.9542,62.28,true
441216,9.1920,298.27,0.9607,62.27,true
441344,9.1947,298.01,0.9672,62.25,true
441472,9.1973,297.72,0.9624,62.24,true
441600,9.2000,296.61,0.9604,62.17,true
441728,9.2027,296.61,0.9560,62.17,true
441856,9.2053,296.65,0.9558,62.17,true
441984,9.2080,296.47,0.9571,62.16,true
442112,9.2107,296.40,0.9560,62.16,true
442240,9.2133,296.44,0.9567,62.16,true
442368,9.2160,296.52,0.9512,62.17,true
442496,9.2187,296.65,0.9536,62.18,true
442624,9.2213,296.67,0.9529,62.18,true
442752,9.2240,296.72,0.9557,62.18,true
442880,9.2267,297.68,0.9564,62.24,true
443008,9.2293,296.49,0.9572,62.17,true
443136,9.2320,296.15,0.9583,62.15,true
443264,9.2347,296.01,0.9564,62.14,true
443392,9.2373,296.12,0.9561,62.14,true
443520,9.2400,296.13,0.9504,62.14,true
443648,9.2427,296.16,0.9451,62.15,true
443776,9.2453,296.01,0.9331,62.14,true
443904,9.2480,295.90,0.9243,62.13,true
444032,9.2507,294.90,0.9170,62.07,true
444160,9.2533,294.80,0.9039,62.07,true
444288,9.2560,146.88,0.9170,50.01,true
444416,9.2587,146.70,0.9256,49.98,true
444544,9.2613,146.36,0.9215,49.94,true
444672,9.2640,145.88,0.9136,49.89,true
444800,9.2667,145.08,0.9222,49.79,true
444928,9.2693,144.94,0.9218,49.78,true
445056,9.2720,144.57,0.9232,49.73,true
445184,9.2747,144.20,0.9182,49.69,true
445312,9.2773,143.67,0.9132,49.62,true
445440,9.2800,287.53,0.9010,61.63,true
445568,9.2827,287.41,0.9102,61.63,true
445696,9.2853,286.01,0.9219,61.54,true
445824,9.2880,285.62,0.9347,61.52,true
445952,9.2907,284.38,0.9431,61.44,true
446080,9.2933,284.12,0.9536,61.43,true
446208,9.2960,283.74,0.9578,61.40,true
446336,9.2987,282.39,0.9626,61.32,true
446464,9.3013,282.20,0.9666,61.31,true
446592,9.3040,282.00,0.9665,61.30,true
446720,9.3067,280.67,0.9696,61.22,true
446848,9.3093,280.30,0.9688,61.19,true
446976,9.3120,279.40,0.9733,61.14,true
447104,9.3147,279.21,0.9748,61.13,true
447232,9.3173,278.99,0.9753,61.11,true
447360,9.3200,278.91,0.9768,61.11,true
447488,9.3227,278.73,0.9774,61.10,true
447616,9.3253,277.69,0.9772,61.03,true
447744,9.3280,277.53,0.9757,61.02,true
447872,9.3307,277.28,0.9743,61.01,true
448000,9.3333,276.26,0.9736,60.94,true
448128,9.3360,276.15,0.9742,60.94,true
448256,9.3387,276.11,0.9746,60.93,true
448384,9.3413,276.20,0.9732,60.94,true
448512,9.3440,277.21,0.9721,61.00,true
448640,9.3467,277.34,0.9736,61.01,true
448768,9.3493,277.49,0.9739,61.02,true
448896,9.3520,277.54,0.9737,61.02,true
449024,9.3547,277.53,0.9738,61.02,true
449152,9.3573,277.62,0.9731,61.03,true
449280,9.3600,277.66,0.9692,61.03,true
449408,9.3627,277.74,0.9644,61.03,true
449536,9.3653,277.83,0.9619,61.04,true
449664,9.3680,278.91,0.9622,61.11,true
449792,9.3707,279.09,0.9631,61.12,true
449920,9.3733,279.28,0.9668,61.13,true
450048,9.3760,279.35,0.9674,61.13,true
450176,9.3787,280.51,0.9657,61.21,true
450304,9.3813,280.79,0.9721,61.22,true
450432,9.3840,281.03,0.9726,61.24,true
450560,9.3867,282.10,0.9748,61.30,true
450688,9.3893,282.35,0.9741,61.32,true
450816,9.3920,282.57,0.9711,61.33,true
450944,9.3947,282.73,0.9696,61.34,true
451072,9.3973,283.82,0.9682,61.41,true
451200,9.4000,284.12,0.9678,61.43,true
451328,9.4027,285.44,0.9680,61.51,true
451456,9.4053,285.86,0.9665,61.53,true
451584,9.4080,286.09,0.9671,61.55,true
451712,9.4107,287.31,0.9670,61.62,true
451840,9.4133,287.77,0.9641,61.65,true
451968,9.4160,289.17,0.9665,61.73,true
452096,9.4187,289.28,0.9675,61.74,true
452224,9.4213,289.51,0.9678,61.75,true
452352,9.4240,290.69,0.9693,61.82,true
452480,9.4267,290.91,0.9676,61.84,true
452608,9.4293,291.30,0.9623,61.86,true
452736,9.4320,292.48,0.9638,61.93,true
452864,9.4347,292.69,0.9620,61.94,true
452992,9.4373,292.91,0.9568,61.96,true
453120,9.4400,293.11,0.9537,61.97,true
453248,9.4427,294.15,0.9510,62.03,true
453376,9.4453,294.07,0.9492,62.02,true
453504,9.4480,293.00,0.9541,61.96,true
453632,9.4507,292.74,0.9611,61.95,true
453760,9.4533,292.63,0.9629,61.94,true
453888,9.4560,292.65,0.9649,61.94,true
454016,9.4587,292.61,0.9665,61.94,true
454144,9.4613,292.67,0.9695,61.94,true
454272,9.4640,292.77,0.9731,61.95,true
454400,9.4667,292.96,0.9727,61.96,true
454528,9.4693,294.03,0.9685,62.02,true
454656,9.4720,294.17,0.9663,62.03,true
454784,9.4747,294.26,0.9659,62.04,true
454912,9.4773,294.17,0.9632,62.03,true
455040,9.4800,294.11,0.9637,62.03,true
455168,9.4827,293.09,0.9602,61.97,true
455296,9.4853,292.95,0.9604,61.96,true
455424,9.4880,292.69,0.9619,61.94,true
455552,9.4907,292.36,0.9650,61.92,true
455680,9.4933,291.28,0.9665,61.86,true
455808,9.4960,290.94,0.9664,61.84,true
455936,9.4987,289.54,0.9663,61.75,true
456064,9.5013,289.11,0.9685,61.73,true
456192,9.5040,288.88,0.9674,61.72,true
456320,9.5067,287.62,0.9673,61.64,true
456448,9.5093,287.14,0.9676,61.61,true
456576,9.5120,285.58,0.9680,61.52,true
456704,9.5147,284.30,0.9709,61.44,true
456832,9.5173,283.91,0.9723,61.42,true
456960,9.5200,282.52,0.9736,61.33,true
457088,9.5227,282.13,0.9744,61.31,true
457216,9.5253,281.98,0.9751,61.30,true
457344,9.5280,280.94,0.9759,61.23,true
457472,9.5307,280.62,0.9800,61.21,true
457600,9.5333,280.58,0.9833,61.21,true
457728,9.5360,280.51,0.9846,61.21,true
457856,9.5387,280.51,0.9862,61.21,true
457984,9.5413,280.31,0.9862,61.19,true
458112,9.5440,279.30,0.9861,61.13,true
458240,9.5467,279.08,0.9866,61.12,true
458368,9.5493,278.79,0.9867,61.10,true
458496,9.5520,277.67,0.9833,61.03,true
458624,9.5547,277.20,0.9828,61.00,true
458752,9.5573,276.15,0.9844,60.94,true
458880,9.5600,275.84,0.9868,60.92,true
459008,9.5627,275.70,0.9876,60.91,true
459136,9.5653,275.63,0.9883,60.90,true
459264,9.5680,275.74,0.9881,60.91,true
459392,9.5707,275.79,0.9878,60.91,true
459520,9.5733,275.83,0.9865,60.92,true
459648,9.5760,275.89,0.9857,60.92,true
459776,9.5787,275.67,0.9826,60.91,true
459904,9.5813,275.62,0.9804,60.90,true
460032,9.5840,274.65,0.9795,60.84,true
460160,9.5867,274.66,0.9784,60.84,true
460288,9.5893,274.51,0.9780,60.83,true
460416,9.5920,274.63,0.9770,60.84,true
460544,9.5947,275.77,0.9798,60.91,true
460672,9.5973,276.01,0.9808,60.93,true
460800,9.6000,277.19,0.9847,61.00,true
460928,9.6027,277.52,0.9868,61.02,true
461056,9.6053,278.74,0.9870,61.10,true
461184,9.6080,278.83,0.9888,61.10,true
461312,9.6107,279.06,0.9908,61.12,true
461440,9.6133,280.31,0.9899,61.19,true
461568,9.6160,280.60,0.9904,61.21,true
461696,9.6187,280.80,0.9894,61.22,true
461824,9.6213,281.95,0.9877,61.30,true
461952,9.6240,282.43,0.9874,61.32,true
462080,9.6267,282.74,0.9844,61.34,true
462208,9.6293,284.01,0.9843,61.42,true
462336,9.6320,285.46,0.9823,61.51,true
462464,9.6347,286.08,0.9778,61.55,true
462592,9.6373,287.52,0.9729,61.63,true
462720,9.6400,288.92,0.9661,61.72,true
462848,9.6427,290.62,0.9599,61.82,true
462976,9.6453,292.49,0.9574,61.93,true
463104,9.6480,294.09,0.9604,62.02,true
463232,9.6507,294.76,0.9528,62.06,true
463360,9.6533,297.78,0.9235,62.24,true
463488,9.6560,299.53,0.9155,62.34,true
463616,9.6587,301.44,0.9113,62.45,true
463744,9.6613,302.33,0.9051,62.50,true
463872,9.6640,,,,false
464000,9.6667,305.27,0.9111,62.67,true
464128,9.6693,305.95,0.9228,62.71,true
464256,9.6720,307.91,0.9131,62.82,true
464384,9.6747,309.22,0.9146,62.89,true
464512,9.6773,308.18,0.9245,62.84,true
464640,9.6800,307.83,0.9289,62.82,true
464768,9.6827,308.08,0.9174,62.83,true
464896,9.6853,309.21,0.9087,62.89,true
465024,9.6880,78.15,0.9101,39.08,true
465152,9.6907,311.62,0.9081,63.03,true
465280,9.6933,311.27,0.9200,63.01,true
465408,9.6960,309.99,0.9298,62.94,true
465536,9.6987,311.90,0.9324,63.04,true
465664,9.7013,315.35,0.9367,63.23,true
465792,9.7040,315.60,0.9413,63.25,true
465920,9.7067,315.47,0.9450,63.24,true
466048,9.7093,314.07,0.9514,63.16,true
466176,9.7120,315.35,0.9496,63.23,true
466304,9.7147,315.60,0.9473,63.25,true
466432,9.7173,315.94,0.9462,63.27,true
466560,9.7200,315.87,0.9425,63.26,true
466688,9.7227,314.01,0.9393,63.16,true
466816,9.7253,313.73,0.9489,63.14,true
466944,9.7280,313.31,0.9466,63.12,true
467072,9.7307,311.60,0.9426,63.03,true
467200,9.7333,309.87,0.9464,62.93,true
467328,9.7360,307.92,0.9475,62.82,true
467456,9.7387,305.97,0.9554,62.71,true
467584,9.7413,305.67,0.9628,62.69,true
467712,9.7440,305.61,0.9657,62.69,true
467840,9.7467,304.18,0.9725,62.61,true
467968,9.7493,303.63,0.9771,62.58,true
468096,9.7520,302.30,0.9802,62.50,true
468224,9.7547,301.93,0.9818,62.48,true
468352,9.7573,301.60,0.9796,62.46,true
468480,9.7600,300.42,0.9775,62.39,true
468608,9.7627,300.23,0.9766,62.38,true
468736,9.7653,299.55,0.9768,62.34,true
468864,9.7680,297.92,0.9728,62.25,true
468992,9.7707,296.31,0.9587,62.16,true
469120,9.7733,294.56,0.9514,62.05,true
469248,9.7760,292.83,0.9446,61.95,true
469376,9.7787,290.99,0.9368,61.84,true
469504,9.7813,288.73,0.9286,61.71,true
469632,9.7840,287.03,0.9360,61.60,true
469760,9.7867,283.89,0.9437,61.41,true
469888,9.7893,281.95,0.9445,61.30,true
470016,9.7920,280.49,0.9510,61.21,true
470144,9.7947,279.24,0.9545,61.13,true
470272,9.7973,277.75,0.9646,61.04,true
470400,9.8000,275.97,0.9713,60.92,true
470528,9.8027,274.58,0.9709,60.84,true
470656,9.8053,274.11,0.9675,60.81,true
470784,9.8080,272.75,0.9617,60.72,true
470912,9.8107,271.49,0.9596,60.64,true
471040,9.8133,270.82,0.9581,60.60,true
471168,9.8160,269.29,0.9579,60.50,true
471296,9.8187,266.96,0.9655,60.35,true
471424,9.8213,266.49,0.9670,60.32,true
471552,9.8240,265.50,0.9695,60.25,true
471680,9.8267,265.20,0.9728,60.24,true
471808,9.8293,265.11,0.9741,60.23,true
471936,9.8320,265.06,0.9743,60.23,true
472064,9.8347,265.12,0.9783,60.23,true
472192,9.8373,265.22,0.9804,60.24,true
472320,9.8400,265.34,0.9819,60.24,true
472448,9.8427,266.41,0.9817,60.31,true
472576,9.8453,266.57,0.9806,60.32,true
472704,9.8480,266.68,0.9785,60.33,true
472832,9.8507,266.75,0.9755,60.34,true
472960,9.8533,267.83,0.9724,60.41,true
473088,9.8560,268.06,0.9731,60.42,true
473216,9.8587,268.36,0.9724,60.44,true
473344,9.8613,269.33,0.9698,60.50,true
473472,9.8640,269.58,0.9684,60.52,true
473600,9.8667,269.87,0.9661,60.54,true
473728,9.8693,271.23,0.9706,60.62,true
473856,9.8720,271.29,0.9745,60.63,true
473984,9.8747,272.39,0.9708,60.70,true
474112,9.8773,273.03,0.9664,60.74,true
474240,9.8800,274.12,0.9665,60.81,true
474368,9.8827,275.56,0.9588,60.90,true
474496,9.8853,277.12,0.9485,61.00,true
474624,9.8880,278.86,0.9289,61.10,true
474752,9.8907,280.57,0.9112,61.21,true
474880,9.8933,,,,false
475008,9.8960,,,,false
475136,9.8987,,,,false
475264,9.9013,,,,false
475392,9.9040,,,,false
475520,9.9067,,,,false
475648,9.9093,,,,false
475776,9.9120,,,,false
475904,9.9147,287.77,0.9137,61.65,true
476032,9.9173,,,,false
476160,9.9200,,,,false
476288,9.9227,,,,false
476416,9.9253,,,,false
476544,9.9280,,,,false
476672,9.9307,,,,false
476800,9.9333,,,,false
476928,9.9360,,,,false
477056,9.9387,,,,false
477184,9.9413,,,,false
477312,9.9440,,,,false
477440,9.9467,,,,false
477568,9.9493,309.43,0.9057,62.91,true
477696,9.9520,154.84,0.9068,50.92,true
477824,9.9547,,,,false
477952,9.9573,,,,false
478080,9.9600,,,,false
478208,9.9627,62.00,0.9033,35.07,true
478336,9.9653,,,,false
478464,9.9680,,,,false
478592,9.9707,61.68,0.9085,34.99,true
478720,9.9733,61.60,0.9170,34.96,true
478848,9.9760,154.38,0.9020,50.87,true
478976,9.9787,153.84,0.9396,50.81,true
479104,9.9813,307.42,0.9123,62.79,true
479232,9.9840,307.47,0.9043,62.80,true
479360,9.9867,153.36,0.9359,50.75,true
479488,9.9893,153.39,0.9400,50.76,true
479616,9.9920,152.94,0.9186,50.71,true
479744,9.9947,,,,false
479872,9.9973,,,,false
480000,10.0000,,,,false
480128,10.0027,151.04,0.9015,50.49,true
480256,10.0053,150.93,0.9017,50.48,true
480384,10.0080,,,,false
480512,10.0107,,,,false
480640,10.0133,,,,false
480768,10.0160,,,,false
480896,10.0187,,,,false
481024,10.0213,,,,false
481152,10.0240,,,,false
481280,10.0267,,,,false
481408,10.0293,,,,false
481536,10.0320,,,,false
481664,10.0347,,,,false
481792,10.0373,145.41,0.9112,49.83,true
481920,10.0400,144.94,0.9237,49.78,true
482048,10.0427,,,,false
482176,10.0453,,,,false
482304,10.0480,,,,false
482432,10.0507,,,,false
482560,10.0533,,,,false
482688,10.0560,140.78,0.9023,49.27,true
482816,10.0587,140.69,0.9200,49.26,true
482944,10.0613,280.49,0.9215,61.21,true
483072,10.0640,278.87,0.9407,61.10,true
483200,10.0667,278.97,0.9515,61.11,true
483328,10.0693,278.90,0.9571,61.11,true
483456,10.0720,277.58,0.9684,61.02,true
483584,10.0747,277.31,0.9729,61.01,true
483712,10.0773,277.22,0.9741,61.00,true
483840,10.0800,276.07,0.9796,60.93,true
483968,10.0827,275.52,0.9825,60.90,true
484096,10.0853,274.51,0.9777,60.83,true
484224,10.0880,274.19,0.9754,60.81,true
484352,10.0907,273.07,0.9742,60.74,true
484480,10.0933,272.76,0.9732,60.72,true
484608,10.0960,272.59,0.9725,60.71,true
484736,10.0987,271.49,0.9731,60.64,true
484864,10.1013,271.32,0.9751,60.63,true
484992,10.1040,271.48,0.9731,60.64,true
485120,10.1067,271.57,0.9757,60.65,true
485248,10.1093,272.37,0.9768,60.70,true
485376,10.1120,272.37,0.9731,60.70,true
485504,10.1147,272.62,0.9730,60.71,true
485632,10.1173,272.75,0.9736,60.72,true
485760,10.1200,272.98,0.9751,60.74,true
485888,10.1227,273.98,0.9758,60.80,true
486016,10.1253,274.06,0.9774,60.80,true
486144,10.1280,274.31,0.9786,60.82,true
486272,10.1307,274.63,0.9789,60.84,true
486400,10.1333,275.82,0.9848,60.91,true
486528,10.1360,275.95,0.9853,60.92,true
486656,10.1387,275.96,0.9846,60.92,true
486784,10.1413,276.17,0.9842,60.94,true
486912,10.1440,277.28,0.9829,61.01,true
487040,10.1467,277.49,0.9835,61.02,true
487168,10.1493,277.63,0.9820,61.03,true
487296,10.1520,278.70,0.9789,61.09,true
487424,10.1547,278.94,0.9789,61.11,true
487552,10.1573,279.05,0.9809,61.12,true
487680,10.1600,279.19,0.9837,61.13,true
487808,10.1627,279.37,0.9854,61.14,true
487936,10.1653,280.44,0.9854,61.20,true
488064,10.1680,280.54,0.9871,61.21,true
488192,10.1707,280.59,0.9880,61.21,true
488320,10.1733,280.70,0.9877,61.22,true
488448,10.1760,280.89,0.9883,61.23,true
488576,10.1787,282.07,0.9867,61.30,true
488704,10.1813,282.40,0.9858,61.32,true
488832,10.1840,283.68,0.9843,61.40,true
488960,10.1867,283.90,0.9834,61.41,true
489088,10.1893,284.34,0.9813,61.44,true
489216,10.1920,285.50,0.9807,61.51,true
489344,10.1947,285.88,0.9797,61.53,true
489472,10.1973,287.46,0.9766,61.63,true
489600,10.2000,288.79,0.9749,61.71,true
489728,10.2027,289.04,0.9749,61.73,true
489856,10.2053,289.41,0.9733,61.75,true
489984,10.2080,291.03,0.9709,61.84,true
490112,10.2107,292.49,0.9675,61.93,true
490240,10.2133,292.92,0.9641,61.96,true
490368,10.2160,294.07,0.9578,62.02,true
490496,10.2187,294.25,0.9532,62.03,true
490624,10.2213,294.63,0.9513,62.06,true
490752,10.2240,294.72,0.9521,62.06,true
490880,10.2267,294.89,0.9549,62.07,true
491008,10.2293,294.82,0.9592,62.07,true
491136,10.2320,295.92,0.9656,62.13,true
491264,10.2347,295.85,0.9698,62.13,true
491392,10.2373,294.65,0.9725,62.06,true
491520,10.2400,294.16,0.9690,62.03,true
491648,10.2427,292.86,0.9696,61.95,true
491776,10.2453,292.72,0.9694,61.94,true
491904,10.2480,292.55,0.9712,61.93,true
492032,10.2507,292.46,0.9703,61.93,true
492160,10.2533,291.28,0.9707,61.86,true
492288,10.2560,290.99,0.9753,61.84,true
492416,10.2587,290.67,0.9736,61.82,true
492544,10.2613,290.47,0.9690,61.81,true
492672,10.2640,289.28,0.9690,61.74,true
492800,10.2667,287.85,0.9667,61.65,true
492928,10.2693,287.19,0.9696,61.61,true
493056,10.2720,285.62,0.9735,61.52,true
493184,10.2747,284.34,0.9758,61.44,true
493312,10.2773,284.12,0.9793,61.43,true
493440,10.2800,283.72,0.9806,61.40,true
493568,10.2827,282.55,0.9825,61.33,true
493696,10.2853,282.29,0.9840,61.32,true
493824,10.2880,281.97,0.9836,61.30,true
493952,10.2907,280.96,0.9848,61.23,true
494080,10.2933,280.74,0.9872,61.22,true
494208,10.2960,280.73,0.9885,61.22,true
494336,10.2987,280.62,0.9896,61.21,true
494464,10.3013,280.40,0.9898,61.20,true
494592,10.3040,279.41,0.9909,61.14,true
494720,10.3067,279.33,0.9909,61.13,true
494848,10.3093,279.17,0.9903,61.12,true
494976,10.3120,278.88,0.9896,61.11,true
495104,10.3147,277.77,0.9872,61.04,true
495232,10.3173,277.48,0.9871,61.02,true
495360,10.3200,277.11,0.9859,61.00,true
495488,10.3227,275.97,0.9868,60.92,true
495616,10.3253,275.65,0.9873,60.90,true
495744,10.3280,274.65,0.9880,60.84,true
495872,10.3307,274.35,0.9903,60.82,true
496000,10.3333,274.01,0.9890,60.80,true
496128,10.3360,273.08,0.9851,60.74,true
496256,10.3387,272.84,0.9817,60.73,true
496384,10.3413,272.65,0.9786,60.71,true
496512,10.3440,272.48,0.9762,60.70,true
496640,10.3467,271.52,0.9751,60.64,true
496768,10.3493,271.29,0.9759,60.63,true
496896,10.3520,271.25,0.9780,60.63,true
497024,10.3547,271.28,0.9782,60.63,true
497152,10.3573,271.33,0.9817,60.63,true
497280,10.3600,271.44,0.9829,60.64,true
497408,10.3627,271.56,0.9838,60.65,true
497536,10.3653,272.35,0.9845,60.70,true
497664,10.3680,272.36,0.9854,60.70,true
497792,10.3707,272.43,0.9858,60.70,true
497920,10.3733,271.51,0.9839,60.64,true
498048,10.3760,271.55,0.9829,60.64,true
498176,10.3787,271.53,0.9814,60.64,true
498304,10.3813,272.44,0.9824,60.70,true
498432,10.3840,272.57,0.9823,60.71,true
498560,10.3867,272.64,0.9827,60.71,true
498688,10.3893,272.67,0.9824,60.72,true
498816,10.3920,272.82,0.9807,60.73,true
498944,10.3947,273.04,0.9818,60.74,true
499072,10.3973,274.00,0.9833,60.80,true
499200,10.4000,274.23,0.9839,60.81,true
499328,10.4027,274.48,0.9816,60.83,true
499456,10.4053,274.58,0.9783,60.84,true
499584,10.4080,275.64,0.9784,60.90,true
499712,10.4107,276.14,0.9808,60.94,true
499840,10.4133,277.22,0.9816,61.00,true
499968,10.4160,277.43,0.9843,61.02,true
500096,10.4187,277.71,0.9852,61.03,true
500224,10.4213,278.82,0.9864,61.10,true
500352,10.4240,278.98,0.9879,61.11,true
500480,10.4267,279.10,0.9907,61.12,true
500608,10.4293,279.35,0.9905,61.13,true
500736,10.4320,279.45,0.9907,61.14,true
500864,10.4347,280.42,0.9916,61.20,true
500992,10.4373,280.54,0.9928,61.21,true
501120,10.4400,280.73,0.9931,61.22,true
501248,10.4427,280.96,0.9928,61.23,true
501376,10.4453,281.98,0.9927,61.30,true
501504,10.4480,282.16,0.9937,61.31,true
501632,10.4507,282.35,0.9939,61.32,true
501760,10.4533,282.69,0.9938,61.34,true
501888,10.4560,283.75,0.9942,61.41,true
502016,10.4587,283.89,0.9948,61.41,true
502144,10.4613,284.06,0.9940,61.42,true
502272,10.4640,284.22,0.9926,61.43,true
502400,10.4667,284.37,0.9904,61.44,true
502528,10.4693,285.30,0.9887,61.50,true
502656,10.4720,284.37,0.9877,61.44,true
502784,10.4747,284.17,0.9865,61.43,true
502912,10.4773,284.05,0.9869,61.42,true
503040,10.4800,283.95,0.9858,61.42,true
503168,10.4827,284.03,0.9832,61.42,true
503296,10.4853,284.13,0.9812,61.43,true
503424,10.4880,284.34,0.9792,61.44,true
503552,10.4907,285.33,0.9786,61.50,true
503680,10.4933,285.46,0.9792,61.51,true
503808,10.4960,285.69,0.9800,61.52,true
503936,10.4987,285.94,0.9777,61.54,true
504064,10.5013,287.17,0.9735,61.61,true
504192,10.5040,287.35,0.9675,61.62,true
504320,10.5067,287.48,0.9618,61.63,true
504448,10.5093,287.42,0.9548,61.63,true
504576,10.5120,287.29,0.9512,61.62,true
504704,10.5147,287.50,0.9462,61.63,true
504832,10.5173,288.96,0.9343,61.72,true
504960,10.5200,289.48,0.9267,61.75,true
505088,10.5227,289.35,0.9227,61.74,true
505216,10.5253,288.91,0.9350,61.72,true
505344,10.5280,287.36,0.9379,61.62,true
505472,10.5307,285.93,0.9477,61.54,true
505600,10.5333,285.91,0.9480,61.54,true
505728,10.5360,285.88,0.9495,61.54,true
505856,10.5387,285.83,0.9564,61.53,true
505984,10.5413,285.31,0.9631,61.50,true
506112,10.5440,284.10,0.9728,61.43,true
506240,10.5467,283.98,0.9753,61.42,true
506368,10.5493,284.03,0.9778,61.42,true
506496,10.5520,284.02,0.9793,61.42,true
506624,10.5547,283.88,0.9821,61.41,true
506752,10.5573,283.74,0.9844,61.41,true
506880,10.5600,283.76,0.9868,61.41,true
507008,10.5627,283.83,0.9870,61.41,true
507136,10.5653,283.99,0.9875,61.42,true
507264,10.5680,283.98,0.9872,61.42,true
507392,10.5707,283.87,0.9862,61.41,true
507520,10.5733,283.74,0.9867,61.40,true
507648,10.5760,282.76,0.9878,61.34,true
507776,10.5787,282.61,0.9902,61.34,true
507904,10.5813,282.46,0.9919,61.33,true
508032,10.5840,282.52,0.9925,61.33,true
508160,10.5867,282.49,0.9933,61.33,true
508288,10.5893,282.50,0.9944,61.33,true
508416,10.5920,282.60,0.9944,61.34,true
508544,10.5947,282.65,0.9933,61.34,true
508672,10.5973,283.60,0.9925,61.40,true
508800,10.6000,282.76,0.9924,61.35,true
508928,10.6027,283.66,0.9930,61.40,true
509056,10.6053,283.64,0.9930,61.40,true
509184,10.6080,283.70,0.9934,61.40,true
509312,10.6107,283.78,0.9938,61.41,true
509440,10.6133,283.79,0.9941,61.41,true
509568,10.6160,283.82,0.9946,61.41,true
509696,10.6187,283.88,0.9949,61.41,true
509824,10.6213,283.98,0.9950,61.42,true
509952,10.6240,284.05,0.9944,61.42,true
510080,10.6267,284.13,0.9937,61.43,true
510208,10.6293,284.32,0.9922,61.44,true
510336,10.6320,285.47,0.9891,61.51,true
510464,10.6347,285.88,0.9770,61.54,true
510592,10.6373,287.12,0.9565,61.61,true
510720,10.6400,287.57,0.9091,61.64,true
510848,10.6427,,,,false
510976,10.6453,,,,false
511104,10.6480,,,,false
511232,10.6507,,,,false
511360,10.6533,,,,false
511488,10.6560,,,,false
511616,10.6587,,,,false
511744,10.6613,,,,false
511872,10.6640,,,,false
512000,10.6667,,,,false
512128,10.6693,,,,false
512256,10.6720,79.74,0.9053,39.43,true
512384,10.6747,,,,false
512512,10.6773,,,,false
512640,10.6800,,,,false
512768,10.6827,,,,false
512896,10.6853,,,,false
513024,10.6880,,,,false
513152,10.6907,,,,false
513280,10.6933,309.44,0.9311,62.91,true
513408,10.6960,307.79,0.9465,62.81,true
513536,10.6987,307.92,0.9496,62.82,true
513664,10.7013,307.99,0.9501,62.82,true
513792,10.7040,307.91,0.9573,62.82,true
513920,10.7067,307.72,0.9656,62.81,true
514048,10.7093,307.56,0.9697,62.80,true
514176,10.7120,307.49,0.9748,62.80,true
514304,10.7147,307.58,0.9779,62.80,true
514432,10.7173,307.74,0.9796,62.81,true
514560,10.7200,307.72,0.9817,62.81,true
514688,10.7227,307.64,0.9842,62.80,true
514816,10.7253,307.60,0.9876,62.80,true
514944,10.7280,307.61,0.9894,62.80,true
515072,10.7307,307.71,0.9912,62.81,true
515200,10.7333,307.88,0.9913,62.82,true
515328,10.7360,308.04,0.9915,62.83,true
515456,10.7387,309.29,0.9912,62.90,true
515584,10.7413,309.47,0.9898,62.91,true
515712,10.7440,309.67,0.9905,62.92,true
515840,10.7467,309.62,0.9903,62.92,true
515968,10.7493,309.55,0.9906,62.91,true
516096,10.7520,309.55,0.9913,62.91,true
516224,10.7547,309.46,0.9919,62.91,true
516352,10.7573,309.27,0.9905,62.90,true
516480,10.7600,307.88,0.9893,62.82,true
516608,10.7627,307.50,0.9889,62.80,true
516736,10.7653,305.91,0.9883,62.71,true
516864,10.7680,305.32,0.9847,62.67,true
516992,10.7707,303.66,0.9795,62.58,true
517120,10.7733,301.95,0.9758,62.48,true
517248,10.7760,300.38,0.9737,62.39,true
517376,10.7787,299.53,0.9701,62.34,true
517504,10.7813,297.68,0.9604,62.24,true
517632,10.7840,295.90,0.9483,62.13,true
517760,10.7867,293.05,0.9413,61.96,true
517888,10.7893,290.87,0.9366,61.83,true
518016,10.7920,287.54,0.9367,61.64,true
518144,10.7947,285.45,0.9438,61.51,true
518272,10.7973,283.75,0.9569,61.41,true
518400,10.8000,280.94,0.9654,61.23,true
518528,10.8027,279.26,0.9623,61.13,true
518656,10.8053,278.89,0.9665,61.11,true
518784,10.8080,278.67,0.9703,61.09,true
518912,10.8107,277.35,0.9724,61.01,true
519040,10.8133,275.69,0.9635,60.91,true
519168,10.8160,274.12,0.9577,60.81,true
519296,10.8187,272.70,0.9512,60.72,true
519424,10.8213,271.27,0.9356,60.63,true
519552,10.8240,269.91,0.9187,60.54,true
519680,10.8267,268.00,0.9063,60.42,true
519808,10.8293,265.32,0.9113,60.24,true
519936,10.8320,262.33,0.9370,60.05,true
520064,10.8347,261.08,0.9480,59.96,true
520192,10.8373,260.93,0.9528,59.95,true
520320,10.8400,259.81,0.9524,59.88,true
520448,10.8427,259.55,0.9560,59.86,true
520576,10.8453,259.46,0.9636,59.86,true
520704,10.8480,259.29,0.9665,59.84,true
520832,10.8507,259.13,0.9640,59.83,true
520960,10.8533,258.21,0.9639,59.77,true
521088,10.8560,258.12,0.9645,59.77,true
521216,10.8587,257.79,0.9651,59.74,true
521344,10.8613,257.79,0.9642,59.74,true
521472,10.8640,256.94,0.9622,59.69,true
521600,10.8667,256.71,0.9604,59.67,true
521728,10.8693,256.69,0.9587,59.67,true
521856,10.8720,257.73,0.9569,59.74,true
521984,10.8747,258.12,0.9545,59.77,true
522112,10.8773,258.26,0.9493,59.78,true
522240,10.8800,258.16,0.9466,59.77,true
522368,10.8827,258.13,0.9421,59.77,true
522496,10.8853,258.38,0.9449,59.78,true
522624,10.8880,259.32,0.9486,59.85,true
522752,10.8907,259.53,0.9545,59.86,true
522880,10.8933,259.65,0.9532,59.87,true
523008,10.8960,259.76,0.9548,59.88,true
523136,10.8987,260.59,0.9595,59.93,true
523264,10.9013,260.94,0.9698,59.95,true
523392,10.9040,261.22,0.9789,59.97,true
523520,10.9067,262.18,0.9827,60.04,true
523648,10.9093,262.43,0.9818,60.05,true
523776,10.9120,263.54,0.9813,60.13,true
523904,10.9147,263.96,0.9789,60.15,true
524032,10.9173,265.40,0.9705,60.25,true
524160,10.9200,266.80,0.9715,60.34,true
524288,10.9227,267.81,0.9732,60.40,true
524416,10.9253,268.32,0.9758,60.44,true
524544,10.9280,269.90,0.9760,60.54,true
524672,10.9307,271.23,0.9762,60.62,true
524800,10.9333,272.59,0.9751,60.71,true
524928,10.9360,274.28,0.9704,60.82,true
525056,10.9387,275.89,0.9627,60.92,true
525184,10.9413,277.36,0.9583,61.01,true
525312,10.9440,278.92,0.9566,61.11,true
525440,10.9467,281.07,0.9571,61.24,true
525568,10.9493,282.71,0.9646,61.34,true
525696,10.9520,284.28,0.9670,61.44,true
525824,10.9547,285.77,0.9681,61.53,true
525952,10.9573,287.55,0.9611,61.64,true
526080,10.9600,289.34,0.9444,61.74,true
526208,10.9627,291.15,0.9225,61.85,true
526336,10.9653,293.06,0.9132,61.96,true
526464,10.9680,,,,false
526592,10.9707,298.35,0.9091,62.27,true
526720,10.9733,301.66,0.9227,62.46,true
526848,10.9760,303.58,0.9444,62.58,true
526976,10.9787,305.49,0.9629,62.68,true
527104,10.9813,306.04,0.9614,62.71,true
527232,10.9840,307.32,0.9624,62.79,true
527360,10.9867,307.64,0.9638,62.80,true
527488,10.9893,307.99,0.9666,62.82,true
527616,10.9920,309.54,0.9711,62.91,true
527744,10.9947,310.08,0.9736,62.94,true
527872,10.9973,311.60,0.9802,63.03,true
528000,11.0000,313.33,0.9766,63.12,true
528128,11.0027,313.60,0.9681,63.14,true
528256,11.0053,314.16,0.9391,63.17,true
528384,11.0080,,,,false
528512,11.0107,,,,false
528640,11.0133,,,,false
528768,11.0160,,,,false
528896,11.0187,,,,false
529024,11.0213,,,,false
529152,11.0240,,,,false
529280,11.0267,,,,false
529408,11.0293,,,,false
529536,11.0320,,,,false
529664,11.0347,,,,false
529792,11.0373,,,,false
529920,11.0400,,,,false
530048,11.0427,,,,false
530176,11.0453,,,,false
530304,11.0480,,,,false
530432,11.0507,,,,false
530560,11.0533,,,,false
530688,11.0560,,,,false
530816,11.0587,,,,false
530944,11.0613,,,,false
531072,11.0640,,,,false
531200,11.0667,,,,false
531328,11.0693,,,,false
531456,11.0720,,,,false
531584,11.0747,,,,false
531712,11.0773,,,,false
531840,11.0800,,,,false
531968,11.0827,,,,false
532096,11.0853,,,,false
532224,11.0880,,,,false
532352,11.0907,,,,false
532480,11.0933,,,,false
532608,11.0960,,,,false
532736,11.0987,,,,false
532864,11.1013,,,,false
532992,11.1040,,,,false
533120,11.1067,,,,false
533248,11.1093,,,,false
533376,11.1120,,,,false
533504,11.1147,,,,false
533632,11.1173,,,,false
533760,11.1200,,,,false
533888,11.1227,,,,false
534016,11.1253,,,,false
534144,11.1280,,,,false
534272,11.1307,,,,false
534400,11.1333,,,,false
534528,11.1360,,,,false
534656,11.1387,,,,false
534784,11.1413,,,,false
534912,11.1440,,,,false
535040,11.1467,,,,false
535168,11.1493,,,,false
535296,11.1520,,,,false
535424,11.1547,,,,false
535552,11.1573,,,,false
535680,11.1600,,,,false
535808,11.1627,,,,false
535936,11.1653,,,,false
536064,11.1680,,,,false
536192,11.1707,,,,false
536320,11.1733,,,,false
536448,11.1760,,,,false
536576,11.1787,,,,false
536704,11.1813,,,,false
536832,11.1840,,,,false
536960,11.1867,,,,false
537088,11.1893,,,,false
537216,11.1920,140.77,0.9113,49.27,true
537344,11.1947,,,,false
537472,11.1973,,,,false
537600,11.2000,,,,false
537728,11.2027,,,,false
537856,11.2053,,,,false
537984,11.2080,,,,false
538112,11.2107,,,,false
538240,11.2133,,,,false
538368,11.2160,,,,false
538496,11.2187,,,,false
538624,11.2213,,,,false
538752,11.2240,,,,false
538880,11.2267,,,,false
539008,11.2293,,,,false
539136,11.2320,,,,false
539264,11.2347,,,,false
539392,11.2373,,,,false
539520,11.2400,,,,false
539648,11.2427,145.47,0.9006,49.84,true
539776,11.2453,,,,false
539904,11.2480,,,,false
540032,11.2507,,,,false
540160,11.2533,,,,false
540288,11.2560,,,,false
540416,11.2587,,,,false
540544,11.2613,,,,false
540672,11.2640,,,,false
540800,11.2667,,,,false
540928,11.2693,,,,false
541056,11.2720,140.39,0.9031,49.22,true
541184,11.2747,140.02,0.9219,49.18,true
541312,11.2773,139.85,0.9452,49.16,true
541440,11.2800,139.23,0.9595,49.08,true
541568,11.2827,139.09,0.9608,49.06,true
541696,11.2853,277.75,0.9265,61.04,true
541824,11.2880,277.49,0.9572,61.02,true
541952,11.2907,277.07,0.9662,60.99,true
542080,11.2933,275.92,0.9625,60.92,true
542208,11.2960,275.61,0.9515,60.90,true
542336,11.2987,274.41,0.9418,60.83,true
542464,11.3013,273.07,0.9240,60.74,true
542592,11.3040,272.62,0.9141,60.71,true
542720,11.3067,271.31,0.9147,60.63,true
542848,11.3093,269.99,0.9104,60.55,true
542976,11.3120,269.37,0.9042,60.51,true
543104,11.3147,268.32,0.9098,60.44,true
543232,11.3173,267.94,0.9245,60.41,true
543360,11.3200,267.79,0.9266,60.40,true
543488,11.3227,267.90,0.9411,60.41,true
543616,11.3253,267.95,0.9484,60.41,true
543744,11.3280,268.01,0.9475,60.42,true
543872,11.3307,267.83,0.9446,60.41,true
544000,11.3333,267.94,0.9473,60.41,true
544128,11.3360,266.98,0.9466,60.35,true
544256,11.3387,266.96,0.9432,60.35,true
544384,11.3413,266.91,0.9514,60.35,true
544512,11.3440,266.75,0.9438,60.34,true
544640,11.3467,266.69,0.9288,60.33,true
544768,11.3493,266.50,0.9204,60.32,true
544896,11.3520,266.77,0.9098,60.34,true
545024,11.3547,266.94,0.9129,60.35,true
545152,11.3573,268.00,0.9231,60.42,true
545280,11.3600,268.14,0.9328,60.43,true
545408,11.3627,268.19,0.9380,60.43,true
545536,11.3653,268.28,0.9476,60.44,true
545664,11.3680,268.28,0.9601,60.43,true
545792,11.3707,268.31,0.9709,60.44,true
545920,11.3733,268.26,0.9835,60.43,true
546048,11.3760,268.37,0.9854,60.44,true
546176,11.3787,268.48,0.9778,60.45,true
546304,11.3813,269.43,0.9721,60.51,true
546432,11.3840,269.74,0.9701,60.53,true
546560,11.3867,270.83,0.9671,60.60,true
546688,11.3893,271.16,0.9671,60.62,true
546816,11.3920,271.46,0.9692,60.64,true
546944,11.3947,272.57,0.9628,60.71,true
547072,11.3973,272.82,0.9594,60.73,true
547200,11.4000,272.97,0.9598,60.74,true
547328,11.4027,274.01,0.9618,60.80,true
547456,11.4053,274.39,0.9620,60.82,true
547584,11.4080,274.60,0.9635,60.84,true
547712,11.4107,275.57,0.9667,60.90,true
547840,11.4133,275.90,0.9671,60.92,true
547968,11.4160,277.16,0.9728,61.00,true
548096,11.4187,277.46,0.9788,61.02,true
548224,11.4213,277.83,0.9747,61.04,true
548352,11.4240,279.22,0.9732,61.13,true
548480,11.4267,280.57,0.9722,61.21,true
548608,11.4293,280.94,0.9700,61.23,true
548736,11.4320,282.12,0.9717,61.31,true
548864,11.4347,282.51,0.9754,61.33,true
548992,11.4373,283.64,0.9759,61.40,true
549120,11.4400,283.96,0.9783,61.42,true
549248,11.4427,284.16,0.9828,61.43,true
549376,11.4453,285.32,0.9817,61.50,true
549504,11.4480,285.73,0.9800,61.53,true
549632,11.4507,287.02,0.9755,61.60,true
549760,11.4533,287.37,0.9706,61.62,true
549888,11.4560,288.97,0.9615,61.72,true
550016,11.4587,290.90,0.9558,61.84,true
550144,11.4613,292.81,0.9469,61.95,true
550272,11.4640,294.64,0.9453,62.06,true
550400,11.4667,296.50,0.9513,62.17,true
550528,11.4693,298.10,0.9512,62.26,true
550656,11.4720,299.72,0.9392,62.35,true
550784,11.4747,299.55,0.9335,62.34,true
550912,11.4773,298.28,0.9355,62.27,true
551040,11.4800,298.00,0.9373,62.25,true
551168,11.4827,296.74,0.9419,62.18,true
551296,11.4853,296.56,0.9448,62.17,true
551424,11.4880,296.72,0.9421,62.18,true
551552,11.4907,297.80,0.9339,62.24,true
551680,11.4933,296.71,0.9365,62.18,true
551808,11.4960,296.69,0.9358,62.18,true
551936,11.4987,296.68,0.9354,62.18,true
552064,11.5013,297.69,0.9380,62.24,true
552192,11.5040,297.70,0.9380,62.24,true
552320,11.5067,297.74,0.9419,62.24,true
552448,11.5093,296.34,0.9539,62.16,true
552576,11.5120,295.84,0.9719,62.13,true
552704,11.5147,294.80,0.9818,62.07,true
552832,11.5173,294.74,0.9867,62.06,true
552960,11.5200,294.67,0.9871,62.06,true
553088,11.5227,294.62,0.9843,62.06,true
553216,11.5253,294.56,0.9815,62.05,true
553344,11.5280,294.37,0.9794,62.04,true
553472,11.5307,294.29,0.9764,62.04,true
553600,11.5333,294.12,0.9741,62.03,true
553728,11.5360,292.76,0.9715,61.95,true
553856,11.5387,292.56,0.9698,61.93,true
553984,11.5413,292.41,0.9665,61.93,true
554112,11.5440,291.17,0.9731,61.85,true
554240,11.5467,291.28,0.9737,61.86,true
554368,11.5493,292.33,0.9748,61.92,true
554496,11.5520,292.62,0.9726,61.94,true
554624,11.5547,292.82,0.9698,61.95,true
554752,11.5573,293.10,0.9666,61.97,true
554880,11.5600,294.08,0.9557,62.02,true
555008,11.5627,294.18,0.9548,62.03,true
555136,11.5653,294.19,0.9530,62.03,true
555264,11.5680,294.13,0.9512,62.03,true
555392,11.5707,294.07,0.9535,62.02,true
555520,11.5733,292.96,0.9582,61.96,true
555648,11.5760,292.93,0.9621,61.96,true
555776,11.5787,292.96,0.9667,61.96,true
555904,11.5813,293.04,0.9770,61.96,true
556032,11.5840,293.02,0.9835,61.96,true
556160,11.5867,293.05,0.9879,61.96,true
556288,11.5893,293.10,0.9897,61.97,true
556416,11.5920,294.04,0.9890,62.02,true
556544,11.5947,294.13,0.9898,62.03,true
556672,11.5973,294.23,0.9902,62.03,true
556800,11.6000,294.27,0.9898,62.04,true
556928,11.6027,294.37,0.9894,62.04,true
557056,11.6053,294.51,0.9898,62.05,true
557184,11.6080,294.61,0.9902,62.06,true
557312,11.6107,294.75,0.9886,62.06,true
557440,11.6133,294.88,0.9867,62.07,true
557568,11.6160,295.93,0.9855,62.13,true
557696,11.6187,295.90,0.9844,62.13,true
557824,11.6213,296.08,0.9850,62.14,true
557952,11.6240,296.09,0.9858,62.14,true
558080,11.6267,296.07,0.9863,62.14,true
558208,11.6293,296.08,0.9865,62.14,true
558336,11.6320,296.12,0.9878,62.14,true
558464,11.6347,296.03,0.9890,62.14,true
558592,11.6373,295.98,0.9905,62.14,true
558720,11.6400,296.04,0.9917,62.14,true
558848,11.6427,296.03,0.9903,62.14,true
558976,11.6453,296.12,0.9888,62.14,true
559104,11.6480,296.20,0.9879,62.15,true
559232,11.6507,296.26,0.9883,62.15,true
559360,11.6533,296.29,0.9879,62.15,true
559488,11.6560,296.42,0.9875,62.16,true
559616,11.6587,296.55,0.9870,62.17,true
559744,11.6613,297.68,0.9850,62.24,true
559872,11.6640,297.76,0.9872,62.24,true
560000,11.6667,297.73,0.9885,62.24,true
560128,11.6693,297.90,0.9892,62.25,true
560256,11.6720,298.14,0.9894,62.26,true
560384,11.6747,298.25,0.9892,62.27,true
560512,11.6773,298.39,0.9884,62.28,true
560640,11.6800,298.55,0.9875,62.29,true
560768,11.6827,299.57,0.9878,62.34,true
560896,11.6853,299.62,0.9879,62.35,true
561024,11.6880,299.68,0.9877,62.35,true
561152,11.6907,299.77,0.9870,62.36,true
561280,11.6933,299.68,0.9860,62.35,true
561408,11.6960,299.69,0.9864,62.35,true
561536,11.6987,299.61,0.9875,62.35,true
561664,11.7013,299.56,0.9887,62.34,true
561792,11.7040,298.50,0.9898,62.28,true
561920,11.7067,298.49,0.9892,62.28,true
562048,11.7093,298.39,0.9903,62.28,true
562176,11.7120,298.20,0.9924,62.27,true
562304,11.7147,298.01,0.9911,62.25,true
562432,11.7173,297.72,0.9888,62.24,true
562560,11.7200,296.56,0.9887,62.17,true
562688,11.7227,296.32,0.9885,62.16,true
562816,11.7253,296.04,0.9864,62.14,true
562944,11.7280,294.78,0.9869,62.07,true
563072,11.7307,294.45,0.9860,62.05,true
563200,11.7333,294.03,0.9851,62.02,true
563328,11.7360,292.68,0.9818,61.94,true
563456,11.7387,291.35,0.9760,61.86,true
563584,11.7413,290.82,0.9696,61.83,true
563712,11.7440,289.37,0.9682,61.75,true
563840,11.7467,287.74,0.9636,61.65,true
563968,11.7493,286.04,0.9657,61.54,true
564096,11.7520,285.48,0.9681,61.51,true
564224,11.7547,284.27,0.9737,61.44,true
564352,11.7573,283.77,0.9774,61.41,true
564480,11.7600,282.67,0.9830,61.34,true
564608,11.7627,282.56,0.9849,61.33,true
564736,11.7653,282.38,0.9858,61.32,true
564864,11.7680,282.12,0.9850,61.31,true
564992,11.7707,280.87,0.9850,61.23,true
565120,11.7733,280.46,0.9845,61.20,true
565248,11.7760,279.34,0.9843,61.13,true
565376,11.7787,278.95,0.9831,61.11,true
565504,11.7813,277.57,0.9852,61.02,true
565632,11.7840,277.18,0.9886,61.00,true
565760,11.7867,276.14,0.9899,60.93,true
565888,11.7893,275.77,0.9900,60.91,true
566016,11.7920,274.67,0.9834,60.84,true
566144,11.7947,274.41,0.9790,60.83,true
566272,11.7973,274.08,0.9749,60.80,true
566400,11.8000,272.91,0.9685,60.73,true
566528,11.8027,272.53,0.9653,60.71,true
566656,11.8053,271.36,0.9663,60.63,true
566784,11.8080,270.97,0.9681,60.61,true
566912,11.8107,269.73,0.9688,60.53,true
567040,11.8133,269.63,0.9712,60.52,true
567168,11.8160,269.49,0.9709,60.51,true
567296,11.8187,269.72,0.9667,60.53,true
567424,11.8213,270.85,0.9658,60.60,true
567552,11.8240,271.03,0.9624,60.61,true
567680,11.8267,271.24,0.9613,60.62,true
567808,11.8293,271.34,0.9620,60.63,true
567936,11.8320,271.57,0.9655,60.65,true
568064,11.8347,272.42,0.9698,60.70,true
568192,11.8373,272.55,0.9762,60.71,true
568320,11.8400,272.61,0.9778,60.71,true
568448,11.8427,272.59,0.9777,60.71,true
568576,11.8453,272.50,0.9801,60.71,true
568704,11.8480,272.60,0.9798,60.71,true
568832,11.8507,272.70,0.9801,60.72,true
568960,11.8533,272.87,0.9800,60.73,true
569088,11.8560,273.98,0.9805,60.80,true
569216,11.8587,274.43,0.9834,60.83,true
569344,11.8613,274.68,0.9832,60.84,true
569472,11.8640,275.66,0.9838,60.90,true
569600,11.8667,276.08,0.9855,60.93,true
569728,11.8693,277.30,0.9853,61.01,true
569856,11.8720,277.61,0.9863,61.03,true
569984,11.8747,277.77,0.9857,61.04,true
570112,11.8773,278.99,0.9870,61.11,true
570240,11.8800,279.28,0.9878,61.13,true
570368,11.8827,280.41,0.9874,61.20,true
570496,11.8853,280.66,0.9874,61.22,true
570624,11.8880,280.99,0.9869,61.24,true
570752,11.8907,282.04,0.9873,61.30,true
570880,11.8933,282.22,0.9879,61.31,true
571008,11.8960,282.35,0.9897,61.32,true
571136,11.8987,282.61,0.9891,61.34,true
571264,11.9013,283.80,0.9887,61.41,true
571392,11.9040,284.08,0.9870,61.43,true
571520,11.9067,284.32,0.9830,61.44,true
571648,11.9093,285.60,0.9802,61.52,true
571776,11.9120,286.08,0.9774,61.55,true
571904,11.9147,287.38,0.9779,61.63,true
572032,11.9173,287.65,0.9784,61.64,true
572160,11.9200,288.99,0.9795,61.72,true
572288,11.9227,289.27,0.9801,61.74,true
572416,11.9253,289.47,0.9803,61.75,true
572544,11.9280,289.42,0.9830,61.75,true
572672,11.9307,289.29,0.9823,61.74,true
572800,11.9333,289.21,0.9833,61.74,true
572928,11.9360,289.21,0.9807,61.74,true
573056,11.9387,289.32,0.9782,61.74,true
573184,11.9413,289.29,0.9762,61.74,true
573312,11.9440,289.23,0.9732,61.74,true
573440,11.9467,289.21,0.9684,61.74,true
573568,11.9493,289.12,0.9661,61.73,true
573696,11.9520,289.21,0.9671,61.74,true
573824,11.9547,289.22,0.9675,61.74,true
573952,11.9573,289.10,0.9720,61.73,true
574080,11.9600,288.98,0.9743,61.72,true
574208,11.9627,288.85,0.9768,61.71,true
574336,11.9653,288.79,0.9792,61.71,true
574464,11.9680,287.81,0.9834,61.65,true
574592,11.9707,288.78,0.9851,61.71,true
574720,11.9733,287.81,0.9865,61.65,true
574848,11.9760,287.80,0.9868,61.65,true
574976,11.9787,287.71,0.9873,61.65,true
575104,11.9813,287.56,0.9881,61.64,true
575232,11.9840,287.61,0.9888,61.64,true
575360,11.9867,287.70,0.9888,61.64,true
575488,11.9893,287.73,0.9878,61.65,true
575616,11.9920,287.80,0.9865,61.65,true
575744,11.9947,288.76,0.9850,61.71,true
575872,11.9973,287.82,0.9859,61.65,true
576000,12.0000,288.78,0.9848,61.71,true
576128,12.0027,288.84,0.9864,61.71,true
576256,12.0053,288.73,0.9849,61.71,true
576384,12.0080,287.70,0.9849,61.64,true
576512,12.0107,287.60,0.9845,61.64,true
576640,12.0133,287.39,0.9846,61.63,true
576768,12.0160,287.02,0.9839,61.60,true
576896,12.0187,285.98,0.9842,61.54,true
577024,12.0213,285.74,0.9843,61.53,true
577152,12.0240,285.42,0.9827,61.51,true
577280,12.0267,284.16,0.9809,61.43,true
577408,12.0293,283.78,0.9817,61.41,true
577536,12.0320,282.66,0.9844,61.34,true
577664,12.0347,282.41,0.9871,61.32,true
577792,12.0373,282.12,0.9879,61.31,true
577920,12.0400,281.01,0.9904,61.24,true
578048,12.0427,280.87,0.9908,61.23,true
578176,12.0453,280.66,0.9909,61.22,true
578304,12.0480,280.47,0.9914,61.20,true
578432,12.0507,279.47,0.9906,61.14,true
578560,12.0533,279.27,0.9898,61.13,true
578688,12.0560,279.11,0.9904,61.12,true
578816,12.0587,278.92,0.9908,61.11,true
578944,12.0613,278.76,0.9903,61.10,true
579072,12.0640,278.70,0.9872,61.09,true
579200,12.0667,277.84,0.9839,61.04,true
579328,12.0693,277.73,0.9827,61.03,true
579456,12.0720,277.72,0.9804,61.03,true
579584,12.0747,277.85,0.9801,61.04,true
579712,12.0773,277.81,0.9807,61.04,true
579840,12.0800,278.67,0.9802,61.09,true
579968,12.0827,277.85,0.9808,61.04,true
580096,12.0853,278.68,0.9840,61.09,true
580224,12.0880,277.85,0.9866,61.04,true
580352,12.0907,278.69,0.9885,61.09,true
580480,12.0933,278.69,0.9901,61.09,true
580608,12.0960,277.85,0.9907,61.04,true
580736,12.0987,278.79,0.9908,61.10,true
580864,12.1013,278.88,0.9900,61.11,true
580992,12.1040,279.00,0.9864,61.11,true
581120,12.1067,279.14,0.9852,61.12,true
581248,12.1093,279.44,0.9826,61.14,true
581376,12.1120,280.46,0.9815,61.20,true
581504,12.1147,280.70,0.9810,61.22,true
581632,12.1173,281.01,0.9801,61.24,true
581760,12.1200,282.16,0.9800,61.31,true
581888,12.1227,282.52,0.9776,61.33,true
582016,12.1253,283.63,0.9791,61.40,true
582144,12.1280,283.86,0.9793,61.41,true
582272,12.1307,284.27,0.9771,61.44,true
582400,12.1333,285.69,0.9791,61.52,true
582528,12.1360,286.13,0.9740,61.55,true
582656,12.1387,287.38,0.9735,61.63,true
582784,12.1413,288.73,0.9722,61.71,true
582912,12.1440,289.35,0.9736,61.74,true
583040,12.1467,290.74,0.9720,61.83,true
583168,12.1493,291.24,0.9667,61.86,true
583296,12.1520,292.71,0.9651,61.94,true
583424,12.1547,294.30,0.9541,62.04,true
583552,12.1573,295.93,0.9430,62.13,true
583680,12.1600,296.50,0.9357,62.17,true
583808,12.1627,298.11,0.9375,62.26,true
583936,12.1653,299.62,0.9406,62.35,true
584064,12.1680,300.25,0.9537,62.38,true
584192,12.1707,301.55,0.9619,62.46,true
584320,12.1733,301.84,0.9652,62.48,true
584448,12.1760,302.19,0.9625,62.50,true
584576,12.1787,303.43,0.9594,62.57,true
584704,12.1813,303.71,0.9607,62.58,true
584832,12.1840,304.05,0.9627,62.60,true
584960,12.1867,305.29,0.9699,62.67,true
585088,12.1893,305.58,0.9728,62.69,true
585216,12.1920,305.88,0.9725,62.71,true
585344,12.1947,307.21,0.9720,62.78,true
585472,12.1973,307.38,0.9740,62.79,true
585600,12.2000,307.54,0.9750,62.80,true
585728,12.2027,307.51,0.9769,62.80,true
585856,12.2053,307.55,0.9778,62.80,true
585984,12.2080,307.76,0.9778,62.81,true
586112,12.2107,307.93,0.9775,62.82,true
586240,12.2133,307.92,0.9771,62.82,true
586368,12.2160,307.84,0.9789,62.82,true
586496,12.2187,307.76,0.9805,62.81,true
586624,12.2213,307.50,0.9827,62.80,true
586752,12.2240,307.38,0.9819,62.79,true
586880,12.2267,306.07,0.9804,62.72,true
587008,12.2293,305.86,0.9815,62.70,true
587136,12.2320,305.52,0.9802,62.68,true
587264,12.2347,304.13,0.9808,62.61,true
587392,12.2373,303.67,0.9815,62.58,true
587520,12.2400,302.25,0.9821,62.50,true
587648,12.2427,301.83,0.9820,62.48,true
587776,12.2453,300.36,0.9820,62.39,true
587904,12.2480,299.98,0.9818,62.37,true
588032,12.2507,299.58,0.9805,62.35,true
588160,12.2533,298.00,0.9774,62.25,true
588288,12.2560,296.41,0.9740,62.16,true
588416,12.2587,295.92,0.9728,62.13,true
588544,12.2613,294.58,0.9754,62.05,true
588672,12.2640,294.18,0.9778,62.03,true
588800,12.2667,292.96,0.9810,61.96,true
588928,12.2693,292.68,0.9831,61.94,true
589056,12.2720,292.44,0.9858,61.93,true
589184,12.2747,292.27,0.9878,61.92,true
589312,12.2773,291.28,0.9899,61.86,true
589440,12.2800,291.17,0.9902,61.85,true
589568,12.2827,291.14,0.9909,61.85,true
589696,12.2853,291.21,0.9904,61.85,true
589824,12.2880,291.19,0.9894,61.85,true
589952,12.2907,292.30,0.9885,61.92,true
590080,12.2933,292.50,0.9887,61.93,true
590208,12.2960,292.67,0.9882,61.94,true
590336,12.2987,292.82,0.9876,61.95,true
590464,12.3013,292.98,0.9881,61.96,true
590592,12.3040,294.11,0.9882,62.03,true
590720,12.3067,294.30,0.9885,62.04,true
590848,12.3093,294.48,0.9895,62.05,true
590976,12.3120,294.68,0.9905,62.06,true
591104,12.3147,294.88,0.9902,62.07,true
591232,12.3173,296.03,0.9900,62.14,true
591360,12.3200,296.26,0.9903,62.15,true
591488,12.3227,296.40,0.9902,62.16,true
591616,12.3253,296.64,0.9887,62.17,true
591744,12.3280,297.83,0.9880,62.24,true
591872,12.3307,298.09,0.9872,62.26,true
592000,12.3333,298.44,0.9863,62.28,true
592128,12.3360,299.71,0.9853,62.35,true
592256,12.3387,300.02,0.9833,62.37,true
592384,12.3413,301.43,0.9809,62.45,true
592512,12.3440,301.69,0.9834,62.47,true
592640,12.3467,301.95,0.9851,62.48,true
592768,12.3493,302.23,0.9870,62.50,true
592896,12.3520,302.32,0.9869,62.50,true
593024,12.3547,303.46,0.9877,62.57,true
593152,12.3573,303.60,0.9897,62.58,true
593280,12.3600,303.79,0.9896,62.59,true
593408,12.3627,303.94,0.9881,62.60,true
593536,12.3653,304.09,0.9863,62.60,true
593664,12.3680,305.32,0.9846,62.67,true
593792,12.3707,305.70,0.9833,62.70,true
593920,12.3733,306.00,0.9839,62.71,true
594048,12.3760,307.39,0.9838,62.79,true
594176,12.3787,307.80,0.9834,62.81,true
594304,12.3813,309.27,0.9796,62.90,true
594432,12.3840,309.87,0.9783,62.93,true
594560,12.3867,311.30,0.9804,63.01,true
594688,12.3893,311.72,0.9836,63.03,true
594816,12.3920,311.87,0.9844,63.04,true
594944,12.3947,311.90,0.9854,63.04,true
595072,12.3973,311.97,0.9862,63.05,true
595200,12.4000,312.01,0.9867,63.05,true
595328,12.4027,312.02,0.9876,63.05,true
595456,12.4053,311.93,0.9887,63.04,true
595584,12.4080,311.97,0.9873,63.05,true
595712,12.4107,311.99,0.9860,63.05,true
595840,12.4133,312.11,0.9847,63.05,true
595968,12.4160,313.33,0.9855,63.12,true
596096,12.4187,313.31,0.9845,63.12,true
596224,12.4213,313.26,0.9837,63.12,true
596352,12.4240,311.99,0.9829,63.05,true
596480,12.4267,311.64,0.9817,63.03,true
596608,12.4293,311.30,0.9798,63.01,true
596736,12.4320,309.61,0.9794,62.92,true
596864,12.4347,308.01,0.9792,62.83,true
596992,12.4373,307.31,0.9768,62.79,true
597120,12.4400,305.71,0.9786,62.70,true
597248,12.4427,305.27,0.9790,62.67,true
597376,12.4453,303.94,0.9832,62.60,true
597504,12.4480,303.65,0.9844,62.58,true
597632,12.4507,302.19,0.9830,62.50,true
597760,12.4533,301.75,0.9824,62.47,true
597888,12.4560,300.42,0.9806,62.39,true
598016,12.4587,299.98,0.9810,62.37,true
598144,12.4613,298.46,0.9749,62.28,true
598272,12.4640,297.86,0.9689,62.25,true
598400,12.4667,296.33,0.9655,62.16,true
598528,12.4693,294.60,0.9639,62.05,true
598656,12.4720,292.91,0.9594,61.96,true
598784,12.4747,291.19,0.9599,61.85,true
598912,12.4773,290.56,0.9636,61.82,true
599040,12.4800,288.96,0.9678,61.72,true
599168,12.4827,287.36,0.9692,61.62,true
599296,12.4853,285.86,0.9684,61.53,true
599424,12.4880,285.41,0.9661,61.51,true
599552,12.4907,284.28,0.9671,61.44,true
599680,12.4933,283.70,0.9637,61.40,true
599808,12.4960,282.34,0.9655,61.32,true
599936,12.4987,280.94,0.9703,61.23,true
600064,12.5013,280.62,0.9748,61.21,true
600192,12.5040,279.34,0.9771,61.13,true
600320,12.5067,279.10,0.9803,61.12,true
600448,12.5093,278.86,0.9808,61.10,true
600576,12.5120,277.76,0.9832,61.04,true
600704,12.5147,277.46,0.9866,61.02,true
600832,12.5173,276.26,0.9868,60.94,true
600960,12.5200,275.99,0.9897,60.93,true
601088,12.5227,275.72,0.9892,60.91,true
601216,12.5253,274.66,0.9889,60.84,true
601344,12.5280,274.34,0.9895,60.82,true
601472,12.5307,274.06,0.9876,60.80,true
601600,12.5333,273.02,0.9852,60.74,true
601728,12.5360,272.87,0.9853,60.73,true
601856,12.5387,272.77,0.9843,60.72,true
601984,12.5413,272.61,0.9832,60.71,true
602112,12.5440,272.38,0.9806,60.70,true
602240,12.5467,271.39,0.9818,60.63,true
602368,12.5493,271.36,0.9837,60.63,true
602496,12.5520,271.33,0.9853,60.63,true
602624,12.5547,271.33,0.9865,60.63,true
602752,12.5573,271.30,0.9859,60.63,true
602880,12.5600,271.30,0.9838,60.63,true
603008,12.5627,271.48,0.9813,60.64,true
603136,12.5653,272.49,0.9823,60.70,true
603264,12.5680,272.61,0.9827,60.71,true
603392,12.5707,272.69,0.9814,60.72,true
603520,12.5733,272.79,0.9813,60.72,true
603648,12.5760,272.93,0.9823,60.73,true
603776,12.5787,273.03,0.9835,60.74,true
603904,12.5813,273.99,0.9853,60.80,true
604032,12.5840,274.13,0.9861,60.81,true
604160,12.5867,274.27,0.9849,60.82,true
604288,12.5893,274.49,0.9852,60.83,true
604416,12.5920,275.53,0.9879,60.90,true
604544,12.5947,275.78,0.9915,60.91,true
604672,12.5973,276.00,0.9906,60.93,true
604800,12.6000,277.09,0.9887,60.99,true
604928,12.6027,277.40,0.9891,61.01,true
605056,12.6053,277.71,0.9878,61.03,true
605184,12.6080,278.72,0.9875,61.10,true
605312,12.6107,278.93,0.9888,61.11,true
605440,12.6133,279.20,0.9903,61.13,true
605568,12.6160,279.42,0.9918,61.14,true
605696,12.6187,280.42,0.9938,61.20,true
605824,12.6213,280.52,0.9948,61.21,true
605952,12.6240,280.68,0.9953,61.22,true
606080,12.6267,280.80,0.9950,61.22,true
606208,12.6293,281.00,0.9938,61.24,true
606336,12.6320,281.98,0.9922,61.30,true
606464,12.6347,282.23,0.9919,61.31,true
606592,12.6373,282.57,0.9902,61.33,true
606720,12.6400,283.76,0.9894,61.41,true
606848,12.6427,284.09,0.9890,61.43,true
606976,12.6453,285.35,0.9890,61.50,true
607104,12.6480,285.70,0.9904,61.52,true
607232,12.6507,286.01,0.9909,61.54,true
607360,12.6533,287.08,0.9908,61.61,true
607488,12.6560,287.33,0.9904,61.62,true
607616,12.6587,287.62,0.9901,61.64,true
607744,12.6613,288.76,0.9893,61.71,true
607872,12.6640,288.90,0.9901,61.72,true
608000,12.6667,289.03,0.9894,61.72,true
608128,12.6693,289.29,0.9881,61.74,true
608256,12.6720,289.52,0.9852,61.75,true
608384,12.6747,290.60,0.9834,61.82,true
608512,12.6773,290.81,0.9846,61.83,true
608640,12.6800,290.97,0.9829,61.84,true
608768,12.6827,291.04,0.9823,61.84,true
608896,12.6853,291.10,0.9826,61.85,true
609024,12.6880,291.02,0.9835,61.84,true
609152,12.6907,290.93,0.9829,61.84,true
609280,12.6933,290.68,0.9828,61.82,true
609408,12.6960,289.52,0.9838,61.75,true
609536,12.6987,289.19,0.9866,61.73,true
609664,12.7013,288.89,0.9868,61.72,true
609792,12.7040,287.63,0.9871,61.64,true
609920,12.7067,287.22,0.9878,61.62,true
610048,12.7093,286.00,0.9881,61.54,true
610176,12.7120,285.74,0.9880,61.53,true
610304,12.7147,285.44,0.9870,61.51,true
610432,12.7173,284.28,0.9870,61.44,true
610560,12.7200,284.07,0.9881,61.43,true
610688,12.7227,283.88,0.9897,61.41,true
610816,12.7253,283.74,0.9891,61.40,true
610944,12.7280,282.75,0.9890,61.34,true
611072,12.7307,282.61,0.9902,61.34,true
611200,12.7333,282.53,0.9920,61.33,true
611328,12.7360,282.41,0.9936,61.32,true
611456,12.7387,282.28,0.9954,61.32,true
611584,12.7413,282.15,0.9959,61.31,true
611712,12.7440,282.00,0.9950,61.30,true
611840,12.7467,281.05,0.9948,61.24,true
611968,12.7493,280.87,0.9956,61.23,true
612096,12.7520,280.73,0.9960,61.22,true
612224,12.7547,280.54,0.9957,61.21,true
612352,12.7573,280.45,0.9959,61.20,true
612480,12.7600,279.46,0.9956,61.14,true
612608,12.7627,279.22,0.9965,61.13,true
612736,12.7653,279.15,0.9962,61.12,true
612864,12.7680,279.05,0.9957,61.12,true
612992,12.7707,278.92,0.9952,61.11,true
613120,12.7733,278.83,0.9944,61.10,true
613248,12.7760,278.80,0.9938,61.10,true
613376,12.7787,278.68,0.9937,61.09,true
613504,12.7813,278.67,0.9932,61.09,true
613632,12.7840,278.74,0.9927,61.10,true
613760,12.7867,278.77,0.9923,61.10,true
613888,12.7893,278.79,0.9919,61.10,true
614016,12.7920,278.82,0.9909,61.10,true
614144,12.7947,278.78,0.9908,61.10,true
614272,12.7973,278.76,0.9905,61.10,true
614400,12.8000,278.71,0.9902,61.10,true
614528,12.8027,278.70,0.9899,61.09,true
614656,12.8053,278.70,0.9902,61.09,true
614784,12.8080,278.69,0.9896,61.09,true
614912,12.8107,278.81,0.9870,61.10,true
615040,12.8133,278.95,0.9870,61.11,true
615168,12.8160,279.09,0.9857,61.12,true
615296,12.8187,279.26,0.9846,61.13,true
615424,12.8213,280.42,0.9825,61.20,true
615552,12.8240,280.70,0.9826,61.22,true
615680,12.8267,280.92,0.9811,61.23,true
615808,12.8293,281.99,0.9804,61.30,true
615936,12.8320,282.24,0.9831,61.31,true
616064,12.8347,282.60,0.9841,61.34,true
616192,12.8373,283.76,0.9811,61.41,true
616320,12.8400,284.08,0.9805,61.43,true
616448,12.8427,284.43,0.9794,61.45,true
616576,12.8453,285.65,0.9797,61.52,true
616704,12.8480,285.94,0.9805,61.54,true
616832,12.8507,287.07,0.9814,61.61,true
616960,12.8533,287.48,0.9814,61.63,true
617088,12.8560,287.79,0.9757,61.65,true
617216,12.8587,288.87,0.9751,61.72,true
617344,12.8613,289.02,0.9767,61.72,true
617472,12.8640,289.33,0.9751,61.74,true
617600,12.8667,290.52,0.9702,61.81,true
617728,12.8693,290.79,0.9670,61.83,true
617856,12.8720,290.99,0.9644,61.84,true
617984,12.8747,291.10,0.9638,61.85,true
618112,12.8773,291.30,0.9657,61.86,true
618240,12.8800,292.37,0.9653,61.92,true
618368,12.8827,292.45,0.9638,61.93,true
618496,12.8853,292.53,0.9676,61.93,true
618624,12.8880,292.51,0.9703,61.93,true
618752,12.8907,292.36,0.9734,61.92,true
618880,12.8933,292.24,0.9757,61.92,true
619008,12.8960,291.23,0.9791,61.86,true
619136,12.8987,291.04,0.9821,61.84,true
619264,12.9013,290.86,0.9860,61.83,true
619392,12.9040,290.70,0.9872,61.82,true
619520,12.9067,290.59,0.9889,61.82,true
619648,12.9093,290.49,0.9890,61.81,true
619776,12.9120,289.46,0.9900,61.75,true
619904,12.9147,289.37,0.9913,61.74,true
620032,12.9173,289.26,0.9917,61.74,true
620160,12.9200,289.16,0.9921,61.73,true
620288,12.9227,289.05,0.9918,61.73,true
620416,12.9253,288.90,0.9904,61.72,true
620544,12.9280,287.82,0.9905,61.65,true
620672,12.9307,287.57,0.9917,61.64,true
620800,12.9333,287.40,0.9913,61.63,true
620928,12.9360,287.10,0.9883,61.61,true
621056,12.9387,285.99,0.9881,61.54,true
621184,12.9413,285.80,0.9890,61.53,true
621312,12.9440,285.60,0.9880,61.52,true
621440,12.9467,285.46,0.9863,61.51,true
621568,12.9493,285.34,0.9860,61.50,true
621696,12.9520,284.40,0.9864,61.44,true
621824,12.9547,284.30,0.9880,61.44,true
621952,12.9573,284.21,0.9900,61.43,true
622080,12.9600,284.12,0.9915,61.43,true
622208,12.9627,284.04,0.9926,61.42,true
622336,12.9653,284.02,0.9936,61.42,true
622464,12.9680,283.98,0.9946,61.42,true
622592,12.9707,283.87,0.9950,61.41,true
622720,12.9733,283.82,0.9952,61.41,true
622848,12.9760,283.79,0.9954,61.41,true
622976,12.9787,283.75,0.9949,61.41,true
623104,12.9813,283.74,0.9947,61.40,true
623232,12.9840,283.70,0.9948,61.40,true
623360,12.9867,283.66,0.9948,61.40,true
623488,12.9893,283.66,0.9944,61.40,true
623616,12.9920,283.69,0.9940,61.40,true
623744,12.9947,283.69,0.9935,61.40,true
623872,12.9973,283.69,0.9934,61.40,true
624000,13.0000,283.73,0.9938,61.40,true
624128,13.0027,283.78,0.9939,61.41,true
624256,13.0053,283.90,0.9940,61.41,true
624384,13.0080,283.98,0.9942,61.42,true
624512,13.0107,284.07,0.9944,61.43,true
624640,13.0133,284.17,0.9943,61.43,true
624768,13.0160,284.37,0.9934,61.44,true
624896,13.0187,285.39,0.9935,61.51,true
625024,13.0213,285.59,0.9938,61.52,true
625152,13.0240,285.86,0.9924,61.53,true
625280,13.0267,286.06,0.9910,61.55,true
625408,13.0293,287.18,0.9918,61.61,true
625536,13.0320,287.37,0.9913,61.62,true
625664,13.0347,287.66,0.9909,61.64,true
625792,13.0373,288.74,0.9885,61.71,true
625920,13.0400,289.08,0.9877,61.73,true
626048,13.0427,289.29,0.9865,61.74,true
626176,13.0453,289.40,0.9843,61.75,true
626304,13.0480,290.56,0.9821,61.82,true
626432,13.0507,290.82,0.9818,61.83,true
626560,13.0533,290.97,0.9817,61.84,true
626688,13.0560,291.08,0.9823,61.85,true
626816,13.0587,291.25,0.9817,61.86,true
626944,13.0613,292.31,0.9829,61.92,true
627072,13.0640,292.41,0.9847,61.93,true
627200,13.0667,292.53,0.9864,61.93,true
627328,13.0693,292.66,0.9880,61.94,true
627456,13.0720,292.82,0.9891,61.95,true
627584,13.0747,293.02,0.9889,61.96,true
627712,13.0773,294.15,0.9889,62.03,true
627840,13.0800,294.39,0.9889,62.04,true
627968,13.0827,294.64,0.9873,62.06,true
628096,13.0853,295.88,0.9877,62.13,true
628224,13.0880,296.15,0.9886,62.15,true
628352,13.0907,296.47,0.9879,62.16,true
628480,13.0933,296.75,0.9865,62.18,true
628608,13.0960,297.83,0.9872,62.24,true
628736,13.0987,297.90,0.9886,62.25,true
628864,13.1013,297.81,0.9889,62.24,true
628992,13.1040,297.69,0.9882,62.24,true
629120,13.1067,296.74,0.9879,62.18,true
629248,13.1093,296.63,0.9888,62.17,true
629376,13.1120,296.40,0.9909,62.16,true
629504,13.1147,296.25,0.9926,62.15,true
629632,13.1173,296.20,0.9937,62.15,true
629760,13.1200,296.10,0.9931,62.14,true
629888,13.1227,296.12,0.9935,62.14,true
630016,13.1253,296.06,0.9930,62.14,true
630144,13.1280,295.96,0.9918,62.13,true
630272,13.1307,295.85,0.9903,62.13,true
630400,13.1333,294.83,0.9901,62.07,true
630528,13.1360,294.61,0.9902,62.06,true
630656,13.1387,294.36,0.9901,62.04,true
630784,13.1413,294.21,0.9887,62.03,true
630912,13.1440,293.02,0.9875,61.96,true
631040,13.1467,292.71,0.9866,61.94,true
631168,13.1493,292.27,0.9831,61.92,true
631296,13.1520,290.95,0.9830,61.84,true
631424,13.1547,290.60,0.9829,61.82,true
631552,13.1573,289.32,0.9825,61.74,true
631680,13.1600,288.88,0.9829,61.72,true
631808,13.1627,287.56,0.9849,61.64,true
631936,13.1653,287.25,0.9859,61.62,true
632064,13.1680,286.10,0.9851,61.55,true
632192,13.1707,285.77,0.9868,61.53,true
632320,13.1733,285.33,0.9867,61.50,true
632448,13.1760,284.06,0.9879,61.42,true
632576,13.1787,283.81,0.9877,61.41,true
632704,13.1813,282.55,0.9887,61.33,true
632832,13.1840,282.15,0.9884,61.31,true
632960,13.1867,280.89,0.9894,61.23,true
633088,13.1893,280.56,0.9899,61.21,true
633216,13.1920,279.31,0.9908,61.13,true
633344,13.1947,279.04,0.9917,61.12,true
633472,13.1973,278.79,0.9924,61.10,true
633600,13.2000,277.77,0.9921,61.04,true
633728,13.2027,277.52,0.9926,61.02,true
633856,13.2053,277.28,0.9916,61.01,true
633984,13.2080,277.08,0.9887,60.99,true
634112,13.2107,276.04,0.9866,60.93,true
634240,13.2133,275.69,0.9833,60.91,true
634368,13.2160,274.48,0.9820,60.83,true
634496,13.2187,274.03,0.9809,60.80,true
634624,13.2213,272.88,0.9827,60.73,true
634752,13.2240,272.51,0.9857,60.71,true
634880,13.2267,271.38,0.9874,60.63,true
635008,13.2293,271.21,0.9886,60.62,true
635136,13.2320,271.02,0.9875,60.61,true
635264,13.2347,270.98,0.9863,60.61,true
635392,13.2373,271.02,0.9845,60.61,true
635520,13.2400,271.09,0.9834,60.62,true
635648,13.2427,271.24,0.9822,60.62,true
635776,13.2453,271.41,0.9806,60.64,true
635904,13.2480,272.37,0.9812,60.70,true
636032,13.2507,272.65,0.9840,60.71,true
636160,13.2533,272.88,0.9881,60.73,true
636288,13.2560,273.04,0.9895,60.74,true
636416,13.2587,273.98,0.9920,60.80,true
636544,13.2613,274.10,0.9933,60.81,true
636672,13.2640,274.16,0.9938,60.81,true
636800,13.2667,274.21,0.9925,60.81,true
636928,13.2693,274.27,0.9921,60.82,true
637056,13.2720,274.32,0.9913,60.82,true
637184,13.2747,274.46,0.9909,60.83,true
637312,13.2773,274.62,0.9893,60.84,true
637440,13.2800,275.54,0.9890,60.90,true
637568,13.2827,275.75,0.9902,60.91,true
637696,13.2853,275.91,0.9905,60.92,true
637824,13.2880,275.99,0.9915,60.93,true
637952,13.2907,276.18,0.9917,60.94,true
638080,13.2933,277.13,0.9932,61.00,true
638208,13.2960,277.22,0.9939,61.00,true
638336,13.2987,277.30,0.9934,61.01,true
638464,13.3013,277.43,0.9938,61.02,true
638592,13.3040,277.55,0.9937,61.02,true
638720,13.3067,277.67,0.9935,61.03,true
638848,13.3093,278.70,0.9933,61.09,true
638976,13.3120,278.92,0.9932,61.11,true
639104,13.3147,279.15,0.9934,61.12,true
639232,13.3173,279.35,0.9935,61.13,true
639360,13.3200,280.36,0.9937,61.20,true
639488,13.3227,280.66,0.9940,61.22,true
639616,13.3253,280.93,0.9935,61.23,true
639744,13.3280,281.96,0.9929,61.30,true
639872,13.3307,282.18,0.9923,61.31,true
640000,13.3333,282.47,0.9913,61.33,true
640128,13.3360,283.64,0.9903,61.40,true
640256,13.3387,283.94,0.9909,61.42,true
640384,13.3413,284.25,0.9903,61.44,true
640512,13.3440,285.41,0.9898,61.51,true
640640,13.3467,285.74,0.9906,61.53,true
640768,13.3493,286.09,0.9911,61.55,true
640896,13.3520,287.22,0.9934,61.62,true
641024,13.3547,287.47,0.9933,61.63,true
641152,13.3573,287.84,0.9909,61.65,true
641280,13.3600,289.03,0.9910,61.72,true
641408,13.3627,289.28,0.9893,61.74,true
641536,13.3653,289.55,0.9857,61.76,true
641664,13.3680,290.80,0.9849,61.83,true
641792,13.3707,291.11,0.9813,61.85,true
641920,13.3733,292.32,0.9788,61.92,true
642048,13.3760,292.67,0.9780,61.94,true
642176,13.3787,292.96,0.9735,61.96,true
642304,13.3813,292.83,0.9602,61.95,true
642432,13.3840,292.34,0.9468,61.92,true
642560,13.3867,291.04,0.9500,61.84,true
642688,13.3893,289.58,0.9518,61.76,true
642816,13.3920,288.90,0.9607,61.72,true
642944,13.3947,287.56,0.9703,61.64,true
643072,13.3973,287.16,0.9792,61.61,true
643200,13.4000,286.05,0.9870,61.55,true
643328,13.4027,285.80,0.9927,61.53,true
643456,13.4053,285.59,0.9932,61.52,true
643584,13.4080,285.33,0.9921,61.50,true
643712,13.4107,284.23,0.9928,61.43,true
643840,13.4133,283.91,0.9927,61.41,true
643968,13.4160,282.72,0.9918,61.34,true
644096,13.4187,565.84,0.9092,73.35,true
644224,13.4213,565.23,0.9193,73.34,true
644352,13.4240,564.53,0.9287,73.31,true
644480,13.4267,564.04,0.9373,73.30,true
644608,13.4293,564.07,0.9455,73.30,true
644736,13.4320,563.42,0.9515,73.28,true
644864,13.4347,559.02,0.9553,73.14,true
644992,13.4373,558.73,0.9582,73.14,true
645120,13.4400,558.57,0.9613,73.13,true
645248,13.4427,557.42,0.9626,73.10,true
645376,13.4453,556.57,0.9639,73.07,true
645504,13.4480,553.06,0.9626,72.96,true
645632,13.4507,551.66,0.9585,72.92,true
645760,13.4533,546.95,0.9521,72.77,true
645888,13.4560,550.25,0.9442,72.87,true
646016,13.4587,546.65,0.9322,72.76,true
646144,13.4613,544.66,0.9178,72.69,true
646272,13.4640,269.81,0.9870,60.53,true
646400,13.4667,268.50,0.9849,60.45,true
646528,13.4693,268.05,0.9844,60.42,true
646656,13.4720,266.91,0.9826,60.35,true
646784,13.4747,266.56,0.9849,60.32,true
646912,13.4773,265.54,0.9864,60.26,true
647040,13.4800,265.27,0.9889,60.24,true
647168,13.4827,264.95,0.9880,60.22,true
647296,13.4853,263.84,0.9849,60.15,true
647424,13.4880,263.60,0.9802,60.13,true
647552,13.4907,263.45,0.9775,60.12,true
647680,13.4933,263.41,0.9786,60.12,true
647808,13.4960,263.39,0.9790,60.12,true
647936,13.4987,263.46,0.9785,60.12,true
648064,13.5013,263.62,0.9786,60.13,true
648192,13.5040,263.82,0.9798,60.14,true
648320,13.5067,264.07,0.9816,60.16,true
648448,13.5093,532.93,0.9045,72.32,true
648576,13.5120,534.13,0.9054,72.36,true
648704,13.5147,265.01,0.9886,60.22,true
648832,13.5173,264.98,0.9880,60.22,true
648960,13.5200,265.01,0.9865,60.22,true
649088,13.5227,265.09,0.9852,60.23,true
649216,13.5253,265.31,0.9821,60.24,true
649344,13.5280,266.44,0.9793,60.32,true
649472,13.5307,267.80,0.9784,60.40,true
649600,13.5333,268.30,0.9819,60.44,true
649728,13.5360,269.52,0.9856,60.51,true
649856,13.5387,269.97,0.9869,60.54,true
649984,13.5413,271.09,0.9888,60.62,true
650112,13.5440,271.38,0.9874,60.63,true
650240,13.5467,272.57,0.9864,60.71,true
650368,13.5493,272.99,0.9850,60.74,true
650496,13.5520,274.15,0.9826,60.81,true
650624,13.5547,274.50,0.9797,60.83,true
650752,13.5573,275.81,0.9807,60.91,true
650880,13.5600,276.23,0.9821,60.94,true
651008,13.5627,277.30,0.9850,61.01,true
651136,13.5653,277.56,0.9874,61.02,true
651264,13.5680,278.76,0.9868,61.10,true
651392,13.5707,279.14,0.9859,61.12,true
651520,13.5733,279.40,0.9847,61.14,true
651648,13.5760,280.51,0.9856,61.21,true
651776,13.5787,281.02,0.9838,61.24,true
651904,13.5813,282.32,0.9845,61.32,true
652032,13.5840,282.72,0.9858,61.34,true
652160,13.5867,284.00,0.9866,61.42,true
652288,13.5893,285.42,0.9853,61.51,true
652416,13.5920,285.93,0.9799,61.54,true
652544,13.5947,287.29,0.9719,61.62,true
652672,13.5973,288.77,0.9636,61.71,true
652800,13.6000,289.38,0.9572,61.75,true
652928,13.6027,290.95,0.9512,61.84,true
653056,13.6053,292.63,0.9518,61.94,true
653184,13.6080,294.15,0.9531,62.03,true
653312,13.6107,294.82,0.9611,62.07,true
653440,13.6133,296.05,0.9669,62.14,true
653568,13.6160,295.92,0.9673,62.13,true
653696,13.6187,294.87,0.9694,62.07,true
653824,13.6213,294.71,0.9704,62.06,true
653952,13.6240,294.35,0.9706,62.04,true
654080,13.6267,292.96,0.9723,61.96,true
654208,13.6293,292.47,0.9765,61.93,true
654336,13.6320,291.13,0.9812,61.85,true
654464,13.6347,290.73,0.9833,61.83,true
654592,13.6373,289.53,0.9848,61.75,true
654720,13.6400,289.21,0.9868,61.74,true
654848,13.6427,288.90,0.9883,61.72,true
654976,13.6453,287.76,0.9895,61.65,true
655104,13.6480,287.51,0.9917,61.63,true
655232,13.6507,287.23,0.9921,61.62,true
655360,13.6533,286.08,0.9914,61.55,true
655488,13.6560,285.79,0.9915,61.53,true
655616,13.6587,285.49,0.9907,61.51,true
655744,13.6613,284.18,0.9888,61.43,true
655872,13.6640,283.74,0.9877,61.40,true
656000,13.6667,282.47,0.9885,61.33,true
656128,13.6693,282.09,0.9893,61.30,true
656256,13.6720,563.82,0.9028,73.29,true
656384,13.6747,563.34,0.9200,73.28,true
656512,13.6773,559.04,0.9383,73.15,true
656640,13.6800,557.80,0.9530,73.11,true
656768,13.6827,557.22,0.9624,73.09,true
656896,13.6853,557.12,0.9659,73.09,true
657024,13.6880,552.53,0.9683,72.94,true
657152,13.6907,551.01,0.9674,72.89,true
657280,13.6933,550.86,0.9637,72.89,true
657408,13.6960,550.33,0.9564,72.87,true
657536,13.6987,545.98,0.9478,72.74,true
657664,13.7013,544.65,0.9353,72.69,true
657792,13.7040,540.32,0.9215,72.56,true
657920,13.7067,538.53,0.9023,72.50,true
658048,13.7093,266.57,0.9874,60.32,true
658176,13.7120,265.35,0.9907,60.24,true
658304,13.7147,265.16,0.9929,60.23,true
658432,13.7173,265.10,0.9933,60.23,true
658560,13.7200,265.07,0.9938,60.23,true
658688,13.7227,532.55,0.9052,72.30,true
658816,13.7253,528.88,0.9111,72.19,true
658944,13.7280,528.86,0.9209,72.18,true
659072,13.7307,528.58,0.9268,72.18,true
659200,13.7333,528.02,0.9273,72.16,true
659328,13.7360,528.25,0.9266,72.16,true
659456,13.7387,528.47,0.9304,72.17,true
659584,13.7413,527.71,0.9349,72.15,true
659712,13.7440,527.14,0.9360,72.13,true
659840,13.7467,528.54,0.9351,72.17,true
659968,13.7493,528.87,0.9345,72.18,true
660096,13.7520,528.67,0.9315,72.18,true
660224,13.7547,532.02,0.9290,72.29,true
660352,13.7573,528.72,0.9258,72.18,true
660480,13.7600,527.36,0.9212,72.14,true
660608,13.7627,527.93,0.9146,72.15,true
660736,13.7653,528.93,0.9140,72.19,true
660864,13.7680,528.24,0.9192,72.16,true
660992,13.7707,531.93,0.9239,72.28,true
661120,13.7733,533.67,0.9307,72.34,true
661248,13.7760,533.87,0.9398,72.35,true
661376,13.7787,537.82,0.9413,72.48,true
661504,13.7813,540.04,0.9463,72.55,true
661632,13.7840,540.53,0.9406,72.56,true
661760,13.7867,540.80,0.9348,72.57,true
661888,13.7893,545.60,0.9194,72.72,true
662016,13.7920,274.10,0.9730,60.81,true
662144,13.7947,275.84,0.9670,60.92,true
662272,13.7973,277.63,0.9641,61.03,true
662400,13.8000,279.36,0.9666,61.14,true
662528,13.8027,280.75,0.9740,61.22,true
662656,13.8053,282.21,0.9784,61.31,true
662784,13.8080,283.67,0.9753,61.40,true
662912,13.8107,284.21,0.9661,61.43,true
663040,13.8133,285.43,0.9540,61.51,true
663168,13.8160,285.81,0.9396,61.53,true
663296,13.8187,287.43,0.9216,61.63,true
663424,13.8213,289.53,0.9007,61.75,true
663552,13.8240,,,,false
663680,13.8267,,,,false
663808,13.8293,298.40,0.9059,62.28,true
663936,13.8320,300.16,0.9338,62.38,true
664064,13.8347,301.71,0.9439,62.47,true
664192,13.8373,302.02,0.9471,62.49,true
664320,13.8400,302.13,0.9498,62.49,true
664448,13.8427,302.05,0.9592,62.49,true
664576,13.8453,301.99,0.9636,62.48,true
664704,13.8480,302.36,0.9615,62.51,true
664832,13.8507,303.73,0.9613,62.58,true
664960,13.8533,304.12,0.9598,62.61,true
665088,13.8560,304.07,0.9608,62.60,true
665216,13.8587,303.95,0.9639,62.60,true
665344,13.8613,303.97,0.9673,62.60,true
665472,13.8640,304.09,0.9671,62.60,true
665600,13.8667,305.29,0.9665,62.67,true
665728,13.8693,304.23,0.9672,62.61,true
665856,13.8720,304.10,0.9672,62.60,true
665984,13.8747,303.80,0.9690,62.59,true
666112,13.8773,303.56,0.9683,62.57,true
666240,13.8800,302.32,0.9615,62.50,true
666368,13.8827,302.03,0.9552,62.49,true
666496,13.8853,301.80,0.9538,62.47,true
666624,13.8880,301.56,0.9578,62.46,true
666752,13.8907,300.29,0.9649,62.39,true
666880,13.8933,299.90,0.9733,62.36,true
667008,13.8960,299.74,0.9730,62.35,true
667136,13.8987,299.74,0.9693,62.35,true
667264,13.9013,299.64,0.9653,62.35,true
667392,13.9040,298.44,0.9667,62.28,true
667520,13.9067,297.96,0.9608,62.25,true
667648,13.9093,296.43,0.9552,62.16,true
667776,13.9120,294.89,0.9489,62.07,true
667904,13.9147,292.83,0.9443,61.95,true
668032,13.9173,291.18,0.9516,61.85,true
668160,13.9200,290.52,0.9605,61.81,true
668288,13.9227,289.05,0.9632,61.73,true
668416,13.9253,287.16,0.9586,61.61,true
668544,13.9280,284.34,0.9535,61.44,true
668672,13.9307,282.69,0.9553,61.34,true
668800,13.9333,282.10,0.9643,61.30,true
668928,13.9360,280.87,0.9697,61.23,true
669056,13.9387,280.53,0.9768,61.21,true
669184,13.9413,279.35,0.9804,61.14,true
669312,13.9440,279.15,0.9846,61.12,true
669440,13.9467,278.97,0.9863,61.11,true
669568,13.9493,277.83,0.9862,61.04,true
669696,13.9520,277.51,0.9878,61.02,true
669824,13.9547,277.29,0.9885,61.01,true
669952,13.9573,277.14,0.9904,61.00,true
670080,13.9600,276.15,0.9912,60.94,true
670208,13.9627,276.03,0.9916,60.93,true
670336,13.9653,275.89,0.9928,60.92,true
670464,13.9680,275.77,0.9930,60.91,true
670592,13.9707,275.76,0.9929,60.91,true
670720,13.9733,275.79,0.9932,60.91,true
670848,13.9760,275.87,0.9930,60.92,true
670976,13.9787,275.91,0.9920,60.92,true
671104,13.9813,275.86,0.9915,60.92,true
671232,13.9840,275.81,0.9910,60.91,true
671360,13.9867,275.74,0.9905,60.91,true
671488,13.9893,275.61,0.9896,60.90,true
671616,13.9920,274.59,0.9857,60.84,true
671744,13.9947,274.27,0.9819,60.82,true
671872,13.9973,272.97,0.9759,60.74,true
672000,14.0000,271.49,0.9691,60.64,true
672128,14.0027,271.00,0.9682,60.61,true
672256,14.0053,268.49,0.9628,60.45,true
672384,14.0080,266.71,0.9554,60.33,true
672512,14.0107,264.88,0.9315,60.21,true
672640,14.0133,,,,false
672768,14.0160,,,,false
672896,14.0187,,,,false
673024,14.0213,,,,false
673152,14.0240,,,,false
673280,14.0267,,,,false
673408,14.0293,,,,false
673536,14.0320,,,,false
673664,14.0347,,,,false
673792,14.0373,,,,false
673920,14.0400,,,,false
674048,14.0427,,,,false
674176,14.0453,,,,false
674304,14.0480,,,,false
674432,14.0507,,,,false
674560,14.0533,,,,false
674688,14.0560,,,,false
674816,14.0587,,,,false
674944,14.0613,,,,false
675072,14.0640,,,,false
675200,14.0667,,,,false
675328,14.0693,,,,false
675456,14.0720,,,,false
675584,14.0747,,,,false
675712,14.0773,,,,false
675840,14.0800,,,,false
675968,14.0827,,,,false
676096,14.0853,,,,false
676224,14.0880,,,,false
676352,14.0907,,,,false
676480,14.0933,,,,false
676608,14.0960,,,,false
676736,14.0987,,,,false
676864,14.1013,,,,false
676992,14.1040,,,,false
677120,14.1067,,,,false
677248,14.1093,,,,false
677376,14.1120,,,,false
677504,14.1147,,,,false
677632,14.1173,,,,false
677760,14.1200,,,,false
677888,14.1227,,,,false
678016,14.1253,,,,false
678144,14.1280,,,,false
678272,14.1307,,,,false
678400,14.1333,,,,false
678528,14.1360,,,,false
678656,14.1387,,,,false
678784,14.1413,,,,false
678912,14.1440,,,,false
679040,14.1467,,,,false
679168,14.1493,,,,false
679296,14.1520,,,,false
679424,14.1547,,,,false
679552,14.1573,,,,false
679680,14.1600,,,,false
679808,14.1627,,,,false
679936,14.1653,,,,false
680064,14.1680,,,,false
680192,14.1707,,,,false
680320,14.1733,,,,false
680448,14.1760,,,,false
680576,14.1787,,,,false
680704,14.1813,,,,false
680832,14.1840,,,,false
680960,14.1867,,,,false
681088,14.1893,,,,false
681216,14.1920,,,,false
681344,14.1947,,,,false
681472,14.1973,,,,false
681600,14.2000,,,,false
681728,14.2027,,,,false
681856,14.2053,,,,false
681984,14.2080,,,,false
682112,14.2107,,,,false
682240,14.2133,,,,false
682368,14.2160,,,,false
682496,14.2187,,,,false
682624,14.2213,,,,false
682752,14.2240,,,,false
682880,14.2267,,,,false
683008,14.2293,,,,false
683136,14.2320,,,,false
683264,14.2347,,,,false
683392,14.2373,,,,false
683520,14.2400,,,,false
683648,14.2427,,,,false
683776,14.2453,,,,false
683904,14.2480,,,,false
684032,14.2507,,,,false
684160,14.2533,,,,false
684288,14.2560,,,,false
684416,14.2587,,,,false
684544,14.2613,,,,false
684672,14.2640,,,,false
684800,14.2667,,,,false
684928,14.2693,,,,false
685056,14.2720,,,,false
685184,14.2747,,,,false
685312,14.2773,,,,false
685440,14.2800,,,,false
685568,14.2827,,,,false
685696,14.2853,,,,false
685824,14.2880,,,,false
685952,14.2907,,,,false
686080,14.2933,,,,false
686208,14.2960,,,,false
686336,14.2987,,,,false
686464,14.3013,,,,false
686592,14.3040,,,,false
686720,14.3067,,,,false
686848,14.3093,,,,false
686976,14.3120,,,,false
687104,14.3147,,,,false
687232,14.3173,,,,false
687360,14.3200,,,,false
687488,14.3227,,,,false
687616,14.3253,,,,false
687744,14.3280,,,,false
687872,14.3307,,,,false
688000,14.3333,,,,false
688128,14.3360,,,,false
688256,14.3387,,,,false
688384,14.3413,,,,false
688512,14.3440,,,,false
688640,14.3467,,,,false
688768,14.3493,,,,false
688896,14.3520,,,,false
689024,14.3547,,,,false
689152,14.3573,,,,false
689280,14.3600,,,,false
689408,14.3627,,,,false
689536,14.3653,,,,false
689664,14.3680,,,,false
689792,14.3707,,,,false
689920,14.3733,,,,false
690048,14.3760,,,,false
690176,14.3787,,,,false
690304,14.3813,,,,false
690432,14.3840,,,,false
690560,14.3867,,,,false
690688,14.3893,,,,false
690816,14.3920,,,,false
690944,14.3947,,,,false
691072,14.3973,,,,false
691200,14.4000,,,,false
691328,14.4027,,,,false
691456,14.4053,,,,false
691584,14.4080,,,,false
691712,14.4107,,,,false
691840,14.4133,,,,false
691968,14.4160,,,,false
692096,14.4187,,,,false
692224,14.4213,,,,false
692352,14.4240,,,,false
692480,14.4267,,,,false
692608,14.4293,,,,false
692736,14.4320,,,,false
692864,14.4347,,,,false
692992,14.4373,,,,false
693120,14.4400,,,,false
693248,14.4427,,,,false
693376,14.4453,,,,false
693504,14.4480,,,,false
693632,14.4507,,,,false
693760,14.4533,,,,false
693888,14.4560,,,,false
694016,14.4587,,,,false
694144,14.4613,,,,false
694272,14.4640,,,,false
694400,14.4667,,,,false
694528,14.4693,,,,false
694656,14.4720,,,,false
694784,14.4747,,,,false
694912,14.4773,,,,false
695040,14.4800,,,,false
695168,14.4827,,,,false
695296,14.4853,,,,false
695424,14.4880,,,,false
695552,14.4907,,,,false
695680,14.4933,,,,false
695808,14.4960,,,,false
695936,14.4987,,,,false
696064,14.5013,,,,false
696192,14.5040,,,,false
696320,14.5067,,,,false
696448,14.5093,,,,false
696576,14.5120,,,,false
696704,14.5147,,,,false
696832,14.5173,,,,false
696960,14.5200,,,,false
697088,14.5227,,,,false
697216,14.5253,,,,false
697344,14.5280,,,,false
697472,14.5307,,,,false
697600,14.5333,,,,false
697728,14.5360,,,,false
697856,14.5387,,,,false
697984,14.5413,,,,false
698112,14.5440,,,,false
698240,14.5467,,,,false
698368,14.5493,251.55,0.9056,59.32,true
698496,14.5520,252.72,0.9095,59.40,true
698624,14.5547,254.03,0.9203,59.49,true
698752,14.5573,255.29,0.9474,59.58,true
698880,14.5600,256.54,0.9330,59.66,true
699008,14.5627,257.90,0.9090,59.75,true
699136,14.5653,,,,false
699264,14.5680,,,,false
699392,14.5707,,,,false
699520,14.5733,,,,false
699648,14.5760,,,,false
699776,14.5787,,,,false
699904,14.5813,,,,false
700032,14.5840,,,,false
700160,14.5867,,,,false
700288,14.5893,,,,false
700416,14.5920,,,,false
700544,14.5947,,,,false
700672,14.5973,,,,false
700800,14.6000,,,,false
700928,14.6027,,,,false
701056,14.6053,,,,false
701184,14.6080,,,,false
701312,14.6107,,,,false
701440,14.6133,,,,false
701568,14.6160,,,,false
701696,14.6187,,,,false
701824,14.6213,,,,false
701952,14.6240,,,,false
702080,14.6267,,,,false
702208,14.6293,,,,false
702336,14.6320,,,,false
702464,14.6347,,,,false
702592,14.6373,,,,false
702720,14.6400,,,,false
702848,14.6427,,,,false
702976,14.6453,,,,false
703104,14.6480,,,,false
703232,14.6507,289.38,0.9017,61.75,true
703360,14.6533,290.64,0.9118,61.82,true
703488,14.6560,291.21,0.9065,61.85,true
703616,14.6587,292.48,0.9058,61.93,true
703744,14.6613,,,,false
703872,14.6640,,,,false
704000,14.6667,,,,false
704128,14.6693,,,,false
704256,14.6720,,,,false
704384,14.6747,,,,false
704512,14.6773,,,,false
704640,14.6800,,,,false
704768,14.6827,296.74,0.9041,62.18,true
704896,14.6853,297.79,0.9053,62.24,true
705024,14.6880,,,,false
705152,14.6907,,,,false
705280,14.6933,,,,false
705408,14.6960,,,,false
705536,14.6987,,,,false
705664,14.7013,,,,false
705792,14.7040,,,,false
705920,14.7067,,,,false
706048,14.7093,312.02,0.9033,63.05,true
706176,14.7120,313.67,0.9085,63.14,true
706304,14.7147,315.78,0.9068,63.26,true
706432,14.7173,317.61,0.9022,63.36,true
706560,14.7200,,,,false
706688,14.7227,,,,false
706816,14.7253,,,,false
706944,14.7280,,,,false
707072,14.7307,,,,false
707200,14.7333,,,,false
707328,14.7360,,,,false
707456,14.7387,,,,false
707584,14.7413,,,,false
707712,14.7440,,,,false
707840,14.7467,,,,false
707968,14.7493,,,,false
708096,14.7520,,,,false
708224,14.7547,,,,false
708352,14.7573,,,,false
708480,14.7600,,,,false
708608,14.7627,,,,false
708736,14.7653,,,,false
708864,14.7680,,,,false
708992,14.7707,,,,false
709120,14.7733,,,,false
709248,14.7760,,,,false
709376,14.7787,,,,false
709504,14.7813,,,,false
709632,14.7840,,,,false
709760,14.7867,,,,false
709888,14.7893,,,,false
710016,14.7920,,,,false
710144,14.7947,,,,false
710272,14.7973,,,,false
710400,14.8000,,,,false
710528,14.8027,,,,false
710656,14.8053,,,,false
710784,14.8080,,,,false
710912,14.8107,,,,false
711040,14.8133,,,,false
711168,14.8160,,,,false
711296,14.8187,,,,false
711424,14.8213,,,,false
711552,14.8240,,,,false
711680,14.8267,,,,false
711808,14.8293,,,,false
711936,14.8320,,,,false
712064,14.8347,,,,false
712192,14.8373,,,,false
712320,14.8400,,,,false
712448,14.8427,,,,false
712576,14.8453,,,,false
712704,14.8480,,,,false
712832,14.8507,,,,false
712960,14.8533,,,,false
713088,14.8560,,,,false
713216,14.8587,,,,false
713344,14.8613,,,,false
713472,14.8640,,,,false
713600,14.8667,,,,false
713728,14.8693,,,,false
713856,14.8720,,,,false
713984,14.8747,,,,false
714112,14.8773,,,,false
714240,14.8800,280.72,0.9020,61.22,true
714368,14.8827,279.26,0.9141,61.13,true
714496,14.8853,277.16,0.9246,61.00,true
714624,14.8880,275.96,0.9336,60.92,true
714752,14.8907,276.08,0.9205,60.93,true
714880,14.8933,276.09,0.9137,60.93,true
715008,14.8960,275.96,0.9133,60.92,true
715136,14.8987,275.82,0.9110,60.91,true
715264,14.9013,276.05,0.9053,60.93,true
715392,14.9040,,,,false
715520,14.9067,,,,false
715648,14.9093,,,,false
715776,14.9120,,,,false
715904,14.9147,,,,false
716032,14.9173,,,,false
716160,14.9200,281.99,0.9009,61.30,true
716288,14.9227,,,,false
716416,14.9253,,,,false
716544,14.9280,,,,false
716672,14.9307,,,,false
716800,14.9333,,,,false
716928,14.9360,,,,false
717056,14.9387,,,,false
717184,14.9413,,,,false
717312,14.9440,,,,false
717440,14.9467,,,,false
717568,14.9493,,,,false
717696,14.9520,,,,false
717824,14.9547,,,,false
717952,14.9573,,,,false
718080,14.9600,,,,false
718208,14.9627,,,,false
718336,14.9653,,,,false
718464,14.9680,,,,false
718592,14.9707,,,,false
718720,14.9733,,,,false
718848,14.9760,,,,false
718976,14.9787,,,,false
719104,14.9813,,,,false
719232,14.9840,78.81,0.9328,39.23,true
719360,14.9867,78.85,0.9359,39.24,true
719488,14.9893,78.93,0.9379,39.25,true
719616,14.9920,78.98,0.9345,39.26,true
719744,14.9947,79.08,0.9422,39.29,true
719872,14.9973,78.98,0.9298,39.26,true
720000,15.0000,,,,false
720128,15.0027,,,,false
720256,15.0053,,,,false
720384,15.0080,,,,false
720512,15.0107,,,,false
720640,15.0133,,,,false
720768,15.0160,,,,false
720896,15.0187,,,,false
721024,15.0213,,,,false
721152,15.0240,,,,false
721280,15.0267,,,,false
721408,15.0293,,,,false
721536,15.0320,,,,false
721664,15.0347,,,,false
721792,15.0373,,,,false
721920,15.0400,301.64,0.9131,62.46,true
722048,15.0427,,,,false
722176,15.0453,,,,false
722304,15.0480,,,,false
722432,15.0507,,,,false
722560,15.0533,,,,false
722688,15.0560,,,,false
722816,15.0587,,,,false
722944,15.0613,,,,false
723072,15.0640,,,,false
723200,15.0667,,,,false
723328,15.0693,,,,false
723456,15.0720,,,,false
723584,15.0747,,,,false
723712,15.0773,,,,false
723840,15.0800,285.32,0.9076,61.50,true
723968,15.0827,283.70,0.9186,61.40,true
724096,15.0853,282.66,0.9326,61.34,true
724224,15.0880,283.64,0.9431,61.40,true
724352,15.0907,282.61,0.9418,61.34,true
724480,15.0933,282.12,0.9553,61.31,true
724608,15.0960,280.71,0.9685,61.22,true
724736,15.0987,279.47,0.9784,61.14,true
