sample_offset,time_seconds,frequency_hz,confidence,midi_note,detected
0,0.0000,,,,false
128,0.0027,,,,false
256,0.0053,,,,false
384,0.0080,,,,false
512,0.0107,,,,false
640,0.0133,,,,false
768,0.0160,,,,false
896,0.0187,,,,false
1024,0.0213,,,,false
1152,0.0240,,,,false
1280,0.0267,,,,false
1408,0.0293,,,,false
1536,0.0320,,,,false
1664,0.0347,,,,false
1792,0.0373,,,,false
1920,0.0400,,,,false
2048,0.0427,,,,false
2176,0.0453,,,,false
2304,0.0480,,,,false
2432,0.0507,,,,false
2560,0.0533,,,,false
2688,0.0560,,,,false
2816,0.0587,,,,false
2944,0.0613,,,,false
3072,0.0640,,,,false
3200,0.0667,,,,false
3328,0.0693,,,,false
3456,0.0720,,,,false
3584,0.0747,,,,false
3712,0.0773,,,,false
3840,0.0800,,,,false
3968,0.0827,,,,false
4096,0.0853,,,,false
4224,0.0880,,,,false
4352,0.0907,,,,false
4480,0.0933,,,,false
4608,0.0960,,,,false
4736,0.0987,,,,false
4864,0.1013,,,,false
4992,0.1040,,,,false
5120,0.1067,,,,false
5248,0.1093,,,,false
5376,0.1120,,,,false
5504,0.1147,,,,false
5632,0.1173,,,,false
5760,0.1200,,,,false
5888,0.1227,,,,false
6016,0.1253,,,,false
6144,0.1280,,,,false
6272,0.1307,,,,false
6400,0.1333,,,,false
6528,0.1360,,,,false
6656,0.1387,,,,false
6784,0.1413,,,,false
6912,0.1440,,,,false
7040,0.1467,,,,false
7168,0.1493,,,,false
7296,0.1520,,,,false
7424,0.1547,,,,false
7552,0.1573,,,,false
7680,0.1600,,,,false
7808,0.1627,,,,false
7936,0.1653,,,,false
8064,0.1680,,,,false
8192,0.1707,,,,false
8320,0.1733,,,,false
8448,0.1760,,,,false
8576,0.1787,,,,false
8704,0.1813,,,,false
8832,0.1840,,,,false
8960,0.1867,,,,false
9088,0.1893,,,,false
9216,0.1920,,,,false
9344,0.1947,,,,false
9472,0.1973,,,,false
9600,0.2000,,,,false
9728,0.2027,,,,false
9856,0.2053,,,,false
9984,0.2080,,,,false
10112,0.2107,,,,false
10240,0.2133,,,,false
10368,0.2160,,,,false
10496,0.2187,,,,false
10624,0.2213,,,,false
10752,0.2240,,,,false
10880,0.2267,,,,false
11008,0.2293,,,,false
11136,0.2320,,,,false
11264,0.2347,,,,false
11392,0.2373,,,,false
11520,0.2400,,,,false
11648,0.2427,,,,false
11776,0.2453,994.82,1.0000,83.12,true
11904,0.2480,,,,false
12032,0.2507,,,,false
12160,0.2533,,,,false
12288,0.2560,853.33,1.0000,80.47,true
12416,0.2587,655.29,1.0000,75.90,true
12544,0.2613,,,,false
12672,0.2640,,,,false
12800,0.2667,,,,false
12928,0.2693,,,,false
13056,0.2720,,,,false
13184,0.2747,,,,false
13312,0.2773,,,,false
13440,0.2800,,,,false
13568,0.2827,,,,false
13696,0.2853,,,,false
13824,0.2880,,,,false
13952,0.2907,,,,false
14080,0.2933,,,,false
14208,0.2960,,,,false
14336,0.2987,,,,false
14464,0.3013,,,,false
14592,0.3040,,,,false
14720,0.3067,,,,false
14848,0.3093,,,,false
14976,0.3120,,,,false
15104,0.3147,291.26,0.9090,61.86,true
15232,0.3173,,,,false
15360,0.3200,,,,false
15488,0.3227,292.44,0.9193,61.93,true
15616,0.3253,292.46,0.9488,61.93,true
15744,0.3280,292.80,0.9193,61.95,true
15872,0.3307,294.03,0.9043,62.02,true
16000,0.3333,,,,false
16128,0.3360,,,,false
16256,0.3387,,,,false
16384,0.3413,294.84,0.9042,62.07,true
16512,0.3440,295.96,0.9189,62.13,true
16640,0.3467,295.93,0.9286,62.13,true
16768,0.3493,295.92,0.9504,62.13,true
16896,0.3520,294.76,0.9606,62.06,true
17024,0.3547,294.55,0.9702,62.05,true
17152,0.3573,294.38,0.9893,62.04,true
17280,0.3600,294.38,0.9904,62.04,true
17408,0.3627,294.33,0.9913,62.04,true
17536,0.3653,294.37,0.9921,62.04,true
17664,0.3680,294.49,0.9929,62.05,true
17792,0.3707,294.47,0.9951,62.05,true
17920,0.3733,294.50,0.9949,62.05,true
18048,0.3760,294.42,0.9942,62.04,true
18176,0.3787,294.36,0.9931,62.04,true
18304,0.3813,294.32,0.9936,62.04,true
18432,0.3840,294.31,0.9931,62.04,true
18560,0.3867,294.33,0.9931,62.04,true
18688,0.3893,294.15,0.9932,62.03,true
18816,0.3920,294.06,0.9918,62.02,true
18944,0.3947,293.05,0.9928,61.96,true
19072,0.3973,292.99,0.9931,61.96,true
19200,0.4000,292.93,0.9938,61.96,true
19328,0.4027,292.81,0.9921,61.95,true
19456,0.4053,292.70,0.9938,61.94,true
19584,0.4080,292.63,0.9944,61.94,true
19712,0.4107,292.59,0.9946,61.94,true
19840,0.4133,292.52,0.9959,61.93,true
19968,0.4160,292.55,0.9956,61.93,true
20096,0.4187,292.55,0.9958,61.93,true
20224,0.4213,292.56,0.9948,61.93,true
20352,0.4240,292.59,0.9961,61.94,true
20480,0.4267,292.55,0.9960,61.93,true
20608,0.4293,292.45,0.9955,61.93,true
20736,0.4320,292.39,0.9948,61.92,true
20864,0.4347,292.42,0.9942,61.93,true
20992,0.4373,292.31,0.9936,61.92,true
21120,0.4400,292.29,0.9936,61.92,true
21248,0.4427,292.26,0.9937,61.92,true
21376,0.4453,291.31,0.9940,61.86,true
21504,0.4480,291.33,0.9934,61.86,true
21632,0.4507,291.33,0.9927,61.86,true
21760,0.4533,292.26,0.9930,61.92,true
21888,0.4560,291.31,0.9939,61.86,true
22016,0.4587,291.34,0.9941,61.86,true
22144,0.4613,291.30,0.9943,61.86,true
22272,0.4640,291.27,0.9955,61.86,true
22400,0.4667,291.25,0.9951,61.86,true
22528,0.4693,291.18,0.9956,61.85,true
22656,0.4720,291.21,0.9960,61.85,true
22784,0.4747,291.25,0.9959,61.86,true
22912,0.4773,291.30,0.9948,61.86,true
23040,0.4800,291.24,0.9931,61.86,true
23168,0.4827,291.18,0.9926,61.85,true
23296,0.4853,291.18,0.9921,61.85,true
23424,0.4880,291.25,0.9924,61.86,true
23552,0.4907,291.24,0.9926,61.86,true
23680,0.4933,291.29,0.9923,61.86,true
23808,0.4960,291.23,0.9925,61.86,true
23936,0.4987,291.17,0.9938,61.85,true
24064,0.5013,291.27,0.9958,61.86,true
24192,0.5040,292.27,0.9964,61.92,true
24320,0.5067,292.35,0.9966,61.92,true
24448,0.5093,292.33,0.9960,61.92,true
24576,0.5120,292.51,0.9964,61.93,true
24704,0.5147,292.60,0.9963,61.94,true
24832,0.5173,292.66,0.9959,61.94,true
24960,0.5200,292.80,0.9953,61.95,true
25088,0.5227,292.81,0.9940,61.95,true
25216,0.5253,292.81,0.9940,61.95,true
25344,0.5280,292.85,0.9938,61.95,true
25472,0.5307,292.92,0.9944,61.96,true
25600,0.5333,292.92,0.9942,61.96,true
25728,0.5360,292.84,0.9933,61.95,true
25856,0.5387,292.83,0.9941,61.95,true
25984,0.5413,292.76,0.9943,61.95,true
26112,0.5440,292.73,0.9952,61.94,true
26240,0.5467,292.72,0.9954,61.94,true
26368,0.5493,292.72,0.9958,61.94,true
26496,0.5520,292.69,0.9950,61.94,true
26624,0.5547,292.69,0.9950,61.94,true
26752,0.5573,292.66,0.9960,61.94,true
26880,0.5600,292.68,0.9957,61.94,true
27008,0.5627,292.72,0.9961,61.94,true
27136,0.5653,292.77,0.9947,61.95,true
27264,0.5680,292.83,0.9944,61.95,true
27392,0.5707,292.79,0.9940,61.95,true
27520,0.5733,292.83,0.9947,61.95,true
27648,0.5760,292.79,0.9948,61.95,true
27776,0.5787,292.91,0.9946,61.96,true
27904,0.5813,292.94,0.9949,61.96,true
28032,0.5840,292.95,0.9950,61.96,true
28160,0.5867,292.95,0.9966,61.96,true
28288,0.5893,292.92,0.9968,61.96,true
28416,0.5920,292.97,0.9973,61.96,true
28544,0.5947,293.00,0.9971,61.96,true
28672,0.5973,293.05,0.9971,61.96,true
28800,0.6000,292.97,0.9976,61.96,true
28928,0.6027,292.96,0.9968,61.96,true
29056,0.6053,293.00,0.9965,61.96,true
29184,0.6080,293.00,0.9960,61.96,true
29312,0.6107,293.07,0.9955,61.96,true
29440,0.6133,293.06,0.9955,61.96,true
29568,0.6160,293.02,0.9957,61.96,true
29696,0.6187,293.01,0.9957,61.96,true
29824,0.6213,293.00,0.9955,61.96,true
29952,0.6240,293.01,0.9963,61.96,true
30080,0.6267,292.95,0.9962,61.96,true
30208,0.6293,292.91,0.9967,61.96,true
30336,0.6320,292.80,0.9972,61.95,true
30464,0.6347,292.68,0.9971,61.94,true
30592,0.6373,292.59,0.9971,61.94,true
30720,0.6400,292.49,0.9970,61.93,true
30848,0.6427,292.36,0.9968,61.92,true
30976,0.6453,291.27,0.9964,61.86,true
31104,0.6480,291.04,0.9967,61.84,true
31232,0.6507,290.84,0.9960,61.83,true
31360,0.6533,290.57,0.9947,61.82,true
31488,0.6560,289.33,0.9935,61.74,true
31616,0.6587,288.95,0.9911,61.72,true
31744,0.6613,287.56,0.9881,61.64,true
31872,0.6640,287.03,0.9849,61.60,true
32000,0.6667,285.54,0.9804,61.51,true
32128,0.6693,283.89,0.9752,61.41,true
32256,0.6720,282.30,0.9698,61.32,true
32384,0.6747,280.74,0.9612,61.22,true
32512,0.6773,279.20,0.9396,61.13,true
32640,0.6800,277.53,0.9287,61.02,true
32768,0.6827,277.09,0.9147,60.99,true
32896,0.6853,275.53,0.9025,60.90,true
33024,0.6880,,,,false
33152,0.6907,,,,false
33280,0.6933,,,,false
33408,0.6960,,,,false
33536,0.6987,,,,false
33664,0.7013,,,,false
33792,0.7040,,,,false
33920,0.7067,,,,false
34048,0.7093,,,,false
34176,0.7120,,,,false
34304,0.7147,,,,false
34432,0.7173,,,,false
34560,0.7200,,,,false
34688,0.7227,,,,false
34816,0.7253,,,,false
34944,0.7280,,,,false
35072,0.7307,,,,false
35200,0.7333,,,,false
35328,0.7360,,,,false
35456,0.7387,,,,false
35584,0.7413,,,,false
35712,0.7440,,,,false
35840,0.7467,,,,false
35968,0.7493,,,,false
36096,0.7520,,,,false
36224,0.7547,,,,false
36352,0.7573,,,,false
36480,0.7600,,,,false
36608,0.7627,258.04,0.9048,59.76,true
36736,0.7653,,,,false
36864,0.7680,258.30,0.9033,59.78,true
36992,0.7707,256.96,0.9215,59.69,true
37120,0.7733,256.38,0.9315,59.65,true
37248,0.7760,254.10,0.9343,59.49,true
37376,0.7787,253.84,0.9472,59.48,true
37504,0.7813,252.74,0.9576,59.40,true
37632,0.7840,251.64,0.9610,59.33,true
37760,0.7867,250.07,0.9661,59.22,true
37888,0.7893,248.84,0.9692,59.13,true
38016,0.7920,247.55,0.9736,59.04,true
38144,0.7947,245.87,0.9643,58.92,true
38272,0.7973,244.61,0.9606,58.84,true
38400,0.8000,242.38,0.9610,58.68,true
38528,0.8027,239.90,0.9531,58.50,true
38656,0.8053,237.78,0.9460,58.35,true
38784,0.8080,236.26,0.9450,58.23,true
38912,0.8107,234.00,0.9541,58.07,true
39040,0.8133,231.91,0.9646,57.91,true
39168,0.8160,229.94,0.9637,57.77,true
39296,0.8187,228.62,0.9539,57.67,true
39424,0.8213,227.28,0.9610,57.56,true
39552,0.8240,225.39,0.9623,57.42,true
39680,0.8267,224.29,0.9626,57.33,true
39808,0.8293,223.09,0.9638,57.24,true
39936,0.8320,221.37,0.9674,57.11,true
40064,0.8347,220.10,0.9681,57.01,true
40192,0.8373,219.17,0.9774,56.93,true
40320,0.8400,219.24,0.9735,56.94,true
40448,0.8427,219.16,0.9734,56.93,true
40576,0.8453,219.27,0.9715,56.94,true
40704,0.8480,219.26,0.9689,56.94,true
40832,0.8507,219.23,0.9721,56.94,true
40960,0.8533,219.38,0.9673,56.95,true
41088,0.8560,220.16,0.9739,57.01,true
41216,0.8587,220.29,0.9731,57.02,true
41344,0.8613,221.07,0.9775,57.08,true
41472,0.8640,221.13,0.9785,57.09,true
41600,0.8667,221.11,0.9789,57.09,true
41728,0.8693,221.20,0.9819,57.09,true
41856,0.8720,221.22,0.9827,57.10,true
41984,0.8747,221.17,0.9891,57.09,true
42112,0.8773,221.20,0.9893,57.09,true
42240,0.8800,221.06,0.9910,57.08,true
42368,0.8827,220.31,0.9904,57.02,true
42496,0.8853,220.17,0.9888,57.01,true
42624,0.8880,219.96,0.9897,57.00,true
42752,0.8907,219.28,0.9870,56.94,true
42880,0.8933,218.99,0.9851,56.92,true
43008,0.8960,218.19,0.9841,56.86,true
43136,0.8987,217.35,0.9850,56.79,true
43264,0.9013,217.13,0.9829,56.77,true
43392,0.9040,216.16,0.9823,56.69,true
43520,0.9067,215.17,0.9832,56.62,true
43648,0.9093,214.15,0.9838,56.53,true
43776,0.9120,213.22,0.9842,56.46,true
43904,0.9147,212.26,0.9860,56.38,true
44032,0.9173,211.43,0.9862,56.31,true
44160,0.9200,210.47,0.9857,56.23,true
44288,0.9227,209.46,0.9868,56.15,true
44416,0.9253,208.60,0.9867,56.08,true
44544,0.9280,207.06,0.9837,55.95,true
44672,0.9307,206.08,0.9797,55.87,true
44800,0.9333,205.03,0.9817,55.78,true
44928,0.9360,204.19,0.9811,55.71,true
45056,0.9387,202.58,0.9824,55.57,true
45184,0.9413,201.68,0.9775,55.49,true
45312,0.9440,200.78,0.9813,55.42,true
45440,0.9467,199.93,0.9852,55.34,true
45568,0.9493,199.31,0.9851,55.29,true
45696,0.9520,199.14,0.9863,55.28,true
45824,0.9547,198.44,0.9852,55.21,true
45952,0.9573,197.65,0.9817,55.15,true
46080,0.9600,197.42,0.9790,55.13,true
46208,0.9627,196.76,0.9731,55.07,true
46336,0.9653,394.17,0.9081,67.10,true
46464,0.9680,390.41,0.9194,66.93,true
46592,0.9707,393.34,0.9164,67.06,true
46720,0.9733,192.94,0.9615,54.73,true
46848,0.9760,192.67,0.9462,54.70,true
46976,0.9787,191.23,0.9333,54.57,true
47104,0.9813,190.63,0.9356,54.52,true
47232,0.9840,189.90,0.9257,54.45,true
47360,0.9867,189.71,0.9371,54.44,true
47488,0.9893,188.92,0.9436,54.36,true
47616,0.9920,188.41,0.9542,54.32,true
47744,0.9947,188.92,0.9603,54.36,true
47872,0.9973,188.38,0.9714,54.31,true
48000,1.0000,188.91,0.9769,54.36,true
48128,1.0027,188.89,0.9797,54.36,true
48256,1.0053,188.91,0.9874,54.36,true
48384,1.0080,188.80,0.9881,54.35,true
48512,1.0107,188.33,0.9896,54.31,true
48640,1.0133,188.35,0.9896,54.31,true
48768,1.0160,188.14,0.9863,54.29,true
48896,1.0187,188.32,0.9860,54.31,true
49024,1.0213,188.26,0.9837,54.30,true
49152,1.0240,188.14,0.9789,54.29,true
49280,1.0267,187.59,0.9798,54.24,true
49408,1.0293,187.43,0.9771,54.23,true
49536,1.0320,187.56,0.9761,54.24,true
49664,1.0347,187.65,0.9736,54.25,true
49792,1.0373,188.41,0.9766,54.32,true
49920,1.0400,188.36,0.9793,54.31,true
50048,1.0427,188.85,0.9818,54.36,true
50176,1.0453,380.35,0.9222,66.48,true
50304,1.0480,378.12,0.9282,66.38,true
50432,1.0507,380.86,0.9330,66.50,true
50560,1.0533,380.78,0.9295,66.50,true
50688,1.0560,381.21,0.9170,66.52,true
50816,1.0587,381.55,0.9037,66.53,true
50944,1.0613,190.65,0.9934,54.52,true
51072,1.0640,191.11,0.9938,54.56,true
51200,1.0667,191.24,0.9940,54.57,true
51328,1.0693,191.37,0.9938,54.59,true
51456,1.0720,191.26,0.9933,54.58,true
51584,1.0747,191.28,0.9928,54.58,true
51712,1.0773,191.23,0.9915,54.57,true
51840,1.0800,191.31,0.9913,54.58,true
51968,1.0827,191.34,0.9921,54.58,true
52096,1.0853,191.37,0.9926,54.59,true
52224,1.0880,191.34,0.9936,54.58,true
52352,1.0907,191.35,0.9944,54.58,true
52480,1.0933,191.82,0.9951,54.63,true
52608,1.0960,191.87,0.9960,54.63,true
52736,1.0987,191.91,0.9977,54.63,true
52864,1.1013,191.90,0.9980,54.63,true
52992,1.1040,191.91,0.9983,54.64,true
53120,1.1067,191.97,0.9981,54.64,true
53248,1.1093,191.92,0.9981,54.64,true
53376,1.1120,191.90,0.9979,54.63,true
53504,1.1147,191.96,0.9979,54.64,true
53632,1.1173,191.96,0.9979,54.64,true
53760,1.1200,191.88,0.9975,54.63,true
53888,1.1227,191.82,0.9974,54.63,true
54016,1.1253,191.39,0.9976,54.59,true
54144,1.1280,191.33,0.9981,54.58,true
54272,1.1307,191.30,0.9979,54.58,true
54400,1.1333,191.30,0.9981,54.58,true
54528,1.1360,191.18,0.9986,54.57,true
54656,1.1387,191.09,0.9985,54.56,true
54784,1.1413,191.08,0.9984,54.56,true
54912,1.1440,191.11,0.9984,54.56,true
55040,1.1467,191.17,0.9981,54.57,true
55168,1.1493,191.17,0.9980,54.57,true
55296,1.1520,191.20,0.9983,54.57,true
55424,1.1547,191.12,0.9976,54.56,true
55552,1.1573,191.12,0.9975,54.56,true
55680,1.1600,191.14,0.9973,54.57,true
55808,1.1627,191.11,0.9966,54.56,true
55936,1.1653,191.07,0.9965,54.56,true
56064,1.1680,190.61,0.9968,54.52,true
56192,1.1707,190.57,0.9970,54.51,true
56320,1.1733,190.48,0.9969,54.51,true
56448,1.1760,190.52,0.9974,54.51,true
56576,1.1787,190.46,0.9966,54.50,true
56704,1.1813,190.40,0.9969,54.50,true
56832,1.1840,190.39,0.9970,54.50,true
56960,1.1867,190.36,0.9968,54.49,true
57088,1.1893,190.30,0.9973,54.49,true
57216,1.1920,189.87,0.9975,54.45,true
57344,1.1947,189.89,0.9974,54.45,true
57472,1.1973,189.86,0.9976,54.45,true
57600,1.2000,189.90,0.9979,54.45,true
57728,1.2027,190.33,0.9979,54.49,true
57856,1.2053,190.38,0.9985,54.50,true
57984,1.2080,190.45,0.9987,54.50,true
58112,1.2107,190.48,0.9987,54.51,true
58240,1.2133,190.56,0.9987,54.51,true
58368,1.2160,190.63,0.9985,54.52,true
58496,1.2187,191.07,0.9986,54.56,true
58624,1.2213,191.06,0.9987,54.56,true
58752,1.2240,191.08,0.9988,54.56,true
58880,1.2267,191.08,0.9985,54.56,true
59008,1.2293,191.09,0.9985,54.56,true
59136,1.2320,191.06,0.9982,54.56,true
59264,1.2347,191.05,0.9980,54.56,true
59392,1.2373,190.66,0.9977,54.52,true
59520,1.2400,191.05,0.9975,54.56,true
59648,1.2427,191.12,0.9979,54.56,true
59776,1.2453,191.17,0.9979,54.57,true
59904,1.2480,191.19,0.9982,54.57,true
60032,1.2507,191.22,0.9982,54.57,true
60160,1.2533,191.28,0.9982,54.58,true
60288,1.2560,191.34,0.9979,54.58,true
60416,1.2587,191.35,0.9980,54.58,true
60544,1.2613,191.29,0.9975,54.58,true
60672,1.2640,191.27,0.9968,54.58,true
60800,1.2667,191.33,0.9957,54.58,true
60928,1.2693,191.81,0.9935,54.63,true
61056,1.2720,191.81,0.9920,54.63,true
61184,1.2747,191.82,0.9920,54.63,true
61312,1.2773,191.85,0.9907,54.63,true
61440,1.2800,191.92,0.9906,54.64,true
61568,1.2827,192.07,0.9913,54.65,true
61696,1.2853,192.12,0.9921,54.65,true
61824,1.2880,192.09,0.9925,54.65,true
61952,1.2907,192.02,0.9944,54.65,true
62080,1.2933,192.14,0.9956,54.66,true
62208,1.2960,192.59,0.9960,54.70,true
62336,1.2987,192.60,0.9975,54.70,true
62464,1.3013,192.14,0.9974,54.66,true
62592,1.3040,192.07,0.9971,54.65,true
62720,1.3067,191.97,0.9959,54.64,true
62848,1.3093,191.90,0.9951,54.63,true
62976,1.3120,191.38,0.9940,54.59,true
63104,1.3147,191.19,0.9937,54.57,true
63232,1.3173,190.57,0.9934,54.51,true
63360,1.3200,190.35,0.9931,54.49,true
63488,1.3227,189.67,0.9921,54.43,true
63616,1.3253,189.08,0.9917,54.38,true
63744,1.3280,188.84,0.9924,54.36,true
63872,1.3307,188.20,0.9920,54.30,true
64000,1.3333,187.45,0.9907,54.23,true
64128,1.3360,186.77,0.9911,54.16,true
64256,1.3387,185.99,0.9900,54.09,true
64384,1.3413,185.30,0.9893,54.03,true
64512,1.3440,184.55,0.9879,53.96,true
64640,1.3467,183.83,0.9856,53.89,true
64768,1.3493,182.49,0.9888,53.76,true
64896,1.3520,181.96,0.9896,53.71,true
65024,1.3547,181.74,0.9909,53.69,true
65152,1.3573,181.69,0.9868,53.69,true
65280,1.3600,181.71,0.9863,53.69,true
65408,1.3627,182.41,0.9807,53.76,true
65536,1.3653,183.25,0.9702,53.84,true
65664,1.3680,184.70,0.9602,53.97,true
65792,1.3707,186.08,0.9638,54.10,true
65920,1.3733,187.52,0.9596,54.23,true
66048,1.3760,188.91,0.9612,54.36,true
66176,1.3787,190.57,0.9579,54.51,true
66304,1.3813,192.65,0.9531,54.70,true
66432,1.3840,194.27,0.9416,54.85,true
66560,1.3867,,,,false
66688,1.3893,,,,false
66816,1.3920,,,,false
66944,1.3947,,,,false
67072,1.3973,,,,false
67200,1.4000,,,,false
67328,1.4027,,,,false
67456,1.4053,,,,false
67584,1.4080,,,,false
67712,1.4107,,,,false
67840,1.4133,,,,false
67968,1.4160,,,,false
68096,1.4187,,,,false
68224,1.4213,,,,false
68352,1.4240,,,,false
68480,1.4267,,,,false
68608,1.4293,,,,false
68736,1.4320,,,,false
68864,1.4347,,,,false
68992,1.4373,,,,false
69120,1.4400,,,,false
69248,1.4427,,,,false
69376,1.4453,,,,false
69504,1.4480,,,,false
69632,1.4507,260.68,0.9063,59.94,true
69760,1.4533,262.26,0.9140,60.04,true
69888,1.4560,264.98,0.9428,60.22,true
70016,1.4587,265.48,0.9523,60.25,true
70144,1.4613,266.96,0.9389,60.35,true
70272,1.4640,269.42,0.9353,60.51,true
70400,1.4667,270.89,0.9284,60.60,true
70528,1.4693,272.44,0.9288,60.70,true
70656,1.4720,272.98,0.9406,60.74,true
70784,1.4747,275.54,0.9524,60.90,true
70912,1.4773,275.80,0.9590,60.91,true
71040,1.4800,277.33,0.9622,61.01,true
71168,1.4827,277.77,0.9632,61.04,true
71296,1.4853,278.94,0.9591,61.11,true
71424,1.4880,279.22,0.9644,61.13,true
71552,1.4907,279.39,0.9701,61.14,true
71680,1.4933,280.61,0.9728,61.21,true
71808,1.4960,280.69,0.9700,61.22,true
71936,1.4987,282.08,0.9747,61.30,true
72064,1.5013,282.22,0.9766,61.31,true
72192,1.5040,282.16,0.9749,61.31,true
72320,1.5067,282.21,0.9752,61.31,true
72448,1.5093,282.38,0.9718,61.32,true
72576,1.5120,283.68,0.9618,61.40,true
72704,1.5147,283.98,0.9574,61.42,true
72832,1.5173,284.34,0.9546,61.44,true
72960,1.5200,285.31,0.9451,61.50,true
73088,1.5227,285.86,0.9358,61.53,true
73216,1.5253,287.27,0.9220,61.62,true
73344,1.5280,,,,false
73472,1.5307,,,,false
73600,1.5333,,,,false
73728,1.5360,,,,false
73856,1.5387,,,,false
73984,1.5413,,,,false
74112,1.5440,,,,false
74240,1.5467,,,,false
74368,1.5493,,,,false
74496,1.5520,,,,false
74624,1.5547,,,,false
74752,1.5573,,,,false
74880,1.5600,,,,false
75008,1.5627,,,,false
75136,1.5653,,,,false
75264,1.5680,,,,false
75392,1.5707,,,,false
75520,1.5733,,,,false
75648,1.5760,,,,false
75776,1.5787,,,,false
75904,1.5813,,,,false
76032,1.5840,,,,false
76160,1.5867,,,,false
76288,1.5893,,,,false
76416,1.5920,,,,false
76544,1.5947,,,,false
76672,1.5973,,,,false
76800,1.6000,,,,false
76928,1.6027,,,,false
77056,1.6053,,,,false
77184,1.6080,,,,false
77312,1.6107,,,,false
77440,1.6133,,,,false
77568,1.6160,,,,false
77696,1.6187,,,,false
77824,1.6213,,,,false
77952,1.6240,,,,false
78080,1.6267,,,,false
78208,1.6293,,,,false
78336,1.6320,,,,false
78464,1.6347,,,,false
78592,1.6373,,,,false
78720,1.6400,,,,false
78848,1.6427,,,,false
78976,1.6453,,,,false
79104,1.6480,,,,false
79232,1.6507,,,,false
79360,1.6533,,,,false
79488,1.6560,,,,false
79616,1.6587,,,,false
79744,1.6613,,,,false
79872,1.6640,,,,false
80000,1.6667,,,,false
80128,1.6693,,,,false
80256,1.6720,,,,false
80384,1.6747,,,,false
80512,1.6773,,,,false
80640,1.6800,,,,false
80768,1.6827,,,,false
80896,1.6853,,,,false
81024,1.6880,,,,false
81152,1.6907,,,,false
81280,1.6933,,,,false
81408,1.6960,,,,false
81536,1.6987,,,,false
81664,1.7013,,,,false
81792,1.7040,,,,false
81920,1.7067,,,,false
82048,1.7093,,,,false
82176,1.7120,303.32,0.9081,62.56,true
82304,1.7147,301.60,0.9224,62.46,true
82432,1.7173,298.56,0.9520,62.29,true
82560,1.7200,297.88,0.9637,62.25,true
82688,1.7227,294.22,0.9780,62.03,true
82816,1.7253,294.20,0.9858,62.03,true
82944,1.7280,294.36,0.9859,62.04,true
83072,1.7307,294.51,0.9853,62.05,true
83200,1.7333,294.80,0.9821,62.07,true
83328,1.7360,295.88,0.9828,62.13,true
83456,1.7387,295.98,0.9831,62.14,true
83584,1.7413,296.03,0.9838,62.14,true
83712,1.7440,296.40,0.9829,62.16,true
83840,1.7467,296.17,0.9845,62.15,true
83968,1.7493,296.23,0.9875,62.15,true
84096,1.7520,296.33,0.9895,62.16,true
84224,1.7547,296.03,0.9911,62.14,true
84352,1.7573,295.91,0.9926,62.13,true
84480,1.7600,294.76,0.9934,62.06,true
84608,1.7627,294.63,0.9944,62.06,true
84736,1.7653,294.66,0.9962,62.06,true
84864,1.7680,294.75,0.9950,62.06,true
84992,1.7707,294.71,0.9949,62.06,true
85120,1.7733,294.62,0.9944,62.06,true
85248,1.7760,294.50,0.9929,62.05,true
85376,1.7787,294.67,0.9922,62.06,true
85504,1.7813,294.71,0.9921,62.06,true
85632,1.7840,294.61,0.9911,62.06,true
85760,1.7867,294.44,0.9913,62.05,true
85888,1.7893,294.30,0.9925,62.04,true
86016,1.7920,294.41,0.9925,62.04,true
86144,1.7947,294.36,0.9930,62.04,true
86272,1.7973,294.46,0.9955,62.05,true
86400,1.8000,294.37,0.9960,62.04,true
86528,1.8027,294.40,0.9965,62.04,true
86656,1.8053,294.49,0.9961,62.05,true
86784,1.8080,294.43,0.9955,62.04,true
86912,1.8107,294.34,0.9945,62.04,true
87040,1.8133,294.20,0.9904,62.03,true
87168,1.8160,293.13,0.9898,61.97,true
87296,1.8187,294.03,0.9885,62.02,true
87424,1.8213,292.99,0.9855,61.96,true
87552,1.8240,293.01,0.9834,61.96,true
87680,1.8267,292.67,0.9826,61.94,true
87808,1.8293,292.53,0.9831,61.93,true
87936,1.8320,292.61,0.9815,61.94,true
88064,1.8347,292.47,0.9843,61.93,true
88192,1.8373,292.46,0.9827,61.93,true
88320,1.8400,291.08,0.9797,61.85,true
88448,1.8427,290.93,0.9826,61.84,true
88576,1.8453,290.68,0.9843,61.82,true
88704,1.8480,290.64,0.9861,61.82,true
88832,1.8507,290.48,0.9846,61.81,true
88960,1.8533,289.30,0.9895,61.74,true
89088,1.8560,289.13,0.9897,61.73,true
89216,1.8587,289.17,0.9905,61.73,true
89344,1.8613,289.40,0.9940,61.75,true
89472,1.8640,289.55,0.9905,61.76,true
89600,1.8667,289.43,0.9900,61.75,true
89728,1.8693,289.44,0.9877,61.75,true
89856,1.8720,289.34,0.9851,61.74,true
89984,1.8747,289.25,0.9821,61.74,true
90112,1.8773,289.50,0.9824,61.75,true
90240,1.8800,289.41,0.9820,61.75,true
90368,1.8827,289.59,0.9831,61.76,true
90496,1.8853,289.50,0.9867,61.75,true
90624,1.8880,290.56,0.9870,61.82,true
90752,1.8907,290.55,0.9889,61.82,true
90880,1.8933,290.65,0.9922,61.82,true
91008,1.8960,290.84,0.9940,61.83,true
91136,1.8987,290.73,0.9894,61.83,true
91264,1.9013,290.85,0.9888,61.83,true
91392,1.9040,291.29,0.9847,61.86,true
91520,1.9067,291.20,0.9830,61.85,true
91648,1.9093,292.54,0.9823,61.93,true
91776,1.9120,292.83,0.9785,61.95,true
91904,1.9147,294.05,0.9790,62.02,true
92032,1.9173,294.24,0.9804,62.03,true
92160,1.9200,294.45,0.9798,62.05,true
92288,1.9227,294.66,0.9822,62.06,true
92416,1.9253,294.67,0.9833,62.06,true
92544,1.9280,294.83,0.9861,62.07,true
92672,1.9307,294.82,0.9873,62.07,true
92800,1.9333,295.89,0.9910,62.13,true
92928,1.9360,294.90,0.9907,62.07,true
93056,1.9387,294.92,0.9917,62.07,true
93184,1.9413,294.90,0.9953,62.07,true
93312,1.9440,295.93,0.9951,62.13,true
93440,1.9467,294.84,0.9955,62.07,true
93568,1.9493,294.81,0.9946,62.07,true
93696,1.9520,294.76,0.9945,62.06,true
93824,1.9547,294.45,0.9926,62.05,true
93952,1.9573,294.40,0.9908,62.04,true
94080,1.9600,294.16,0.9897,62.03,true
94208,1.9627,294.23,0.9893,62.03,true
94336,1.9653,293.05,0.9896,61.96,true
94464,1.9680,293.00,0.9902,61.96,true
94592,1.9707,292.68,0.9908,61.94,true
94720,1.9733,292.54,0.9908,61.93,true
94848,1.9760,292.71,0.9926,61.94,true
94976,1.9787,292.51,0.9959,61.93,true
95104,1.9813,292.44,0.9963,61.93,true
95232,1.9840,292.41,0.9962,61.93,true
95360,1.9867,292.45,0.9964,61.93,true
95488,1.9893,292.54,0.9962,61.93,true
95616,1.9920,292.50,0.9943,61.93,true
95744,1.9947,292.60,0.9942,61.94,true
95872,1.9973,292.43,0.9923,61.93,true
96000,2.0000,292.32,0.9910,61.92,true
96128,2.0027,292.50,0.9897,61.93,true
96256,2.0053,291.16,0.9867,61.85,true
96384,2.0080,291.02,0.9842,61.84,true
96512,2.0107,290.61,0.9818,61.82,true
96640,2.0133,290.67,0.9828,61.82,true
96768,2.0160,289.12,0.9782,61.73,true
96896,2.0187,287.83,0.9777,61.65,true
97024,2.0213,287.43,0.9731,61.63,true
97152,2.0240,285.57,0.9717,61.52,true
97280,2.0267,285.54,0.9617,61.51,true
97408,2.0293,282.56,0.9527,61.33,true
97536,2.0320,279.33,0.9289,61.13,true
97664,2.0347,274.63,0.9197,60.84,true
97792,2.0373,,,,false
97920,2.0400,,,,false
98048,2.0427,262.08,0.9013,60.03,true
98176,2.0453,257.75,0.9094,59.74,true
98304,2.0480,,,,false
98432,2.0507,,,,false
98560,2.0533,,,,false
98688,2.0560,,,,false
98816,2.0587,,,,false
98944,2.0613,,,,false
99072,2.0640,,,,false
99200,2.0667,,,,false
99328,2.0693,,,,false
99456,2.0720,,,,false
99584,2.0747,,,,false
99712,2.0773,,,,false
99840,2.0800,,,,false
99968,2.0827,,,,false
100096,2.0853,,,,false
100224,2.0880,,,,false
100352,2.0907,,,,false
100480,2.0933,,,,false
100608,2.0960,,,,false
100736,2.0987,,,,false
100864,2.1013,,,,false
100992,2.1040,,,,false
101120,2.1067,,,,false
101248,2.1093,,,,false
101376,2.1120,,,,false
101504,2.1147,,,,false
101632,2.1173,,,,false
101760,2.1200,,,,false
101888,2.1227,,,,false
102016,2.1253,,,,false
102144,2.1280,,,,false
102272,2.1307,,,,false
102400,2.1333,,,,false
102528,2.1360,,,,false
102656,2.1387,,,,false
102784,2.1413,280.41,0.9086,61.20,true
102912,2.1440,284.14,0.9191,61.43,true
103040,2.1467,287.18,0.9087,61.61,true
103168,2.1493,,,,false
103296,2.1520,,,,false
103424,2.1547,,,,false
103552,2.1573,301.90,0.9095,62.48,true
103680,2.1600,305.35,0.9184,62.68,true
103808,2.1627,307.97,0.9386,62.82,true
103936,2.1653,311.26,0.9510,63.01,true
104064,2.1680,313.53,0.9701,63.13,true
104192,2.1707,314.01,0.9775,63.16,true
104320,2.1733,315.36,0.9809,63.23,true
104448,2.1760,316.13,0.9799,63.28,true
104576,2.1787,317.71,0.9841,63.36,true
104704,2.1813,317.90,0.9808,63.37,true
104832,2.1840,317.97,0.9808,63.38,true
104960,2.1867,317.87,0.9792,63.37,true
105088,2.1893,317.88,0.9799,63.37,true
105216,2.1920,317.92,0.9781,63.37,true
105344,2.1947,317.61,0.9733,63.36,true
105472,2.1973,315.45,0.9723,63.24,true
105600,2.2000,313.56,0.9633,63.13,true
105728,2.2027,311.83,0.9632,63.04,true
105856,2.2053,309.95,0.9618,62.93,true
105984,2.2080,308.16,0.9627,62.83,true
106112,2.2107,306.10,0.9670,62.72,true
106240,2.2133,304.16,0.9688,62.61,true
106368,2.2160,303.34,0.9681,62.56,true
106496,2.2187,301.58,0.9704,62.46,true
106624,2.2213,300.10,0.9749,62.38,true
106752,2.2240,299.65,0.9797,62.35,true
106880,2.2267,298.31,0.9802,62.27,true
107008,2.2293,298.02,0.9747,62.25,true
107136,2.2320,296.70,0.9663,62.18,true
107264,2.2347,296.25,0.9577,62.15,true
107392,2.2373,294.91,0.9522,62.07,true
107520,2.2400,294.36,0.9482,62.04,true
107648,2.2427,292.98,0.9484,61.96,true
107776,2.2453,292.47,0.9544,61.93,true
107904,2.2480,291.27,0.9597,61.86,true
108032,2.2507,291.06,0.9673,61.85,true
108160,2.2533,290.95,0.9721,61.84,true
108288,2.2560,290.92,0.9718,61.84,true
108416,2.2587,290.75,0.9755,61.83,true
108544,2.2613,290.49,0.9767,61.81,true
108672,2.2640,289.14,0.9796,61.73,true
108800,2.2667,288.74,0.9800,61.71,true
108928,2.2693,287.46,0.9807,61.63,true
109056,2.2720,287.13,0.9825,61.61,true
109184,2.2747,287.06,0.9814,61.61,true
109312,2.2773,287.08,0.9878,61.61,true
109440,2.2800,287.00,0.9883,61.60,true
109568,2.2827,286.10,0.9879,61.55,true
109696,2.2853,285.94,0.9896,61.54,true
109824,2.2880,285.68,0.9883,61.52,true
109952,2.2907,285.50,0.9851,61.51,true
110080,2.2933,285.32,0.9846,61.50,true
110208,2.2960,284.42,0.9851,61.45,true
110336,2.2987,284.39,0.9851,61.44,true
110464,2.3013,285.36,0.9850,61.50,true
110592,2.3040,284.39,0.9850,61.44,true
110720,2.3067,284.27,0.9855,61.44,true
110848,2.3093,284.39,0.9869,61.44,true
110976,2.3120,285.30,0.9883,61.50,true
111104,2.3147,284.42,0.9880,61.45,true
111232,2.3173,284.36,0.9882,61.44,true
111360,2.3200,284.30,0.9868,61.44,true
111488,2.3227,284.10,0.9869,61.43,true
111616,2.3253,284.05,0.9854,61.42,true
111744,2.3280,283.95,0.9850,61.42,true
111872,2.3307,283.75,0.9811,61.41,true
112000,2.3333,282.76,0.9808,61.35,true
112128,2.3360,282.69,0.9798,61.34,true
112256,2.3387,282.50,0.9788,61.33,true
112384,2.3413,282.25,0.9820,61.31,true
112512,2.3440,282.22,0.9826,61.31,true
112640,2.3467,282.21,0.9838,61.31,true
112768,2.3493,282.31,0.9845,61.32,true
112896,2.3520,282.27,0.9871,61.31,true
113024,2.3547,282.35,0.9874,61.32,true
113152,2.3573,282.42,0.9881,61.32,true
113280,2.3600,282.43,0.9860,61.32,true
113408,2.3627,282.51,0.9851,61.33,true
113536,2.3653,282.39,0.9833,61.32,true
113664,2.3680,282.20,0.9807,61.31,true
113792,2.3707,282.15,0.9798,61.31,true
113920,2.3733,282.22,0.9757,61.31,true
114048,2.3760,282.15,0.9756,61.31,true
114176,2.3787,282.09,0.9757,61.30,true
114304,2.3813,282.16,0.9770,61.31,true
114432,2.3840,282.04,0.9772,61.30,true
114560,2.3867,282.13,0.9783,61.31,true
114688,2.3893,282.24,0.9830,61.31,true
114816,2.3920,282.11,0.9828,61.30,true
114944,2.3947,282.05,0.9867,61.30,true
115072,2.3973,282.23,0.9860,61.31,true
115200,2.4000,282.31,0.9861,61.32,true
115328,2.4027,282.35,0.9874,61.32,true
115456,2.4053,282.35,0.9870,61.32,true
115584,2.4080,282.33,0.9862,61.32,true
115712,2.4107,282.39,0.9846,61.32,true
115840,2.4133,282.45,0.9846,61.33,true
115968,2.4160,282.57,0.9804,61.33,true
116096,2.4187,282.54,0.9801,61.33,true
116224,2.4213,282.56,0.9791,61.33,true
116352,2.4240,282.63,0.9769,61.34,true
116480,2.4267,282.63,0.9780,61.34,true
116608,2.4293,282.64,0.9769,61.34,true
116736,2.4320,282.64,0.9778,61.34,true
116864,2.4347,282.64,0.9777,61.34,true
116992,2.4373,282.60,0.9828,61.34,true
117120,2.4400,282.60,0.9830,61.34,true
117248,2.4427,282.61,0.9838,61.34,true
117376,2.4453,282.52,0.9885,61.33,true
117504,2.4480,282.58,0.9890,61.33,true
117632,2.4507,282.58,0.9913,61.33,true
117760,2.4533,282.55,0.9913,61.33,true
117888,2.4560,282.51,0.9916,61.33,true
118016,2.4587,282.40,0.9873,61.32,true
118144,2.4613,282.26,0.9874,61.31,true
118272,2.4640,282.13,0.9874,61.31,true
118400,2.4667,282.09,0.9852,61.30,true
118528,2.4693,282.02,0.9852,61.30,true
118656,2.4720,281.96,0.9863,61.30,true
118784,2.4747,280.95,0.9876,61.23,true
118912,2.4773,280.77,0.9857,61.22,true
119040,2.4800,280.53,0.9881,61.21,true
119168,2.4827,279.36,0.9840,61.14,true
119296,2.4853,278.98,0.9797,61.11,true
119424,2.4880,277.83,0.9748,61.04,true
119552,2.4907,277.51,0.9753,61.02,true
119680,2.4933,277.35,0.9710,61.01,true
119808,2.4960,277.18,0.9666,61.00,true
119936,2.4987,277.19,0.9590,61.00,true
120064,2.5013,277.20,0.9537,61.00,true
120192,2.5040,278.89,0.9483,61.11,true
120320,2.5067,280.82,0.9535,61.23,true
120448,2.5093,282.38,0.9697,61.32,true
120576,2.5120,283.74,0.9740,61.40,true
120704,2.5147,283.86,0.9721,61.41,true
120832,2.5173,284.08,0.9697,61.43,true
120960,2.5200,283.90,0.9716,61.41,true
121088,2.5227,284.29,0.9674,61.44,true
121216,2.5253,285.34,0.9660,61.50,true
121344,2.5280,285.38,0.9631,61.50,true
121472,2.5307,284.37,0.9619,61.44,true
121600,2.5333,284.36,0.9614,61.44,true
121728,2.5360,283.93,0.9677,61.42,true
121856,2.5387,283.91,0.9699,61.41,true
121984,2.5413,283.79,0.9756,61.41,true
122112,2.5440,282.66,0.9807,61.34,true
122240,2.5467,282.57,0.9845,61.33,true
122368,2.5493,282.64,0.9837,61.34,true
122496,2.5520,283.67,0.9843,61.40,true
122624,2.5547,282.76,0.9853,61.34,true
122752,2.5573,283.70,0.9827,61.40,true
122880,2.5600,283.66,0.9833,61.40,true
123008,2.5627,282.74,0.9804,61.34,true
123136,2.5653,283.69,0.9811,61.40,true
123264,2.5680,282.75,0.9780,61.34,true
123392,2.5707,283.62,0.9783,61.40,true
123520,2.5733,282.61,0.9793,61.34,true
123648,2.5760,283.75,0.9750,61.41,true
123776,2.5787,283.82,0.9781,61.41,true
123904,2.5813,284.10,0.9785,61.43,true
124032,2.5840,285.32,0.9796,61.50,true
124160,2.5867,285.39,0.9778,61.51,true
124288,2.5893,285.62,0.9649,61.52,true
124416,2.5920,285.61,0.9667,61.52,true
124544,2.5947,285.62,0.9724,61.52,true
124672,2.5973,285.47,0.9777,61.51,true
124800,2.6000,285.44,0.9798,61.51,true
124928,2.6027,285.35,0.9823,61.50,true
125056,2.6053,285.33,0.9853,61.50,true
125184,2.6080,284.44,0.9864,61.45,true
125312,2.6107,284.31,0.9917,61.44,true
125440,2.6133,284.28,0.9930,61.44,true
125568,2.6160,284.24,0.9942,61.44,true
125696,2.6187,284.14,0.9925,61.43,true
125824,2.6213,284.08,0.9927,61.43,true
125952,2.6240,284.06,0.9918,61.42,true
126080,2.6267,283.91,0.9913,61.42,true
126208,2.6293,283.85,0.9918,61.41,true
126336,2.6320,283.89,0.9921,61.41,true
126464,2.6347,283.84,0.9924,61.41,true
126592,2.6373,283.81,0.9917,61.41,true
126720,2.6400,283.87,0.9936,61.41,true
126848,2.6427,283.84,0.9927,61.41,true
126976,2.6453,283.82,0.9937,61.41,true
127104,2.6480,283.90,0.9931,61.41,true
127232,2.6507,283.92,0.9920,61.42,true
127360,2.6533,283.87,0.9916,61.41,true
127488,2.6560,283.97,0.9882,61.42,true
127616,2.6587,283.97,0.9882,61.42,true
127744,2.6613,283.89,0.9857,61.41,true
127872,2.6640,284.04,0.9845,61.42,true
128000,2.6667,284.03,0.9827,61.42,true
128128,2.6693,284.07,0.9829,61.43,true
128256,2.6720,284.12,0.9839,61.43,true
128384,2.6747,284.16,0.9846,61.43,true
128512,2.6773,284.04,0.9878,61.42,true
128640,2.6800,284.02,0.9879,61.42,true
128768,2.6827,284.13,0.9908,61.43,true
128896,2.6853,284.07,0.9924,61.43,true
129024,2.6880,284.12,0.9936,61.43,true
129152,2.6907,284.06,0.9936,61.42,true
129280,2.6933,284.10,0.9923,61.43,true
129408,2.6960,284.15,0.9920,61.43,true
129536,2.6987,284.16,0.9906,61.43,true
129664,2.7013,284.30,0.9892,61.44,true
129792,2.7040,284.36,0.9873,61.44,true
129920,2.7067,284.30,0.9871,61.44,true
130048,2.7093,284.28,0.9877,61.44,true
130176,2.7120,284.40,0.9871,61.44,true
130304,2.7147,284.31,0.9884,61.44,true
130432,2.7173,284.24,0.9884,61.44,true
130560,2.7200,284.27,0.9904,61.44,true
130688,2.7227,284.14,0.9920,61.43,true
130816,2.7253,283.97,0.9935,61.42,true
130944,2.7280,283.99,0.9936,61.42,true
131072,2.7307,283.85,0.9923,61.41,true
131200,2.7333,282.75,0.9930,61.34,true
131328,2.7360,282.58,0.9895,61.33,true
131456,2.7387,282.42,0.9892,61.32,true
131584,2.7413,282.05,0.9828,61.30,true
131712,2.7440,280.94,0.9799,61.23,true
131840,2.7467,280.52,0.9738,61.21,true
131968,2.7493,279.14,0.9703,61.12,true
132096,2.7520,277.81,0.9646,61.04,true
132224,2.7547,277.21,0.9551,61.00,true
132352,2.7573,275.50,0.9512,60.89,true
132480,2.7600,273.10,0.9496,60.74,true
132608,2.7627,271.32,0.9398,60.63,true
132736,2.7653,269.35,0.9469,60.50,true
132864,2.7680,267.81,0.9516,60.40,true
132992,2.7707,265.47,0.9473,60.25,true
133120,2.7733,264.04,0.9241,60.16,true
133248,2.7760,262.36,0.9068,60.05,true
133376,2.7787,,,,false
133504,2.7813,,,,false
133632,2.7840,,,,false
133760,2.7867,,,,false
133888,2.7893,,,,false
134016,2.7920,,,,false
134144,2.7947,,,,false
134272,2.7973,,,,false
134400,2.8000,,,,false
134528,2.8027,,,,false
134656,2.8053,,,,false
134784,2.8080,,,,false
134912,2.8107,,,,false
135040,2.8133,,,,false
135168,2.8160,,,,false
135296,2.8187,,,,false
135424,2.8213,,,,false
135552,2.8240,,,,false
135680,2.8267,,,,false
135808,2.8293,,,,false
135936,2.8320,,,,false
136064,2.8347,,,,false
136192,2.8373,,,,false
136320,2.8400,,,,false
136448,2.8427,,,,false
136576,2.8453,,,,false
136704,2.8480,,,,false
136832,2.8507,,,,false
136960,2.8533,,,,false
137088,2.8560,,,,false
137216,2.8587,130.76,0.9027,47.99,true
137344,2.8613,130.83,0.9101,48.00,true
137472,2.8640,130.80,0.9249,48.00,true
137600,2.8667,130.79,0.9385,48.00,true
137728,2.8693,130.86,0.9499,48.01,true
137856,2.8720,262.52,0.9282,60.06,true
137984,2.8747,262.35,0.9496,60.05,true
138112,2.8773,262.22,0.9652,60.04,true
138240,2.8800,263.73,0.9718,60.14,true
138368,2.8827,263.77,0.9769,60.14,true
138496,2.8853,263.84,0.9773,60.15,true
138624,2.8880,264.83,0.9795,60.21,true
138752,2.8907,264.97,0.9829,60.22,true
138880,2.8933,264.84,0.9842,60.21,true
139008,2.8960,264.94,0.9864,60.22,true
139136,2.8987,264.94,0.9867,60.22,true
139264,2.9013,263.84,0.9897,60.15,true
139392,2.9040,263.84,0.9912,60.15,true
139520,2.9067,263.49,0.9903,60.12,true
139648,2.9093,262.59,0.9914,60.06,true
139776,2.9120,262.60,0.9914,60.06,true
139904,2.9147,262.25,0.9912,60.04,true
140032,2.9173,262.11,0.9918,60.03,true
140160,2.9200,262.15,0.9921,60.03,true
140288,2.9227,262.04,0.9916,60.03,true
140416,2.9253,261.98,0.9925,60.02,true
140544,2.9280,262.13,0.9928,60.03,true
140672,2.9307,262.06,0.9936,60.03,true
140800,2.9333,262.11,0.9934,60.03,true
140928,2.9360,262.36,0.9946,60.05,true
141056,2.9387,262.44,0.9946,60.05,true
141184,2.9413,262.62,0.9931,60.07,true
141312,2.9440,263.66,0.9948,60.13,true
141440,2.9467,263.85,0.9942,60.15,true
141568,2.9493,264.86,0.9944,60.21,true
141696,2.9520,265.21,0.9957,60.24,true
141824,2.9547,265.42,0.9948,60.25,true
141952,2.9573,266.54,0.9931,60.32,true
142080,2.9600,267.00,0.9922,60.35,true
142208,2.9627,268.12,0.9926,60.42,true
142336,2.9653,269.30,0.9910,60.50,true
142464,2.9680,269.71,0.9915,60.53,true
142592,2.9707,270.90,0.9912,60.60,true
142720,2.9733,271.20,0.9921,60.62,true
142848,2.9760,272.36,0.9898,60.70,true
142976,2.9787,272.77,0.9897,60.72,true
143104,2.9813,274.03,0.9896,60.80,true
143232,2.9840,274.38,0.9876,60.82,true
143360,2.9867,275.63,0.9865,60.90,true
143488,2.9893,276.20,0.9858,60.94,true
143616,2.9920,277.50,0.9857,61.02,true
143744,2.9947,278.67,0.9871,61.09,true
143872,2.9973,279.17,0.9913,61.12,true
144000,3.0000,279.47,0.9929,61.14,true
144128,3.0027,280.36,0.9934,61.20,true
144256,3.0053,280.52,0.9953,61.21,true
144384,3.0080,280.70,0.9942,61.22,true
144512,3.0107,280.95,0.9910,61.23,true
144640,3.0133,282.01,0.9858,61.30,true
144768,3.0160,282.36,0.9821,61.32,true
144896,3.0187,283.68,0.9730,61.40,true
145024,3.0213,284.42,0.9662,61.45,true
145152,3.0240,286.13,0.9630,61.55,true
145280,3.0267,287.60,0.9631,61.64,true
145408,3.0293,289.29,0.9690,61.74,true
145536,3.0320,290.57,0.9757,61.82,true
145664,3.0347,290.76,0.9805,61.83,true
145792,3.0373,290.95,0.9807,61.84,true
145920,3.0400,291.00,0.9828,61.84,true
146048,3.0427,290.91,0.9831,61.84,true
146176,3.0453,290.83,0.9849,61.83,true
146304,3.0480,290.80,0.9869,61.83,true
146432,3.0507,290.73,0.9857,61.83,true
146560,3.0533,290.88,0.9835,61.84,true
146688,3.0560,291.02,0.9782,61.84,true
146816,3.0587,291.18,0.9749,61.85,true
146944,3.0613,291.23,0.9703,61.86,true
147072,3.0640,292.28,0.9689,61.92,true
147200,3.0667,292.38,0.9668,61.92,true
147328,3.0693,292.69,0.9670,61.94,true
147456,3.0720,293.11,0.9709,61.97,true
147584,3.0747,294.12,0.9723,62.03,true
147712,3.0773,294.08,0.9773,62.02,true
147840,3.0800,292.87,0.9804,61.95,true
147968,3.0827,292.65,0.9845,61.94,true
148096,3.0853,292.55,0.9868,61.93,true
148224,3.0880,292.71,0.9889,61.94,true
148352,3.0907,292.77,0.9901,61.95,true
148480,3.0933,292.75,0.9908,61.95,true
148608,3.0960,292.80,0.9936,61.95,true
148736,3.0987,292.76,0.9946,61.95,true
148864,3.1013,292.76,0.9955,61.95,true
148992,3.1040,292.78,0.9970,61.95,true
149120,3.1067,292.73,0.9966,61.94,true
149248,3.1093,292.62,0.9964,61.94,true
149376,3.1120,292.52,0.9954,61.93,true
149504,3.1147,292.44,0.9952,61.93,true
149632,3.1173,292.36,0.9928,61.92,true
149760,3.1200,292.38,0.9926,61.92,true
149888,3.1227,292.40,0.9914,61.93,true
150016,3.1253,292.31,0.9906,61.92,true
150144,3.1280,292.27,0.9904,61.92,true
150272,3.1307,291.34,0.9903,61.86,true
150400,3.1333,292.28,0.9913,61.92,true
150528,3.1360,291.33,0.9915,61.86,true
150656,3.1387,291.24,0.9940,61.86,true
150784,3.1413,291.09,0.9945,61.85,true
150912,3.1440,290.98,0.9958,61.84,true
151040,3.1467,291.08,0.9964,61.85,true
151168,3.1493,291.12,0.9959,61.85,true
151296,3.1520,291.08,0.9959,61.85,true
151424,3.1547,290.98,0.9948,61.84,true
151552,3.1573,290.93,0.9946,61.84,true
151680,3.1600,290.90,0.9926,61.84,true
151808,3.1627,290.89,0.9895,61.84,true
151936,3.1653,290.83,0.9872,61.83,true
152064,3.1680,290.62,0.9835,61.82,true
152192,3.1707,289.54,0.9830,61.75,true
152320,3.1733,289.49,0.9815,61.75,true
152448,3.1760,289.34,0.9807,61.74,true
152576,3.1787,289.15,0.9797,61.73,true
152704,3.1813,289.09,0.9804,61.73,true
152832,3.1840,288.74,0.9820,61.71,true
152960,3.1867,287.58,0.9838,61.64,true
153088,3.1893,287.48,0.9860,61.63,true
153216,3.1920,287.47,0.9861,61.63,true
153344,3.1947,287.27,0.9881,61.62,true
153472,3.1973,287.09,0.9844,61.61,true
153600,3.2000,287.17,0.9841,61.61,true
153728,3.2027,287.13,0.9813,61.61,true
153856,3.2053,287.28,0.9788,61.62,true
153984,3.2080,287.37,0.9801,61.62,true
154112,3.2107,287.54,0.9800,61.64,true
154240,3.2133,287.63,0.9801,61.64,true
154368,3.2160,287.62,0.9793,61.64,true
154496,3.2187,287.74,0.9843,61.65,true
154624,3.2213,287.85,0.9843,61.65,true
154752,3.2240,288.76,0.9878,61.71,true
154880,3.2267,288.75,0.9909,61.71,true
155008,3.2293,288.78,0.9910,61.71,true
155136,3.2320,288.79,0.9920,61.71,true
155264,3.2347,288.76,0.9913,61.71,true
155392,3.2373,288.85,0.9929,61.71,true
155520,3.2400,288.90,0.9910,61.72,true
155648,3.2427,288.80,0.9901,61.71,true
155776,3.2453,288.83,0.9903,61.71,true
155904,3.2480,288.91,0.9879,61.72,true
156032,3.2507,289.01,0.9874,61.72,true
156160,3.2533,288.90,0.9847,61.72,true
156288,3.2560,288.88,0.9853,61.72,true
156416,3.2587,288.97,0.9825,61.72,true
156544,3.2613,288.93,0.9835,61.72,true
156672,3.2640,289.05,0.9839,61.73,true
156800,3.2667,289.10,0.9839,61.73,true
156928,3.2693,289.07,0.9864,61.73,true
157056,3.2720,289.07,0.9869,61.73,true
157184,3.2747,289.20,0.9899,61.73,true
157312,3.2773,289.44,0.9897,61.75,true
157440,3.2800,289.46,0.9938,61.75,true
157568,3.2827,289.46,0.9952,61.75,true
157696,3.2853,289.56,0.9947,61.76,true
157824,3.2880,289.59,0.9941,61.76,true
157952,3.2907,290.54,0.9945,61.81,true
158080,3.2933,290.56,0.9945,61.82,true
158208,3.2960,290.55,0.9926,61.82,true
158336,3.2987,290.48,0.9927,61.81,true
158464,3.3013,290.50,0.9922,61.81,true
158592,3.3040,290.49,0.9914,61.81,true
158720,3.3067,289.57,0.9922,61.76,true
158848,3.3093,290.52,0.9934,61.81,true
158976,3.3120,290.54,0.9936,61.81,true
159104,3.3147,290.53,0.9940,61.81,true
159232,3.3173,290.55,0.9960,61.82,true
159360,3.3200,290.50,0.9955,61.81,true
159488,3.3227,290.48,0.9957,61.81,true
159616,3.3253,289.57,0.9965,61.76,true
159744,3.3280,289.57,0.9939,61.76,true
159872,3.3307,289.53,0.9940,61.75,true
160000,3.3333,289.36,0.9915,61.74,true
160128,3.3360,289.39,0.9906,61.75,true
160256,3.3387,289.31,0.9895,61.74,true
160384,3.3413,289.25,0.9878,61.74,true
160512,3.3440,289.15,0.9884,61.73,true
160640,3.3467,289.17,0.9871,61.73,true
160768,3.3493,289.07,0.9893,61.73,true
160896,3.3520,288.98,0.9892,61.72,true
161024,3.3547,289.10,0.9917,61.73,true
161152,3.3573,288.99,0.9920,61.72,true
161280,3.3600,288.96,0.9929,61.72,true
161408,3.3627,288.92,0.9948,61.72,true
161536,3.3653,288.94,0.9949,61.72,true
161664,3.3680,288.88,0.9960,61.72,true
161792,3.3707,288.85,0.9963,61.71,true
161920,3.3733,288.80,0.9968,61.71,true
162048,3.3760,287.85,0.9969,61.65,true
162176,3.3787,288.73,0.9975,61.71,true
162304,3.3813,287.82,0.9977,61.65,true
162432,3.3840,287.82,0.9980,61.65,true
162560,3.3867,287.70,0.9980,61.64,true
162688,3.3893,287.72,0.9975,61.65,true
162816,3.3920,287.70,0.9973,61.64,true
162944,3.3947,287.66,0.9957,61.64,true
163072,3.3973,287.62,0.9953,61.64,true
163200,3.4000,287.57,0.9947,61.64,true
163328,3.4027,287.55,0.9948,61.64,true
163456,3.4053,287.42,0.9934,61.63,true
163584,3.4080,287.49,0.9931,61.63,true
163712,3.4107,287.39,0.9927,61.63,true
163840,3.4133,287.29,0.9929,61.62,true
163968,3.4160,287.22,0.9939,61.62,true
164096,3.4187,287.18,0.9939,61.61,true
164224,3.4213,287.09,0.9945,61.61,true
164352,3.4240,286.09,0.9939,61.55,true
164480,3.4267,572.95,0.9002,73.57,true
164608,3.4293,285.98,0.9958,61.54,true
164736,3.4320,285.95,0.9965,61.54,true
164864,3.4347,285.96,0.9965,61.54,true
164992,3.4373,285.98,0.9967,61.54,true
165120,3.4400,285.99,0.9968,61.54,true
165248,3.4427,285.97,0.9969,61.54,true
165376,3.4453,286.05,0.9972,61.55,true
165504,3.4480,286.13,0.9974,61.55,true
165632,3.4507,287.08,0.9967,61.61,true
165760,3.4533,287.14,0.9970,61.61,true
165888,3.4560,287.15,0.9971,61.61,true
166016,3.4587,287.23,0.9962,61.62,true
166144,3.4613,287.29,0.9958,61.62,true
166272,3.4640,287.40,0.9959,61.63,true
166400,3.4667,287.51,0.9959,61.63,true
166528,3.4693,287.56,0.9958,61.64,true
166656,3.4720,287.57,0.9965,61.64,true
166784,3.4747,287.57,0.9962,61.64,true
166912,3.4773,287.64,0.9958,61.64,true
167040,3.4800,287.61,0.9967,61.64,true
167168,3.4827,287.62,0.9971,61.64,true
167296,3.4853,287.60,0.9974,61.64,true
167424,3.4880,287.50,0.9974,61.63,true
167552,3.4907,287.44,0.9971,61.63,true
167680,3.4933,287.38,0.9969,61.63,true
167808,3.4960,287.42,0.9968,61.63,true
167936,3.4987,287.34,0.9964,61.62,true
168064,3.5013,287.32,0.9965,61.62,true
168192,3.5040,287.31,0.9962,61.62,true
168320,3.5067,287.26,0.9961,61.62,true
168448,3.5093,287.25,0.9960,61.62,true
168576,3.5120,287.21,0.9953,61.62,true
168704,3.5147,287.18,0.9953,61.61,true
168832,3.5173,287.12,0.9946,61.61,true
168960,3.5200,287.08,0.9936,61.61,true
169088,3.5227,287.08,0.9921,61.61,true
169216,3.5253,287.01,0.9918,61.60,true
169344,3.5280,286.10,0.9898,61.55,true
169472,3.5307,286.07,0.9873,61.55,true
169600,3.5333,287.00,0.9861,61.60,true
169728,3.5360,286.11,0.9832,61.55,true
169856,3.5387,286.12,0.9840,61.55,true
169984,3.5413,287.02,0.9842,61.60,true
170112,3.5440,286.12,0.9853,61.55,true
170240,3.5467,287.03,0.9854,61.60,true
170368,3.5493,287.11,0.9871,61.61,true
170496,3.5520,287.21,0.9892,61.62,true
170624,3.5547,287.13,0.9907,61.61,true
170752,3.5573,287.17,0.9936,61.61,true
170880,3.5600,287.19,0.9938,61.61,true
171008,3.5627,287.21,0.9951,61.62,true
171136,3.5653,287.25,0.9943,61.62,true
171264,3.5680,287.29,0.9946,61.62,true
171392,3.5707,287.26,0.9947,61.62,true
171520,3.5733,287.23,0.9936,61.62,true
171648,3.5760,287.28,0.9935,61.62,true
171776,3.5787,287.39,0.9918,61.63,true
171904,3.5813,287.46,0.9913,61.63,true
172032,3.5840,287.40,0.9890,61.63,true
172160,3.5867,287.51,0.9895,61.63,true
172288,3.5893,287.62,0.9873,61.64,true
172416,3.5920,287.69,0.9848,61.64,true
172544,3.5947,287.73,0.9859,61.65,true
172672,3.5973,288.78,0.9841,61.71,true
172800,3.6000,288.78,0.9853,61.71,true
172928,3.6027,288.90,0.9851,61.72,true
173056,3.6053,289.17,0.9875,61.73,true
173184,3.6080,289.24,0.9855,61.74,true
173312,3.6107,289.26,0.9872,61.74,true
173440,3.6133,289.51,0.9880,61.75,true
173568,3.6160,290.68,0.9847,61.82,true
173696,3.6187,290.70,0.9850,61.82,true
173824,3.6213,290.92,0.9823,61.84,true
173952,3.6240,291.22,0.9771,61.86,true
174080,3.6267,292.31,0.9750,61.92,true
174208,3.6293,292.56,0.9728,61.93,true
174336,3.6320,292.94,0.9724,61.96,true
174464,3.6347,293.04,0.9702,61.96,true
174592,3.6373,294.05,0.9742,62.02,true
174720,3.6400,294.25,0.9766,62.03,true
174848,3.6427,294.39,0.9815,62.04,true
174976,3.6453,294.38,0.9852,62.04,true
175104,3.6480,294.49,0.9880,62.05,true
175232,3.6507,294.51,0.9921,62.05,true
175360,3.6533,294.53,0.9933,62.05,true
175488,3.6560,294.50,0.9961,62.05,true
175616,3.6587,294.49,0.9958,62.05,true
175744,3.6613,294.37,0.9955,62.04,true
175872,3.6640,294.30,0.9955,62.04,true
176000,3.6667,294.21,0.9946,62.03,true
176128,3.6693,294.08,0.9945,62.02,true
176256,3.6720,293.10,0.9936,61.97,true
176384,3.6747,292.90,0.9937,61.95,true
176512,3.6773,292.80,0.9935,61.95,true
176640,3.6800,292.64,0.9932,61.94,true
176768,3.6827,292.53,0.9933,61.93,true
176896,3.6853,292.42,0.9933,61.93,true
177024,3.6880,292.29,0.9933,61.92,true
177152,3.6907,291.33,0.9925,61.86,true
177280,3.6933,291.13,0.9939,61.85,true
177408,3.6960,290.98,0.9918,61.84,true
177536,3.6987,290.86,0.9901,61.83,true
177664,3.7013,290.73,0.9887,61.83,true
177792,3.7040,290.60,0.9858,61.82,true
177920,3.7067,289.46,0.9831,61.75,true
178048,3.7093,289.33,0.9795,61.74,true
178176,3.7120,289.14,0.9797,61.73,true
178304,3.7147,288.97,0.9747,61.72,true
178432,3.7173,289.01,0.9730,61.72,true
178560,3.7200,288.83,0.9696,61.71,true
178688,3.7227,288.74,0.9682,61.71,true
178816,3.7253,287.75,0.9688,61.65,true
178944,3.7280,287.69,0.9674,61.64,true
179072,3.7307,287.60,0.9711,61.64,true
179200,3.7333,287.56,0.9705,61.64,true
179328,3.7360,287.57,0.9758,61.64,true
179456,3.7387,287.39,0.9784,61.63,true
179584,3.7413,287.50,0.9833,61.63,true
179712,3.7440,287.49,0.9840,61.63,true
179840,3.7467,287.51,0.9851,61.63,true
179968,3.7493,287.63,0.9880,61.64,true
180096,3.7520,287.65,0.9879,61.64,true
180224,3.7547,287.69,0.9879,61.64,true
180352,3.7573,288.73,0.9874,61.71,true
180480,3.7600,288.79,0.9882,61.71,true
180608,3.7627,288.79,0.9885,61.71,true
180736,3.7653,288.84,0.9907,61.71,true
180864,3.7680,288.89,0.9920,61.72,true
180992,3.7707,288.86,0.9925,61.71,true
181120,3.7733,288.97,0.9938,61.72,true
181248,3.7760,288.97,0.9945,61.72,true
181376,3.7787,288.88,0.9942,61.72,true
181504,3.7813,288.89,0.9948,61.72,true
181632,3.7840,288.90,0.9946,61.72,true
181760,3.7867,288.83,0.9945,61.71,true
181888,3.7893,287.85,0.9907,61.65,true
182016,3.7920,287.80,0.9909,61.65,true
182144,3.7947,287.64,0.9899,61.64,true
182272,3.7973,287.56,0.9887,61.64,true
182400,3.8000,287.44,0.9890,61.63,true
182528,3.8027,287.25,0.9885,61.62,true
182656,3.8053,287.02,0.9882,61.60,true
182784,3.8080,286.08,0.9875,61.55,true
182912,3.8107,285.99,0.9902,61.54,true
183040,3.8133,285.80,0.9895,61.53,true
183168,3.8160,285.65,0.9913,61.52,true
183296,3.8187,285.54,0.9924,61.51,true
183424,3.8213,285.35,0.9921,61.50,true
183552,3.8240,284.39,0.9924,61.44,true
183680,3.8267,284.20,0.9925,61.43,true
183808,3.8293,284.03,0.9932,61.42,true
183936,3.8320,283.85,0.9938,61.41,true
184064,3.8347,283.70,0.9938,61.40,true
184192,3.8373,282.59,0.9927,61.33,true
184320,3.8400,282.41,0.9931,61.32,true
184448,3.8427,282.23,0.9925,61.31,true
184576,3.8453,280.96,0.9886,61.23,true
184704,3.8480,280.66,0.9886,61.22,true
184832,3.8507,280.36,0.9889,61.20,true
184960,3.8533,279.17,0.9871,61.12,true
185088,3.8560,277.83,0.9863,61.04,true
185216,3.8587,277.35,0.9857,61.01,true
185344,3.8613,276.15,0.9870,60.94,true
185472,3.8640,275.72,0.9871,60.91,true
185600,3.8667,274.55,0.9870,60.83,true
185728,3.8693,274.06,0.9885,60.80,true
185856,3.8720,272.84,0.9913,60.73,true
185984,3.8747,272.67,0.9924,60.72,true
186112,3.8773,272.61,0.9925,60.71,true
186240,3.8800,272.75,0.9921,60.72,true
186368,3.8827,272.73,0.9912,60.72,true
186496,3.8853,272.80,0.9915,60.72,true
186624,3.8880,272.98,0.9889,60.74,true
186752,3.8907,274.01,0.9859,60.80,true
186880,3.8933,274.02,0.9851,60.80,true
187008,3.8960,274.08,0.9846,60.81,true
187136,3.8987,274.10,0.9823,60.81,true
187264,3.9013,274.03,0.9807,60.80,true
187392,3.9040,273.97,0.9772,60.80,true
187520,3.9067,274.16,0.9752,60.81,true
187648,3.9093,274.17,0.9771,60.81,true
187776,3.9120,274.23,0.9765,60.81,true
187904,3.9147,274.65,0.9785,60.84,true
188032,3.9173,275.88,0.9793,60.92,true
188160,3.9200,276.13,0.9823,60.93,true
188288,3.9227,276.23,0.9835,60.94,true
188416,3.9253,277.52,0.9893,61.02,true
188544,3.9280,277.72,0.9906,61.03,true
188672,3.9307,278.82,0.9895,61.10,true
188800,3.9333,278.75,0.9918,61.10,true
188928,3.9360,279.22,0.9920,61.13,true
189056,3.9387,280.31,0.9919,61.19,true
189184,3.9413,280.72,0.9918,61.22,true
189312,3.9440,280.87,0.9912,61.23,true
189440,3.9467,282.02,0.9914,61.30,true
189568,3.9493,282.47,0.9910,61.33,true
189696,3.9520,282.54,0.9925,61.33,true
189824,3.9547,283.62,0.9901,61.40,true
189952,3.9573,283.82,0.9892,61.41,true
190080,3.9600,284.18,0.9872,61.43,true
190208,3.9627,283.92,0.9856,61.42,true
190336,3.9653,284.10,0.9830,61.43,true
190464,3.9680,284.12,0.9816,61.43,true
190592,3.9707,284.28,0.9778,61.44,true
190720,3.9733,285.57,0.9768,61.52,true
190848,3.9760,285.55,0.9774,61.51,true
190976,3.9787,285.87,0.9731,61.53,true
191104,3.9813,285.77,0.9771,61.53,true
191232,3.9840,287.10,0.9788,61.61,true
191360,3.9867,286.09,0.9726,61.55,true
191488,3.9893,287.13,0.9699,61.61,true
191616,3.9920,285.63,0.9711,61.52,true
191744,3.9947,285.77,0.9656,61.53,true
191872,3.9973,285.68,0.9488,61.52,true
192000,4.0000,285.32,0.9548,61.50,true
192128,4.0027,285.48,0.9329,61.51,true
192256,4.0053,285.38,0.9353,61.50,true
192384,4.0080,284.25,0.9439,61.44,true
192512,4.0107,285.32,0.9472,61.50,true
192640,4.0133,285.40,0.9513,61.51,true
192768,4.0160,284.31,0.9578,61.44,true
192896,4.0187,284.09,0.9690,61.43,true
193024,4.0213,284.28,0.9688,61.44,true
193152,4.0240,284.10,0.9840,61.43,true
193280,4.0267,284.12,0.9855,61.43,true
193408,4.0293,284.21,0.9855,61.43,true
193536,4.0320,283.91,0.9837,61.41,true
193664,4.0347,283.69,0.9806,61.40,true
193792,4.0373,282.44,0.9738,61.33,true
193920,4.0400,282.40,0.9637,61.32,true
194048,4.0427,280.97,0.9629,61.24,true
194176,4.0453,279.43,0.9565,61.14,true
194304,4.0480,279.07,0.9566,61.12,true
194432,4.0507,277.83,0.9595,61.04,true
194560,4.0533,278.98,0.9642,61.11,true
194688,4.0560,278.92,0.9671,61.11,true
194816,4.0587,279.38,0.9741,61.14,true
194944,4.0613,280.47,0.9839,61.20,true
195072,4.0640,280.54,0.9847,61.21,true
195200,4.0667,280.57,0.9909,61.21,true
195328,4.0693,279.18,0.9900,61.12,true
195456,4.0720,279.44,0.9848,61.14,true
195584,4.0747,279.28,0.9860,61.13,true
195712,4.0773,279.20,0.9820,61.13,true
195840,4.0800,278.92,0.9793,61.11,true
195968,4.0827,278.99,0.9770,61.11,true
196096,4.0853,278.90,0.9771,61.11,true
196224,4.0880,278.85,0.9730,61.10,true
196352,4.0907,279.26,0.9676,61.13,true
196480,4.0933,279.00,0.9695,61.11,true
196608,4.0960,277.67,0.9566,61.03,true
196736,4.0987,277.41,0.9567,61.01,true
196864,4.1013,277.71,0.9533,61.03,true
196992,4.1040,277.14,0.9552,61.00,true
197120,4.1067,276.04,0.9543,60.93,true
197248,4.1093,275.60,0.9593,60.90,true
197376,4.1120,274.41,0.9666,60.83,true
197504,4.1147,273.98,0.9704,60.80,true
197632,4.1173,274.08,0.9828,60.81,true
197760,4.1200,274.53,0.9835,60.83,true
197888,4.1227,273.08,0.9883,60.74,true
198016,4.1253,274.20,0.9874,60.81,true
198144,4.1280,274.05,0.9875,60.80,true
198272,4.1307,274.24,0.9871,60.82,true
198400,4.1333,273.96,0.9838,60.80,true
198528,4.1360,274.51,0.9746,60.83,true
198656,4.1387,275.62,0.9675,60.90,true
198784,4.1413,276.20,0.9538,60.94,true
198912,4.1440,277.25,0.9563,61.00,true
199040,4.1467,277.41,0.9570,61.01,true
199168,4.1493,277.83,0.9579,61.04,true
199296,4.1520,279.18,0.9558,61.12,true
199424,4.1547,280.81,0.9565,61.23,true
199552,4.1573,282.23,0.9622,61.31,true
199680,4.1600,284.24,0.9640,61.44,true
199808,4.1627,287.24,0.9637,61.62,true
199936,4.1653,287.51,0.9616,61.63,true
200064,4.1680,289.58,0.9537,61.76,true
200192,4.1707,292.24,0.9463,61.92,true
200320,4.1733,292.84,0.9549,61.95,true
200448,4.1760,292.93,0.9570,61.96,true
200576,4.1787,292.89,0.9634,61.95,true
200704,4.1813,292.88,0.9656,61.95,true
200832,4.1840,292.73,0.9702,61.94,true
200960,4.1867,292.72,0.9755,61.94,true
201088,4.1893,292.53,0.9806,61.93,true
201216,4.1920,292.41,0.9865,61.93,true
201344,4.1947,292.27,0.9879,61.92,true
201472,4.1973,291.29,0.9917,61.86,true
201600,4.2000,291.28,0.9929,61.86,true
201728,4.2027,291.21,0.9951,61.85,true
201856,4.2053,291.19,0.9969,61.85,true
201984,4.2080,291.08,0.9972,61.85,true
202112,4.2107,291.06,0.9975,61.85,true
202240,4.2133,291.04,0.9972,61.84,true
202368,4.2160,290.91,0.9969,61.84,true
202496,4.2187,290.87,0.9965,61.83,true
202624,4.2213,290.73,0.9950,61.83,true
202752,4.2240,290.56,0.9939,61.82,true
202880,4.2267,289.57,0.9940,61.76,true
203008,4.2293,289.50,0.9939,61.75,true
203136,4.2320,289.33,0.9936,61.74,true
203264,4.2347,289.15,0.9944,61.73,true
203392,4.2373,289.11,0.9935,61.73,true
203520,4.2400,288.90,0.9937,61.72,true
203648,4.2427,288.87,0.9950,61.71,true
203776,4.2453,288.88,0.9954,61.72,true
203904,4.2480,288.74,0.9951,61.71,true
204032,4.2507,287.76,0.9949,61.65,true
204160,4.2533,287.72,0.9953,61.65,true
204288,4.2560,287.68,0.9946,61.64,true
204416,4.2587,287.52,0.9949,61.63,true
204544,4.2613,287.48,0.9931,61.63,true
204672,4.2640,287.47,0.9919,61.63,true
204800,4.2667,287.39,0.9913,61.63,true
204928,4.2693,287.31,0.9902,61.62,true
205056,4.2720,287.30,0.9900,61.62,true
205184,4.2747,287.34,0.9899,61.62,true
205312,4.2773,287.33,0.9908,61.62,true
205440,4.2800,287.39,0.9926,61.63,true
205568,4.2827,287.45,0.9940,61.63,true
205696,4.2853,287.45,0.9949,61.63,true
205824,4.2880,287.46,0.9951,61.63,true
205952,4.2907,287.52,0.9958,61.63,true
206080,4.2933,287.61,0.9960,61.64,true
206208,4.2960,287.52,0.9950,61.63,true
206336,4.2987,287.52,0.9947,61.63,true
206464,4.3013,287.58,0.9943,61.64,true
206592,4.3040,287.57,0.9944,61.64,true
206720,4.3067,287.53,0.9947,61.63,true
206848,4.3093,287.56,0.9947,61.64,true
206976,4.3120,287.58,0.9948,61.64,true
207104,4.3147,287.52,0.9948,61.63,true
207232,4.3173,287.57,0.9959,61.64,true
207360,4.3200,287.56,0.9958,61.64,true
207488,4.3227,287.49,0.9955,61.63,true
207616,4.3253,287.54,0.9952,61.63,true
207744,4.3280,287.60,0.9948,61.64,true
207872,4.3307,287.61,0.9952,61.64,true
208000,4.3333,287.62,0.9950,61.64,true
208128,4.3360,287.67,0.9953,61.64,true
208256,4.3387,287.73,0.9950,61.65,true
208384,4.3413,287.78,0.9951,61.65,true
208512,4.3440,287.81,0.9953,61.65,true
208640,4.3467,287.79,0.9956,61.65,true
208768,4.3493,288.73,0.9946,61.71,true
208896,4.3520,288.72,0.9943,61.71,true
209024,4.3547,287.82,0.9936,61.65,true
209152,4.3573,288.75,0.9934,61.71,true
209280,4.3600,288.76,0.9926,61.71,true
209408,4.3627,287.85,0.9914,61.65,true
209536,4.3653,288.78,0.9908,61.71,true
209664,4.3680,288.75,0.9902,61.71,true
209792,4.3707,287.80,0.9906,61.65,true
209920,4.3733,288.76,0.9897,61.71,true
210048,4.3760,288.76,0.9904,61.71,true
210176,4.3787,287.73,0.9903,61.65,true
210304,4.3813,287.60,0.9914,61.64,true
210432,4.3840,287.52,0.9913,61.63,true
210560,4.3867,287.25,0.9911,61.62,true
210688,4.3893,286.10,0.9885,61.55,true
210816,4.3920,285.64,0.9844,61.52,true
210944,4.3947,284.20,0.9810,61.43,true
211072,4.3973,283.77,0.9756,61.41,true
211200,4.4000,282.25,0.9601,61.31,true
211328,4.4027,280.55,0.9471,61.21,true
211456,4.4053,278.91,0.9395,61.11,true
211584,4.4080,277.33,0.9317,61.01,true
211712,4.4107,274.30,0.9195,60.82,true
211840,4.4133,271.32,0.9116,60.63,true
211968,4.4160,,,,false
212096,4.4187,,,,false
212224,4.4213,,,,false
212352,4.4240,,,,false
212480,4.4267,,,,false
212608,4.4293,,,,false
212736,4.4320,,,,false
212864,4.4347,,,,false
212992,4.4373,,,,false
213120,4.4400,,,,false
213248,4.4427,,,,false
213376,4.4453,,,,false
213504,4.4480,,,,false
213632,4.4507,,,,false
213760,4.4533,,,,false
213888,4.4560,,,,false
214016,4.4587,,,,false
214144,4.4613,,,,false
214272,4.4640,,,,false
214400,4.4667,,,,false
214528,4.4693,,,,false
214656,4.4720,,,,false
214784,4.4747,,,,false
214912,4.4773,,,,false
215040,4.4800,,,,false
215168,4.4827,,,,false
215296,4.4853,,,,false
215424,4.4880,,,,false
215552,4.4907,,,,false
215680,4.4933,,,,false
215808,4.4960,,,,false
215936,4.4987,,,,false
216064,4.5013,,,,false
216192,4.5040,,,,false
216320,4.5067,,,,false
216448,4.5093,,,,false
216576,4.5120,,,,false
216704,4.5147,,,,false
216832,4.5173,,,,false
216960,4.5200,,,,false
217088,4.5227,,,,false
217216,4.5253,,,,false
217344,4.5280,,,,false
217472,4.5307,,,,false
217600,4.5333,,,,false
217728,4.5360,,,,false
217856,4.5387,,,,false
217984,4.5413,,,,false
218112,4.5440,,,,false
218240,4.5467,,,,false
218368,4.5493,,,,false
218496,4.5520,,,,false
218624,4.5547,,,,false
218752,4.5573,,,,false
218880,4.5600,,,,false
219008,4.5627,,,,false
219136,4.5653,,,,false
219264,4.5680,,,,false
219392,4.5707,,,,false
219520,4.5733,,,,false
219648,4.5760,,,,false
219776,4.5787,,,,false
219904,4.5813,,,,false
220032,4.5840,,,,false
220160,4.5867,,,,false
220288,4.5893,,,,false
220416,4.5920,,,,false
220544,4.5947,,,,false
220672,4.5973,,,,false
220800,4.6000,,,,false
220928,4.6027,,,,false
221056,4.6053,,,,false
221184,4.6080,,,,false
221312,4.6107,,,,false
221440,4.6133,,,,false
221568,4.6160,266.69,0.9054,60.33,true
221696,4.6187,266.54,0.9216,60.32,true
221824,4.6213,266.31,0.9432,60.31,true
221952,4.6240,266.53,0.9536,60.32,true
222080,4.6267,265.08,0.9767,60.23,true
222208,4.6293,263.81,0.9770,60.14,true
222336,4.6320,264.84,0.9772,60.21,true
222464,4.6347,266.96,0.9677,60.35,true
222592,4.6373,268.38,0.9659,60.44,true
222720,4.6400,270.95,0.9571,60.61,true
222848,4.6427,271.30,0.9553,60.63,true
222976,4.6453,272.52,0.9536,60.71,true
223104,4.6480,272.86,0.9592,60.73,true
223232,4.6507,274.02,0.9652,60.80,true
223360,4.6533,274.08,0.9733,60.81,true
223488,4.6560,272.98,0.9788,60.74,true
223616,4.6587,274.07,0.9817,60.80,true
223744,4.6613,274.24,0.9839,60.82,true
223872,4.6640,275.69,0.9870,60.91,true
224000,4.6667,276.04,0.9898,60.93,true
224128,4.6693,277.25,0.9934,61.00,true
224256,4.6720,277.31,0.9945,61.01,true
224384,4.6747,277.62,0.9957,61.03,true
224512,4.6773,278.67,0.9966,61.09,true
224640,4.6800,278.87,0.9967,61.11,true
224768,4.6827,279.14,0.9955,61.12,true
224896,4.6853,279.26,0.9952,61.13,true
225024,4.6880,280.51,0.9914,61.21,true
225152,4.6907,281.04,0.9902,61.24,true
225280,4.6933,282.22,0.9898,61.31,true
225408,4.6960,283.65,0.9896,61.40,true
225536,4.6987,284.18,0.9890,61.43,true
225664,4.7013,285.70,0.9894,61.52,true
225792,4.7040,285.67,0.9878,61.52,true
225920,4.7067,287.16,0.9896,61.61,true
226048,4.7093,287.51,0.9902,61.63,true
226176,4.7120,287.61,0.9897,61.64,true
226304,4.7147,288.87,0.9867,61.71,true
226432,4.7173,289.25,0.9863,61.74,true
226560,4.7200,290.71,0.9815,61.82,true
226688,4.7227,290.87,0.9768,61.83,true
226816,4.7253,291.29,0.9756,61.86,true
226944,4.7280,292.88,0.9721,61.95,true
227072,4.7307,292.54,0.9698,61.93,true
227200,4.7333,293.00,0.9712,61.96,true
227328,4.7360,292.46,0.9719,61.93,true
227456,4.7387,292.34,0.9736,61.92,true
227584,4.7413,290.74,0.9775,61.83,true
227712,4.7440,290.90,0.9825,61.84,true
227840,4.7467,290.67,0.9852,61.82,true
227968,4.7493,289.20,0.9868,61.73,true
228096,4.7520,288.95,0.9883,61.72,true
228224,4.7547,288.73,0.9899,61.71,true
228352,4.7573,287.60,0.9902,61.64,true
228480,4.7600,287.27,0.9916,61.62,true
228608,4.7627,287.63,0.9905,61.64,true
228736,4.7653,287.41,0.9907,61.63,true
228864,4.7680,287.36,0.9893,61.62,true
228992,4.7707,287.84,0.9872,61.65,true
229120,4.7733,289.19,0.9859,61.73,true
229248,4.7760,289.30,0.9832,61.74,true
229376,4.7787,290.62,0.9836,61.82,true
229504,4.7813,290.97,0.9829,61.84,true
229632,4.7840,290.85,0.9861,61.83,true
229760,4.7867,290.59,0.9852,61.82,true
229888,4.7893,290.92,0.9881,61.84,true
230016,4.7920,289.48,0.9904,61.75,true
230144,4.7947,289.35,0.9911,61.74,true
230272,4.7973,289.06,0.9906,61.73,true
230400,4.8000,288.98,0.9909,61.72,true
230528,4.8027,288.86,0.9917,61.71,true
230656,4.8053,287.80,0.9919,61.65,true
230784,4.8080,287.74,0.9921,61.65,true
230912,4.8107,287.66,0.9920,61.64,true
231040,4.8133,287.59,0.9920,61.64,true
231168,4.8160,287.43,0.9939,61.63,true
231296,4.8187,287.60,0.9950,61.64,true
231424,4.8213,287.64,0.9954,61.64,true
231552,4.8240,287.52,0.9946,61.63,true
231680,4.8267,287.53,0.9930,61.63,true
231808,4.8293,287.60,0.9912,61.64,true
231936,4.8320,287.46,0.9900,61.63,true
232064,4.8347,287.78,0.9873,61.65,true
232192,4.8373,287.44,0.9849,61.63,true
232320,4.8400,287.50,0.9800,61.63,true
232448,4.8427,287.17,0.9754,61.61,true
232576,4.8453,287.36,0.9711,61.62,true
232704,4.8480,287.29,0.9720,61.62,true
232832,4.8507,287.29,0.9646,61.62,true
232960,4.8533,286.10,0.9625,61.55,true
233088,4.8560,286.07,0.9640,61.55,true
233216,4.8587,285.96,0.9641,61.54,true
233344,4.8613,285.48,0.9694,61.51,true
233472,4.8640,285.41,0.9723,61.51,true
233600,4.8667,284.34,0.9758,61.44,true
233728,4.8693,284.04,0.9735,61.42,true
233856,4.8720,283.88,0.9815,61.41,true
233984,4.8747,283.96,0.9834,61.42,true
234112,4.8773,283.98,0.9809,61.42,true
234240,4.8800,283.93,0.9812,61.42,true
234368,4.8827,284.08,0.9793,61.43,true
234496,4.8853,284.12,0.9800,61.43,true
234624,4.8880,284.16,0.9814,61.43,true
234752,4.8907,284.26,0.9841,61.44,true
234880,4.8933,284.31,0.9854,61.44,true
235008,4.8960,285.43,0.9857,61.51,true
235136,4.8987,284.30,0.9895,61.44,true
235264,4.9013,284.25,0.9861,61.44,true
235392,4.9040,284.30,0.9889,61.44,true
235520,4.9067,284.10,0.9840,61.43,true
235648,4.9093,284.12,0.9806,61.43,true
235776,4.9120,283.86,0.9798,61.41,true
235904,4.9147,284.07,0.9703,61.42,true
236032,4.9173,283.68,0.9712,61.40,true
236160,4.9200,283.76,0.9645,61.41,true
236288,4.9227,283.80,0.9680,61.41,true
236416,4.9253,283.72,0.9628,61.40,true
236544,4.9280,284.07,0.9639,61.43,true
236672,4.9307,282.75,0.9652,61.34,true
236800,4.9333,284.04,0.9644,61.42,true
236928,4.9360,282.63,0.9726,61.34,true
237056,4.9387,282.77,0.9740,61.35,true
237184,4.9413,282.44,0.9800,61.33,true
237312,4.9440,282.55,0.9810,61.33,true
237440,4.9467,282.49,0.9866,61.33,true
237568,4.9493,282.09,0.9908,61.30,true
237696,4.9520,282.23,0.9920,61.31,true
237824,4.9547,280.90,0.9948,61.23,true
237952,4.9573,281.10,0.9929,61.24,true
238080,4.9600,280.86,0.9928,61.23,true
238208,4.9627,280.82,0.9879,61.23,true
238336,4.9653,280.76,0.9878,61.22,true
238464,4.9680,280.41,0.9868,61.20,true
238592,4.9707,280.67,0.9837,61.22,true
238720,4.9733,279.47,0.9829,61.14,true
238848,4.9760,280.59,0.9801,61.21,true
238976,4.9787,279.24,0.9814,61.13,true
239104,4.9813,279.35,0.9810,61.13,true
239232,4.9840,278.94,0.9838,61.11,true
239360,4.9867,278.77,0.9849,61.10,true
239488,4.9893,277.78,0.9854,61.04,true
239616,4.9920,277.35,0.9872,61.01,true
239744,4.9947,277.53,0.9870,61.02,true
239872,4.9973,276.16,0.9878,60.94,true
240000,5.0000,277.21,0.9843,61.00,true
240128,5.0027,275.88,0.9852,60.92,true
240256,5.0053,277.13,0.9835,61.00,true
240384,5.0080,275.97,0.9820,60.92,true
240512,5.0107,276.07,0.9807,60.93,true
240640,5.0133,275.78,0.9798,60.91,true
240768,5.0160,275.74,0.9805,60.91,true
240896,5.0187,275.86,0.9798,60.92,true
241024,5.0213,275.47,0.9829,60.89,true
241152,5.0240,275.53,0.9818,60.90,true
241280,5.0267,274.28,0.9841,60.82,true
241408,5.0293,274.39,0.9854,60.82,true
241536,5.0320,273.98,0.9880,60.80,true
241664,5.0347,274.02,0.9904,60.80,true
241792,5.0373,273.91,0.9905,60.79,true
241920,5.0400,272.91,0.9944,60.73,true
242048,5.0427,272.96,0.9948,60.73,true
242176,5.0453,272.87,0.9958,60.73,true
242304,5.0480,272.75,0.9957,60.72,true
242432,5.0507,271.57,0.9943,60.65,true
242560,5.0533,272.46,0.9926,60.70,true
242688,5.0560,271.44,0.9891,60.64,true
242816,5.0587,271.28,0.9893,60.63,true
242944,5.0613,270.92,0.9866,60.60,true
243072,5.0640,269.97,0.9862,60.54,true
243200,5.0667,269.75,0.9856,60.53,true
243328,5.0693,269.69,0.9859,60.53,true
243456,5.0720,269.63,0.9854,60.52,true
243584,5.0747,269.48,0.9851,60.51,true
243712,5.0773,269.49,0.9877,60.51,true
243840,5.0800,268.43,0.9885,60.44,true
243968,5.0827,268.39,0.9856,60.44,true
244096,5.0853,268.16,0.9835,60.43,true
244224,5.0880,268.30,0.9811,60.44,true
244352,5.0907,268.13,0.9753,60.43,true
244480,5.0933,268.38,0.9681,60.44,true
244608,5.0960,267.86,0.9691,60.41,true
244736,5.0987,267.97,0.9619,60.41,true
244864,5.1013,266.88,0.9589,60.34,true
244992,5.1040,267.93,0.9500,60.41,true
245120,5.1067,266.82,0.9483,60.34,true
245248,5.1093,266.48,0.9293,60.32,true
245376,5.1120,265.46,0.9211,60.25,true
245504,5.1147,264.98,0.9208,60.22,true
245632,5.1173,,,,false
245760,5.1200,,,,false
245888,5.1227,,,,false
246016,5.1253,265.01,0.9092,60.22,true
246144,5.1280,265.41,0.9094,60.25,true
246272,5.1307,265.41,0.9346,60.25,true
246400,5.1333,265.41,0.9597,60.25,true
246528,5.1360,266.43,0.9556,60.31,true
246656,5.1387,266.80,0.9728,60.34,true
246784,5.1413,266.92,0.9709,60.35,true
246912,5.1440,266.98,0.9691,60.35,true
247040,5.1467,267.79,0.9708,60.40,true
247168,5.1493,268.05,0.9667,60.42,true
247296,5.1520,268.47,0.9684,60.45,true
247424,5.1547,269.32,0.9699,60.50,true
247552,5.1573,268.41,0.9749,60.44,true
247680,5.1600,268.40,0.9773,60.44,true
247808,5.1627,269.51,0.9802,60.51,true
247936,5.1653,269.35,0.9829,60.50,true
248064,5.1680,268.35,0.9844,60.44,true
248192,5.1707,268.00,0.9893,60.42,true
248320,5.1733,267.85,0.9917,60.41,true
248448,5.1760,267.79,0.9923,60.40,true
248576,5.1787,266.83,0.9926,60.34,true
248704,5.1813,266.35,0.9922,60.31,true
248832,5.1840,264.86,0.9886,60.21,true
248960,5.1867,264.01,0.9877,60.16,true
249088,5.1893,262.27,0.9770,60.04,true
249216,5.1920,262.00,0.9738,60.02,true
249344,5.1947,259.17,0.9562,59.84,true
249472,5.1973,256.44,0.9231,59.65,true
249600,5.2000,253.95,0.9006,59.48,true
249728,5.2027,,,,false
249856,5.2053,,,,false
249984,5.2080,,,,false
250112,5.2107,,,,false
250240,5.2133,,,,false
250368,5.2160,,,,false
250496,5.2187,,,,false
250624,5.2213,,,,false
250752,5.2240,,,,false
250880,5.2267,,,,false
251008,5.2293,,,,false
251136,5.2320,,,,false
251264,5.2347,,,,false
251392,5.2373,,,,false
251520,5.2400,,,,false
251648,5.2427,,,,false
251776,5.2453,,,,false
251904,5.2480,,,,false
252032,5.2507,,,,false
252160,5.2533,,,,false
252288,5.2560,,,,false
252416,5.2587,,,,false
252544,5.2613,,,,false
252672,5.2640,90.60,0.9020,41.64,true
252800,5.2667,182.62,0.9111,53.78,true
252928,5.2693,182.50,0.9322,53.76,true
253056,5.2720,180.99,0.9352,53.62,true
253184,5.2747,178.41,0.9488,53.37,true
253312,5.2773,178.56,0.9466,53.39,true
253440,5.2800,180.29,0.9527,53.55,true
253568,5.2827,179.13,0.9497,53.44,true
253696,5.2853,178.28,0.9540,53.36,true
253824,5.2880,179.06,0.9625,53.44,true
253952,5.2907,180.35,0.9672,53.56,true
254080,5.2933,180.54,0.9625,53.58,true
254208,5.2960,182.58,0.9675,53.77,true
254336,5.2987,183.89,0.9624,53.90,true
254464,5.3013,184.70,0.9546,53.97,true
254592,5.3040,184.50,0.9585,53.95,true
254720,5.3067,185.42,0.9488,54.04,true
254848,5.3093,185.89,0.9475,54.08,true
254976,5.3120,187.40,0.9388,54.22,true
255104,5.3147,187.55,0.9399,54.24,true
255232,5.3173,188.84,0.9115,54.36,true
255360,5.3200,,,,false
255488,5.3227,,,,false
255616,5.3253,,,,false
255744,5.3280,,,,false
255872,5.3307,,,,false
256000,5.3333,,,,false
256128,5.3360,,,,false
256256,5.3387,,,,false
256384,5.3413,,,,false
256512,5.3440,,,,false
256640,5.3467,,,,false
256768,5.3493,,,,false
256896,5.3520,201.59,0.9065,55.49,true
257024,5.3547,202.37,0.9031,55.55,true
257152,5.3573,,,,false
257280,5.3600,,,,false
257408,5.3627,,,,false
257536,5.3653,,,,false
257664,5.3680,,,,false
257792,5.3707,,,,false
257920,5.3733,,,,false
258048,5.3760,,,,false
258176,5.3787,,,,false
258304,5.3813,204.40,0.9272,55.73,true
258432,5.3840,204.22,0.9299,55.71,true
258560,5.3867,204.18,0.9313,55.71,true
258688,5.3893,204.26,0.9424,55.71,true
258816,5.3920,204.26,0.9490,55.71,true
258944,5.3947,204.36,0.9498,55.72,true
259072,5.3973,204.40,0.9428,55.73,true
259200,5.4000,204.45,0.9407,55.73,true
259328,5.4027,204.45,0.9386,55.73,true
259456,5.4053,204.99,0.9473,55.78,true
259584,5.4080,205.04,0.9520,55.78,true
259712,5.4107,205.20,0.9453,55.79,true
259840,5.4133,205.22,0.9429,55.80,true
259968,5.4160,205.08,0.9602,55.78,true
260096,5.4187,205.12,0.9589,55.79,true
260224,5.4213,205.22,0.9576,55.80,true
260352,5.4240,205.80,0.9599,55.84,true
260480,5.4267,205.98,0.9685,55.86,true
260608,5.4293,205.98,0.9611,55.86,true
260736,5.4320,205.84,0.9619,55.85,true
260864,5.4347,205.99,0.9656,55.86,true
260992,5.4373,206.08,0.9627,55.87,true
261120,5.4400,206.14,0.9664,55.87,true
261248,5.4427,206.23,0.9628,55.88,true
261376,5.4453,206.79,0.9575,55.93,true
261504,5.4480,206.81,0.9579,55.93,true
261632,5.4507,206.84,0.9664,55.93,true
261760,5.4533,206.91,0.9622,55.94,true
261888,5.4560,206.92,0.9523,55.94,true
262016,5.4587,206.88,0.9586,55.94,true
262144,5.4613,206.93,0.9613,55.94,true
262272,5.4640,206.76,0.9671,55.93,true
262400,5.4667,206.15,0.9647,55.87,true
262528,5.4693,206.70,0.9653,55.92,true
262656,5.4720,206.76,0.9674,55.93,true
262784,5.4747,206.80,0.9650,55.93,true
262912,5.4773,207.03,0.9606,55.95,true
263040,5.4800,207.61,0.9571,56.00,true
263168,5.4827,207.75,0.9537,56.01,true
263296,5.4853,208.00,0.9396,56.03,true
263424,5.4880,208.68,0.9463,56.09,true
263552,5.4907,208.90,0.9437,56.10,true
263680,5.4933,209.58,0.9454,56.16,true
263808,5.4960,209.60,0.9550,56.16,true
263936,5.4987,209.50,0.9664,56.15,true
264064,5.5013,209.63,0.9693,56.16,true
264192,5.5040,209.52,0.9727,56.16,true
264320,5.5067,209.72,0.9830,56.17,true
264448,5.5093,210.44,0.9822,56.23,true
264576,5.5120,210.53,0.9789,56.24,true
264704,5.5147,210.65,0.9812,56.25,true
264832,5.5173,211.34,0.9776,56.30,true
264960,5.5200,211.35,0.9752,56.31,true
265088,5.5227,210.75,0.9712,56.26,true
265216,5.5253,211.38,0.9689,56.31,true
265344,5.5280,211.30,0.9686,56.30,true
265472,5.5307,210.59,0.9669,56.24,true
265600,5.5333,210.31,0.9719,56.22,true
265728,5.5360,210.36,0.9711,56.22,true
265856,5.5387,209.77,0.9749,56.18,true
265984,5.5413,209.71,0.9761,56.17,true
266112,5.5440,210.55,0.9781,56.24,true
266240,5.5467,210.48,0.9744,56.23,true
266368,5.5493,210.48,0.9733,56.23,true
266496,5.5520,210.59,0.9745,56.24,true
266624,5.5547,210.60,0.9667,56.24,true
266752,5.5573,210.41,0.9662,56.23,true
266880,5.5600,210.51,0.9599,56.24,true
267008,5.5627,210.67,0.9628,56.25,true
267136,5.5653,210.32,0.9575,56.22,true
267264,5.5680,210.39,0.9648,56.23,true
267392,5.5707,210.66,0.9633,56.25,true
267520,5.5733,210.68,0.9651,56.25,true
267648,5.5760,211.55,0.9727,56.32,true
267776,5.5787,212.32,0.9724,56.38,true
267904,5.5813,212.24,0.9798,56.38,true
268032,5.5840,212.46,0.9805,56.40,true
268160,5.5867,212.60,0.9871,56.41,true
268288,5.5893,212.60,0.9887,56.41,true
268416,5.5920,212.56,0.9902,56.40,true
268544,5.5947,212.61,0.9911,56.41,true
268672,5.5973,212.49,0.9909,56.40,true
268800,5.6000,213.43,0.9919,56.48,true
268928,5.6027,214.28,0.9894,56.54,true
269056,5.6053,214.32,0.9888,56.55,true
269184,5.6080,215.11,0.9892,56.61,true
269312,5.6107,215.99,0.9869,56.68,true
269440,5.6133,216.29,0.9878,56.71,true
269568,5.6160,217.04,0.9873,56.77,true
269696,5.6187,217.26,0.9887,56.78,true
269824,5.6213,217.19,0.9876,56.78,true
269952,5.6240,217.94,0.9868,56.84,true
270080,5.6267,218.31,0.9874,56.87,true
270208,5.6293,218.95,0.9853,56.92,true
270336,5.6320,219.22,0.9864,56.94,true
270464,5.6347,220.13,0.9856,57.01,true
270592,5.6373,220.35,0.9843,57.03,true
270720,5.6400,221.30,0.9839,57.10,true
270848,5.6427,222.23,0.9844,57.17,true
270976,5.6453,223.31,0.9799,57.26,true
271104,5.6480,224.35,0.9760,57.34,true
271232,5.6507,225.43,0.9732,57.42,true
271360,5.6533,227.35,0.9652,57.57,true
271488,5.6560,227.72,0.9634,57.60,true
271616,5.6587,229.61,0.9560,57.74,true
271744,5.6613,230.79,0.9583,57.83,true
271872,5.6640,231.81,0.9514,57.91,true
272000,5.6667,233.20,0.9490,58.01,true
272128,5.6693,234.33,0.9560,58.09,true
272256,5.6720,235.11,0.9587,58.15,true
272384,5.6747,236.39,0.9611,58.24,true
272512,5.6773,237.42,0.9665,58.32,true
272640,5.6800,237.87,0.9674,58.35,true
272768,5.6827,239.07,0.9715,58.44,true
272896,5.6853,240.26,0.9767,58.52,true
273024,5.6880,241.44,0.9710,58.61,true
273152,5.6907,242.72,0.9731,58.70,true
273280,5.6933,244.69,0.9784,58.84,true
273408,5.6960,245.94,0.9725,58.93,true
273536,5.6987,247.11,0.9706,59.01,true
273664,5.7013,248.41,0.9767,59.10,true
273792,5.7040,248.74,0.9775,59.13,true
273920,5.7067,249.78,0.9754,59.20,true
274048,5.7093,250.16,0.9705,59.22,true
274176,5.7120,251.19,0.9664,59.30,true
274304,5.7147,251.51,0.9648,59.32,true
274432,5.7173,252.41,0.9631,59.38,true
274560,5.7200,252.70,0.9600,59.40,true
274688,5.7227,253.97,0.9566,59.49,true
274816,5.7253,255.28,0.9600,59.57,true
274944,5.7280,255.49,0.9632,59.59,true
275072,5.7307,255.63,0.9696,59.60,true
275200,5.7333,256.55,0.9751,59.66,true
275328,5.7360,256.84,0.9778,59.68,true
275456,5.7387,256.91,0.9790,59.69,true
275584,5.7413,256.85,0.9831,59.68,true
275712,5.7440,256.69,0.9847,59.67,true
275840,5.7467,256.73,0.9842,59.67,true
275968,5.7493,256.72,0.9853,59.67,true
276096,5.7520,515.94,0.9040,71.76,true
276224,5.7547,516.67,0.9221,71.78,true
276352,5.7573,511.97,0.9404,71.62,true
276480,5.7600,515.12,0.9366,71.73,true
276608,5.7627,516.81,0.9182,71.79,true
276736,5.7653,516.49,0.9014,71.77,true
276864,5.7680,257.85,0.9881,59.75,true
276992,5.7707,258.05,0.9889,59.76,true
277120,5.7733,258.23,0.9893,59.77,true
277248,5.7760,259.17,0.9904,59.84,true
277376,5.7787,259.25,0.9925,59.84,true
277504,5.7813,259.40,0.9932,59.85,true
277632,5.7840,259.59,0.9929,59.86,true
277760,5.7867,259.71,0.9924,59.87,true
277888,5.7893,259.79,0.9908,59.88,true
278016,5.7920,260.70,0.9855,59.94,true
278144,5.7947,260.90,0.9794,59.95,true
278272,5.7973,261.10,0.9763,59.97,true
278400,5.8000,261.99,0.9693,60.02,true
278528,5.8027,262.24,0.9646,60.04,true
278656,5.8053,262.59,0.9591,60.06,true
278784,5.8080,263.83,0.9570,60.15,true
278912,5.8107,265.18,0.9550,60.23,true
279040,5.8133,265.48,0.9543,60.25,true
279168,5.8160,266.41,0.9573,60.31,true
279296,5.8187,266.91,0.9524,60.35,true
279424,5.8213,268.00,0.9586,60.42,true
279552,5.8240,268.41,0.9629,60.44,true
279680,5.8267,269.52,0.9626,60.51,true
279808,5.8293,269.90,0.9574,60.54,true
279936,5.8320,270.86,0.9611,60.60,true
280064,5.8347,271.03,0.9632,60.61,true
280192,5.8373,271.39,0.9678,60.63,true
280320,5.8400,272.35,0.9669,60.70,true
280448,5.8427,272.71,0.9691,60.72,true
280576,5.8453,273.94,0.9669,60.80,true
280704,5.8480,274.45,0.9604,60.83,true
280832,5.8507,275.49,0.9602,60.89,true
280960,5.8533,275.90,0.9617,60.92,true
281088,5.8560,277.63,0.9694,61.03,true
281216,5.8587,278.92,0.9683,61.11,true
281344,5.8613,279.04,0.9685,61.12,true
281472,5.8640,279.23,0.9765,61.13,true
281600,5.8667,279.28,0.9787,61.13,true
281728,5.8693,279.22,0.9830,61.13,true
281856,5.8720,279.29,0.9854,61.13,true
281984,5.8747,279.46,0.9840,61.14,true
282112,5.8773,280.46,0.9826,61.20,true
282240,5.8800,280.71,0.9806,61.22,true
282368,5.8827,281.98,0.9777,61.30,true
282496,5.8853,282.45,0.9744,61.33,true
282624,5.8880,283.86,0.9737,61.41,true
282752,5.8907,284.35,0.9729,61.44,true
282880,5.8933,285.52,0.9721,61.51,true
283008,5.8960,286.01,0.9746,61.54,true
283136,5.8987,286.11,0.9720,61.55,true
283264,5.9013,285.90,0.9747,61.54,true
283392,5.9040,285.61,0.9787,61.52,true
283520,5.9067,285.55,0.9826,61.51,true
283648,5.9093,285.62,0.9825,61.52,true
283776,5.9120,285.81,0.9835,61.53,true
283904,5.9147,285.98,0.9842,61.54,true
284032,5.9173,285.80,0.9805,61.53,true
284160,5.9200,285.53,0.9806,61.51,true
284288,5.9227,284.41,0.9776,61.45,true
284416,5.9253,284.19,0.9786,61.43,true
284544,5.9280,284.10,0.9789,61.43,true
284672,5.9307,569.82,0.9180,73.48,true
284800,5.9333,569.91,0.9322,73.48,true
284928,5.9360,566.30,0.9412,73.37,true
285056,5.9387,566.14,0.9399,73.36,true
285184,5.9413,569.87,0.9357,73.48,true
285312,5.9440,570.29,0.9319,73.49,true
285440,5.9467,570.44,0.9329,73.49,true
285568,5.9493,570.26,0.9263,73.49,true
285696,5.9520,571.50,0.9189,73.53,true
285824,5.9547,284.41,0.9847,61.45,true
285952,5.9573,284.26,0.9873,61.44,true
286080,5.9600,284.28,0.9873,61.44,true
286208,5.9627,284.38,0.9900,61.44,true
286336,5.9653,285.39,0.9896,61.51,true
286464,5.9680,285.51,0.9893,61.51,true
286592,5.9707,285.71,0.9909,61.52,true
286720,5.9733,285.72,0.9896,61.53,true
286848,5.9760,285.70,0.9906,61.52,true
286976,5.9787,285.74,0.9895,61.53,true
287104,5.9813,285.77,0.9900,61.53,true
287232,5.9840,285.97,0.9887,61.54,true
287360,5.9867,572.45,0.9067,73.56,true
287488,5.9893,576.89,0.9121,73.69,true
287616,5.9920,573.07,0.9129,73.57,true
287744,5.9947,572.31,0.9114,73.55,true
287872,5.9973,572.84,0.9152,73.57,true
288000,6.0000,577.06,0.9145,73.69,true
288128,6.0027,576.99,0.9192,73.69,true
288256,6.0053,577.05,0.9162,73.69,true
288384,6.0080,577.42,0.9171,73.71,true
288512,6.0107,577.14,0.9187,73.70,true
288640,6.0133,577.59,0.9214,73.71,true
288768,6.0160,577.85,0.9229,73.72,true
288896,6.0187,577.86,0.9051,73.72,true
289024,6.0213,578.10,0.9022,73.73,true
289152,6.0240,287.80,0.9933,61.65,true
289280,6.0267,287.78,0.9925,61.65,true
289408,6.0293,287.69,0.9925,61.64,true
289536,6.0320,287.73,0.9922,61.65,true
289664,6.0347,287.70,0.9918,61.64,true
289792,6.0373,287.61,0.9921,61.64,true
289920,6.0400,287.68,0.9918,61.64,true
290048,6.0427,287.70,0.9923,61.64,true
290176,6.0453,287.78,0.9917,61.65,true
290304,6.0480,287.80,0.9919,61.65,true
290432,6.0507,287.77,0.9923,61.65,true
290560,6.0533,287.76,0.9913,61.65,true
290688,6.0560,287.74,0.9930,61.65,true
290816,6.0587,287.76,0.9923,61.65,true
290944,6.0613,287.72,0.9920,61.65,true
291072,6.0640,287.64,0.9911,61.64,true
291200,6.0667,287.55,0.9905,61.64,true
291328,6.0693,287.52,0.9894,61.63,true
291456,6.0720,287.52,0.9878,61.63,true
291584,6.0747,287.44,0.9891,61.63,true
291712,6.0773,287.44,0.9873,61.63,true
291840,6.0800,287.33,0.9878,61.62,true
291968,6.0827,287.22,0.9884,61.62,true
292096,6.0853,287.24,0.9891,61.62,true
292224,6.0880,287.15,0.9898,61.61,true
292352,6.0907,576.61,0.9020,73.68,true
292480,6.0933,287.18,0.9931,61.61,true
292608,6.0960,287.14,0.9927,61.61,true
292736,6.0987,287.07,0.9942,61.61,true
292864,6.1013,287.06,0.9942,61.61,true
292992,6.1040,287.04,0.9941,61.60,true
293120,6.1067,287.07,0.9936,61.61,true
293248,6.1093,287.11,0.9936,61.61,true
293376,6.1120,287.12,0.9934,61.61,true
293504,6.1147,287.12,0.9926,61.61,true
293632,6.1173,287.15,0.9929,61.61,true
293760,6.1200,572.81,0.9012,73.57,true
293888,6.1227,577.02,0.9084,73.69,true
294016,6.1253,577.53,0.9038,73.71,true
294144,6.1280,577.24,0.9108,73.70,true
294272,6.1307,577.03,0.9156,73.69,true
294400,6.1333,577.12,0.9171,73.70,true
294528,6.1360,577.18,0.9171,73.70,true
294656,6.1387,577.56,0.9176,73.71,true
294784,6.1413,577.16,0.9190,73.70,true
294912,6.1440,576.79,0.9101,73.69,true
295040,6.1467,577.18,0.9179,73.70,true
295168,6.1493,578.13,0.9116,73.73,true
295296,6.1520,577.52,0.9134,73.71,true
295424,6.1547,576.92,0.9073,73.69,true
295552,6.1573,577.53,0.9136,73.71,true
295680,6.1600,578.24,0.9044,73.73,true
295808,6.1627,577.85,0.9066,73.72,true
295936,6.1653,577.09,0.9071,73.70,true
296064,6.1680,577.91,0.9067,73.72,true
296192,6.1707,577.86,0.9031,73.72,true
296320,6.1733,287.57,0.9942,61.64,true
296448,6.1760,287.61,0.9940,61.64,true
296576,6.1787,287.72,0.9940,61.65,true
296704,6.1813,577.75,0.9005,73.72,true
296832,6.1840,287.62,0.9954,61.64,true
296960,6.1867,577.90,0.9009,73.72,true
297088,6.1893,287.59,0.9961,61.64,true
297216,6.1920,577.35,0.9053,73.70,true
297344,6.1947,577.92,0.9068,73.72,true
297472,6.1973,577.24,0.9095,73.70,true
297600,6.2000,576.98,0.9078,73.69,true
297728,6.2027,577.63,0.9070,73.71,true
297856,6.2053,577.58,0.9016,73.71,true
297984,6.2080,577.35,0.9009,73.70,true
298112,6.2107,577.11,0.9057,73.70,true
298240,6.2133,287.28,0.9942,61.62,true
298368,6.2160,287.11,0.9932,61.61,true
298496,6.2187,286.13,0.9916,61.55,true
298624,6.2213,285.90,0.9931,61.54,true
298752,6.2240,285.74,0.9915,61.53,true
298880,6.2267,571.87,0.9050,73.54,true
299008,6.2293,572.28,0.9038,73.55,true
299136,6.2320,571.26,0.9044,73.52,true
299264,6.2347,569.99,0.9012,73.48,true
299392,6.2373,283.86,0.9901,61.41,true
299520,6.2400,283.65,0.9900,61.40,true
299648,6.2427,282.46,0.9892,61.33,true
299776,6.2453,282.13,0.9897,61.31,true
299904,6.2480,280.85,0.9873,61.23,true
300032,6.2507,280.41,0.9853,61.20,true
300160,6.2533,279.19,0.9843,61.13,true
300288,6.2560,277.70,0.9766,61.03,true
300416,6.2587,276.16,0.9638,60.94,true
300544,6.2613,274.56,0.9490,60.84,true
300672,6.2640,272.92,0.9307,60.73,true
300800,6.2667,270.81,0.9232,60.60,true
300928,6.2693,267.82,0.9027,60.40,true
301056,6.2720,,,,false
301184,6.2747,,,,false
301312,6.2773,,,,false
301440,6.2800,,,,false
301568,6.2827,,,,false
301696,6.2853,,,,false
301824,6.2880,,,,false
301952,6.2907,,,,false
302080,6.2933,,,,false
302208,6.2960,,,,false
302336,6.2987,80.70,0.9131,39.64,true
302464,6.3013,80.91,0.9203,39.68,true
302592,6.3040,81.07,0.9440,39.72,true
302720,6.3067,80.97,0.9477,39.70,true
302848,6.3093,80.93,0.9588,39.69,true
302976,6.3120,80.95,0.9469,39.69,true
303104,6.3147,81.08,0.9472,39.72,true
303232,6.3173,81.20,0.9508,39.74,true
303360,6.3200,81.20,0.9551,39.74,true
303488,6.3227,121.49,0.9023,46.72,true
303616,6.3253,243.70,0.9175,58.77,true
303744,6.3280,244.71,0.9328,58.84,true
303872,6.3307,243.73,0.9472,58.77,true
304000,6.3333,244.60,0.9570,58.84,true
304128,6.3360,243.82,0.9681,58.78,true
304256,6.3387,243.88,0.9774,58.78,true
304384,6.3413,243.52,0.9756,58.76,true
304512,6.3440,243.47,0.9820,58.75,true
304640,6.3467,243.38,0.9814,58.75,true
304768,6.3493,242.65,0.9825,58.70,true
304896,6.3520,242.36,0.9802,58.68,true
305024,6.3547,241.51,0.9809,58.61,true
305152,6.3573,241.11,0.9844,58.59,true
305280,6.3600,240.92,0.9833,58.57,true
305408,6.3627,240.19,0.9821,58.52,true
305536,6.3653,239.80,0.9850,58.49,true
305664,6.3680,239.02,0.9861,58.44,true
305792,6.3707,237.69,0.9837,58.34,true
305920,6.3733,236.60,0.9808,58.26,true
306048,6.3760,236.22,0.9807,58.23,true
306176,6.3787,234.19,0.9764,58.08,true
306304,6.3813,232.82,0.9716,57.98,true
306432,6.3840,231.93,0.9670,57.91,true
306560,6.3867,229.87,0.9654,57.76,true
306688,6.3893,228.68,0.9524,57.67,true
306816,6.3920,227.63,0.9517,57.59,true
306944,6.3947,226.68,0.9354,57.52,true
307072,6.3973,225.56,0.9312,57.43,true
307200,6.4000,225.09,0.9239,57.40,true
307328,6.4027,224.48,0.9129,57.35,true
307456,6.4053,223.25,0.9234,57.25,true
307584,6.4080,223.12,0.9315,57.24,true
307712,6.4107,222.43,0.9441,57.19,true
307840,6.4133,222.23,0.9477,57.17,true
307968,6.4160,222.14,0.9606,57.17,true
308096,6.4187,222.03,0.9674,57.16,true
308224,6.4213,221.37,0.9726,57.11,true
308352,6.4240,221.37,0.9811,57.11,true
308480,6.4267,221.29,0.9826,57.10,true
308608,6.4293,221.02,0.9815,57.08,true
308736,6.4320,220.98,0.9836,57.08,true
308864,6.4347,219.40,0.9800,56.95,true
308992,6.4373,219.35,0.9796,56.95,true
309120,6.4400,219.33,0.9761,56.95,true
309248,6.4427,219.29,0.9735,56.94,true
309376,6.4453,218.98,0.9750,56.92,true
309504,6.4480,218.21,0.9682,56.86,true
309632,6.4507,217.94,0.9719,56.84,true
309760,6.4533,217.36,0.9698,56.79,true
309888,6.4560,217.12,0.9709,56.77,true
310016,6.4587,216.41,0.9748,56.71,true
310144,6.4613,216.03,0.9775,56.68,true
310272,6.4640,215.23,0.9795,56.62,true
310400,6.4667,214.41,0.9799,56.55,true
310528,6.4693,214.09,0.9825,56.53,true
310656,6.4720,213.40,0.9796,56.47,true
310784,6.4747,212.40,0.9843,56.39,true
310912,6.4773,211.68,0.9817,56.33,true
311040,6.4800,210.46,0.9816,56.23,true
311168,6.4827,209.56,0.9790,56.16,true
311296,6.4853,208.69,0.9800,56.09,true
311424,6.4880,207.77,0.9784,56.01,true
311552,6.4907,206.70,0.9769,55.92,true
311680,6.4933,205.21,0.9669,55.80,true
311808,6.4960,203.58,0.9577,55.66,true
311936,6.4987,202.35,0.9567,55.55,true
312064,6.5013,201.55,0.9534,55.48,true
312192,6.5040,199.90,0.9543,55.34,true
312320,6.5067,198.46,0.9489,55.22,true
312448,6.5093,196.65,0.9590,55.06,true
312576,6.5120,195.84,0.9568,54.99,true
312704,6.5147,193.68,0.9417,54.79,true
312832,6.5173,192.87,0.9302,54.72,true
312960,6.5200,191.13,0.9175,54.56,true
313088,6.5227,189.89,0.9253,54.45,true
313216,6.5253,187.45,0.9185,54.23,true
313344,6.5280,186.81,0.9198,54.17,true
313472,6.5307,184.76,0.9271,53.98,true
313600,6.5333,184.79,0.9414,53.98,true
313728,6.5360,185.22,0.9530,54.02,true
313856,6.5387,184.78,0.9518,53.98,true
313984,6.5413,184.57,0.9486,53.96,true
314112,6.5440,183.74,0.9422,53.88,true
314240,6.5467,183.87,0.9452,53.89,true
314368,6.5493,183.33,0.9456,53.84,true
314496,6.5520,183.24,0.9518,53.83,true
314624,6.5547,182.63,0.9500,53.78,true
314752,6.5573,181.96,0.9511,53.71,true
314880,6.5600,182.41,0.9579,53.76,true
315008,6.5627,183.74,0.9577,53.88,true
315136,6.5653,184.68,0.9707,53.97,true
315264,6.5680,185.94,0.9738,54.09,true
315392,6.5707,186.06,0.9755,54.10,true
315520,6.5733,186.84,0.9789,54.17,true
315648,6.5760,186.82,0.9780,54.17,true
315776,6.5787,186.88,0.9797,54.18,true
315904,6.5813,187.39,0.9813,54.22,true
316032,6.5840,187.37,0.9818,54.22,true
316160,6.5867,187.48,0.9815,54.23,true
316288,6.5893,186.90,0.9801,54.18,true
316416,6.5920,186.91,0.9807,54.18,true
316544,6.5947,187.35,0.9788,54.22,true
316672,6.5973,187.46,0.9829,54.23,true
316800,6.6000,188.07,0.9831,54.29,true
316928,6.6027,188.09,0.9835,54.29,true
317056,6.6053,188.23,0.9819,54.30,true
317184,6.6080,188.19,0.9824,54.30,true
317312,6.6107,188.89,0.9820,54.36,true
317440,6.6133,380.62,0.9037,66.49,true
317568,6.6160,377.46,0.9342,66.35,true
317696,6.6187,381.17,0.9494,66.52,true
317824,6.6213,378.45,0.9637,66.39,true
317952,6.6240,381.67,0.9701,66.54,true
318080,6.6267,381.53,0.9661,66.53,true
318208,6.6293,383.71,0.9584,66.63,true
318336,6.6320,386.69,0.9402,66.76,true
318464,6.6347,384.22,0.9180,66.65,true
318592,6.6373,192.79,0.9820,54.71,true
318720,6.6400,192.77,0.9823,54.71,true
318848,6.6427,192.82,0.9816,54.72,true
318976,6.6453,192.83,0.9825,54.72,true
319104,6.6480,192.88,0.9842,54.72,true
319232,6.6507,192.78,0.9876,54.71,true
319360,6.6533,192.71,0.9879,54.71,true
319488,6.6560,192.06,0.9907,54.65,true
319616,6.6587,192.15,0.9918,54.66,true
319744,6.6613,192.10,0.9922,54.65,true
319872,6.6640,192.01,0.9927,54.64,true
320000,6.6667,191.87,0.9943,54.63,true
320128,6.6693,191.92,0.9946,54.64,true
320256,6.6720,191.43,0.9936,54.59,true
320384,6.6747,191.38,0.9935,54.59,true
320512,6.6773,191.38,0.9922,54.59,true
320640,6.6800,191.37,0.9919,54.59,true
320768,6.6827,191.34,0.9895,54.58,true
320896,6.6853,191.29,0.9887,54.58,true
321024,6.6880,191.25,0.9900,54.58,true
321152,6.6907,191.20,0.9873,54.57,true
321280,6.6933,191.22,0.9881,54.57,true
321408,6.6960,191.18,0.9879,54.57,true
321536,6.6987,191.14,0.9891,54.57,true
321664,6.7013,190.65,0.9887,54.52,true
321792,6.7040,190.53,0.9912,54.51,true
321920,6.7067,190.53,0.9923,54.51,true
322048,6.7093,190.50,0.9925,54.51,true
322176,6.7120,190.47,0.9958,54.51,true
322304,6.7147,190.47,0.9955,54.50,true
322432,6.7173,190.48,0.9955,54.51,true
322560,6.7200,190.44,0.9962,54.50,true
322688,6.7227,190.44,0.9959,54.50,true
322816,6.7253,190.53,0.9956,54.51,true
322944,6.7280,190.47,0.9948,54.50,true
323072,6.7307,190.39,0.9946,54.50,true
323200,6.7333,190.35,0.9937,54.49,true
323328,6.7360,189.82,0.9941,54.45,true
323456,6.7387,189.77,0.9936,54.44,true
323584,6.7413,189.75,0.9936,54.44,true
323712,6.7440,189.76,0.9945,54.44,true
323840,6.7467,189.58,0.9945,54.42,true
323968,6.7493,189.58,0.9951,54.42,true
324096,6.7520,189.06,0.9954,54.38,true
324224,6.7547,188.96,0.9965,54.37,true
324352,6.7573,188.95,0.9961,54.37,true
324480,6.7600,188.96,0.9964,54.37,true
324608,6.7627,188.88,0.9953,54.36,true
324736,6.7653,188.40,0.9951,54.32,true
324864,6.7680,188.38,0.9953,54.31,true
324992,6.7707,188.32,0.9941,54.31,true
325120,6.7733,188.37,0.9932,54.31,true
325248,6.7760,188.81,0.9908,54.35,true
325376,6.7787,188.37,0.9903,54.31,true
325504,6.7813,188.28,0.9896,54.30,true
325632,6.7840,188.36,0.9885,54.31,true
325760,6.7867,188.37,0.9888,54.31,true
325888,6.7893,188.84,0.9881,54.36,true
326016,6.7920,188.94,0.9891,54.37,true
326144,6.7947,188.99,0.9892,54.37,true
326272,6.7973,189.00,0.9919,54.37,true
326400,6.8000,189.12,0.9917,54.38,true
326528,6.8027,189.60,0.9934,54.43,true
326656,6.8053,189.69,0.9947,54.43,true
326784,6.8080,189.84,0.9907,54.45,true
326912,6.8107,189.89,0.9909,54.45,true
327040,6.8133,189.91,0.9892,54.45,true
327168,6.8160,190.43,0.9855,54.50,true
327296,6.8187,190.56,0.9840,54.51,true
327424,6.8213,190.66,0.9811,54.52,true
327552,6.8240,191.14,0.9819,54.57,true
327680,6.8267,191.19,0.9798,54.57,true
327808,6.8293,191.15,0.9832,54.57,true
327936,6.8320,191.17,0.9834,54.57,true
328064,6.8347,191.23,0.9847,54.57,true
328192,6.8373,190.66,0.9868,54.52,true
328320,6.8400,190.58,0.9887,54.52,true
328448,6.8427,190.54,0.9912,54.51,true
328576,6.8453,190.47,0.9905,54.50,true
328704,6.8480,190.36,0.9920,54.49,true
328832,6.8507,190.39,0.9922,54.50,true
328960,6.8533,190.39,0.9918,54.50,true
329088,6.8560,190.32,0.9905,54.49,true
329216,6.8587,190.38,0.9903,54.50,true
329344,6.8613,190.32,0.9885,54.49,true
329472,6.8640,189.89,0.9876,54.45,true
329600,6.8667,189.89,0.9886,54.45,true
329728,6.8693,189.87,0.9870,54.45,true
329856,6.8720,189.68,0.9872,54.43,true
329984,6.8747,189.56,0.9862,54.42,true
330112,6.8773,189.14,0.9888,54.38,true
330240,6.8800,189.05,0.9890,54.38,true
330368,6.8827,188.92,0.9904,54.36,true
330496,6.8853,188.85,0.9925,54.36,true
330624,6.8880,188.36,0.9931,54.31,true
330752,6.8907,188.29,0.9945,54.30,true
330880,6.8933,188.21,0.9944,54.30,true
331008,6.8960,188.20,0.9940,54.30,true
331136,6.8987,188.13,0.9942,54.29,true
331264,6.9013,188.08,0.9922,54.29,true
331392,6.9040,187.57,0.9914,54.24,true
331520,6.9067,187.49,0.9889,54.23,true
331648,6.9093,187.38,0.9881,54.22,true
331776,6.9120,187.32,0.9875,54.22,true
331904,6.9147,186.78,0.9852,54.17,true
332032,6.9173,186.62,0.9865,54.15,true
332160,6.9200,185.91,0.9879,54.09,true
332288,6.9227,185.44,0.9899,54.04,true
332416,6.9253,185.29,0.9894,54.03,true
332544,6.9280,185.16,0.9925,54.02,true
332672,6.9307,184.44,0.9948,53.95,true
332800,6.9333,183.92,0.9953,53.90,true
332928,6.9360,183.75,0.9957,53.88,true
333056,6.9387,183.19,0.9928,53.83,true
333184,6.9413,182.58,0.9918,53.77,true
333312,6.9440,182.34,0.9900,53.75,true
333440,6.9467,182.41,0.9810,53.76,true
333568,6.9493,182.44,0.9766,53.76,true
333696,6.9520,182.51,0.9771,53.77,true
333824,6.9547,181.95,0.9729,53.71,true
333952,6.9573,181.86,0.9734,53.70,true
334080,6.9600,181.75,0.9743,53.69,true
334208,6.9627,181.70,0.9746,53.69,true
334336,6.9653,181.69,0.9770,53.69,true
334464,6.9680,181.11,0.9846,53.63,true
334592,6.9707,180.47,0.9887,53.57,true
334720,6.9733,180.29,0.9909,53.55,true
334848,6.9760,180.45,0.9933,53.57,true
334976,6.9787,180.97,0.9919,53.62,true
335104,6.9813,181.06,0.9908,53.63,true
335232,6.9840,181.08,0.9916,53.63,true
335360,6.9867,181.22,0.9925,53.64,true
335488,6.9893,181.66,0.9925,53.68,true
335616,6.9920,181.82,0.9942,53.70,true
335744,6.9947,181.86,0.9936,53.70,true
335872,6.9973,182.35,0.9939,53.75,true
336000,7.0000,182.38,0.9937,53.75,true
336128,7.0027,182.44,0.9960,53.76,true
336256,7.0053,182.47,0.9958,53.76,true
336384,7.0080,182.57,0.9960,53.77,true
336512,7.0107,182.52,0.9964,53.77,true
336640,7.0133,182.60,0.9967,53.77,true
336768,7.0160,182.64,0.9974,53.78,true
336896,7.0187,182.62,0.9972,53.78,true
337024,7.0213,182.54,0.9973,53.77,true
337152,7.0240,182.66,0.9973,53.78,true
337280,7.0267,183.08,0.9978,53.82,true
337408,7.0293,183.04,0.9971,53.82,true
337536,7.0320,183.09,0.9963,53.82,true
337664,7.0347,183.22,0.9958,53.83,true
337792,7.0373,183.22,0.9950,53.83,true
337920,7.0400,183.24,0.9949,53.84,true
338048,7.0427,183.37,0.9943,53.85,true
338176,7.0453,183.82,0.9941,53.89,true
338304,7.0480,183.88,0.9936,53.89,true
338432,7.0507,183.98,0.9944,53.90,true
338560,7.0533,184.07,0.9937,53.91,true
338688,7.0560,184.54,0.9932,53.96,true
338816,7.0587,184.69,0.9933,53.97,true
338944,7.0613,185.21,0.9938,54.02,true
339072,7.0640,185.29,0.9929,54.03,true
339200,7.0667,185.46,0.9920,54.04,true
339328,7.0693,186.00,0.9907,54.09,true
339456,7.0720,186.18,0.9904,54.11,true
339584,7.0747,186.63,0.9911,54.15,true
339712,7.0773,186.77,0.9904,54.17,true
339840,7.0800,186.87,0.9900,54.17,true
339968,7.0827,187.49,0.9903,54.23,true
340096,7.0853,187.59,0.9908,54.24,true
340224,7.0880,188.12,0.9877,54.29,true
340352,7.0907,188.08,0.9890,54.29,true
340480,7.0933,188.22,0.9888,54.30,true
340608,7.0960,188.22,0.9858,54.30,true
340736,7.0987,188.33,0.9848,54.31,true
340864,7.1013,188.30,0.9853,54.31,true
340992,7.1040,188.31,0.9822,54.31,true
341120,7.1067,188.17,0.9808,54.29,true
341248,7.1093,188.11,0.9822,54.29,true
341376,7.1120,187.58,0.9740,54.24,true
341504,7.1147,187.51,0.9697,54.23,true
341632,7.1173,186.94,0.9576,54.18,true
341760,7.1200,186.65,0.9513,54.15,true
341888,7.1227,185.95,0.9351,54.09,true
342016,7.1253,185.20,0.9277,54.02,true
342144,7.1280,184.47,0.9029,53.95,true
342272,7.1307,,,,false
342400,7.1333,,,,false
342528,7.1360,,,,false
342656,7.1387,,,,false
342784,7.1413,,,,false
342912,7.1440,,,,false
343040,7.1467,,,,false
343168,7.1493,,,,false
343296,7.1520,,,,false
343424,7.1547,,,,false
343552,7.1573,,,,false
343680,7.1600,94.31,0.9190,42.34,true
343808,7.1627,190.31,0.9054,54.49,true
343936,7.1653,188.90,0.9071,54.36,true
344064,7.1680,188.18,0.9251,54.30,true
344192,7.1707,188.92,0.9343,54.36,true
344320,7.1733,186.90,0.9538,54.18,true
344448,7.1760,185.50,0.9595,54.05,true
344576,7.1787,186.21,0.9674,54.11,true
344704,7.1813,185.42,0.9595,54.04,true
344832,7.1840,183.76,0.9502,53.88,true
344960,7.1867,184.64,0.9265,53.97,true
345088,7.1893,,,,false
345216,7.1920,,,,false
345344,7.1947,,,,false
345472,7.1973,,,,false
345600,7.2000,,,,false
345728,7.2027,,,,false
345856,7.2053,,,,false
345984,7.2080,,,,false
346112,7.2107,,,,false
346240,7.2133,,,,false
346368,7.2160,,,,false
346496,7.2187,,,,false
346624,7.2213,,,,false
346752,7.2240,,,,false
346880,7.2267,,,,false
347008,7.2293,,,,false
347136,7.2320,,,,false
347264,7.2347,,,,false
347392,7.2373,,,,false
347520,7.2400,,,,false
347648,7.2427,,,,false
347776,7.2453,,,,false
347904,7.2480,,,,false
348032,7.2507,,,,false
348160,7.2533,,,,false
348288,7.2560,,,,false
348416,7.2587,,,,false
348544,7.2613,,,,false
348672,7.2640,,,,false
348800,7.2667,,,,false
348928,7.2693,,,,false
349056,7.2720,,,,false
349184,7.2747,,,,false
349312,7.2773,,,,false
349440,7.2800,178.97,0.9047,53.43,true
349568,7.2827,176.51,0.9205,53.19,true
349696,7.2853,176.37,0.9315,53.17,true
349824,7.2880,176.36,0.9475,53.17,true
349952,7.2907,176.36,0.9612,53.17,true
350080,7.2933,176.97,0.9672,53.23,true
350208,7.2960,177.21,0.9690,53.26,true
350336,7.2987,177.19,0.9769,53.25,true
350464,7.3013,177.17,0.9823,53.25,true
350592,7.3040,177.93,0.9888,53.33,true
350720,7.3067,178.31,0.9902,53.36,true
350848,7.3093,177.90,0.9914,53.32,true
350976,7.3120,178.59,0.9931,53.39,true
351104,7.3147,178.97,0.9926,53.43,true
351232,7.3173,178.59,0.9914,53.39,true
351360,7.3200,178.98,0.9907,53.43,true
351488,7.3227,179.71,0.9904,53.50,true
351616,7.3253,179.69,0.9871,53.50,true
351744,7.3280,179.83,0.9888,53.51,true
351872,7.3307,179.90,0.9893,53.52,true
352000,7.3333,180.49,0.9881,53.57,true
352128,7.3360,180.55,0.9882,53.58,true
352256,7.3387,181.12,0.9915,53.63,true
352384,7.3413,181.15,0.9917,53.64,true
352512,7.3440,181.11,0.9919,53.63,true
352640,7.3467,181.14,0.9943,53.63,true
352768,7.3493,181.80,0.9939,53.70,true
352896,7.3520,181.75,0.9940,53.69,true
353024,7.3547,181.66,0.9945,53.68,true
353152,7.3573,181.81,0.9947,53.70,true
353280,7.3600,182.40,0.9949,53.76,true
353408,7.3627,182.36,0.9931,53.75,true
353536,7.3653,182.40,0.9932,53.76,true
353664,7.3680,182.61,0.9929,53.78,true
353792,7.3707,182.51,0.9914,53.77,true
353920,7.3733,182.56,0.9919,53.77,true
354048,7.3760,183.11,0.9909,53.82,true
354176,7.3787,182.62,0.9901,53.78,true
354304,7.3813,182.42,0.9882,53.76,true
354432,7.3840,182.38,0.9886,53.75,true
354560,7.3867,182.56,0.9878,53.77,true
354688,7.3893,181.98,0.9883,53.72,true
354816,7.3920,181.99,0.9900,53.72,true
354944,7.3947,182.42,0.9908,53.76,true
355072,7.3973,181.74,0.9921,53.69,true
355200,7.4000,181.73,0.9930,53.69,true
355328,7.4027,181.85,0.9944,53.70,true
355456,7.4053,181.97,0.9950,53.71,true
355584,7.4080,181.69,0.9960,53.69,true
355712,7.4107,181.27,0.9958,53.65,true
355840,7.4133,181.20,0.9960,53.64,true
355968,7.4160,181.13,0.9941,53.63,true
356096,7.4187,181.15,0.9942,53.64,true
356224,7.4213,181.23,0.9941,53.64,true
356352,7.4240,181.30,0.9935,53.65,true
356480,7.4267,181.66,0.9949,53.69,true
356608,7.4293,181.27,0.9945,53.65,true
356736,7.4320,181.68,0.9956,53.69,true
356864,7.4347,181.73,0.9958,53.69,true
356992,7.4373,181.80,0.9977,53.70,true
357120,7.4400,181.87,0.9978,53.70,true
357248,7.4427,181.78,0.9978,53.70,true
357376,7.4453,181.69,0.9978,53.69,true
357504,7.4480,181.79,0.9976,53.70,true
357632,7.4507,181.80,0.9977,53.70,true
357760,7.4533,181.84,0.9975,53.70,true
357888,7.4560,181.89,0.9969,53.71,true
358016,7.4587,182.46,0.9961,53.76,true
358144,7.4613,182.39,0.9958,53.75,true
358272,7.4640,182.57,0.9963,53.77,true
358400,7.4667,183.06,0.9957,53.82,true
358528,7.4693,183.19,0.9954,53.83,true
358656,7.4720,183.28,0.9935,53.84,true
358784,7.4747,183.95,0.9933,53.90,true
358912,7.4773,183.99,0.9906,53.91,true
359040,7.4800,184.62,0.9893,53.96,true
359168,7.4827,185.18,0.9846,54.02,true
359296,7.4853,185.39,0.9844,54.04,true
359424,7.4880,185.44,0.9833,54.04,true
359552,7.4907,185.96,0.9817,54.09,true
359680,7.4933,186.10,0.9840,54.10,true
359808,7.4960,186.19,0.9815,54.11,true
359936,7.4987,186.21,0.9820,54.11,true
360064,7.5013,186.19,0.9772,54.11,true
360192,7.5040,186.21,0.9825,54.11,true
360320,7.5067,186.81,0.9783,54.17,true
360448,7.5093,186.72,0.9720,54.16,true
360576,7.5120,186.83,0.9636,54.17,true
360704,7.5147,186.81,0.9617,54.17,true
360832,7.5173,187.36,0.9555,54.22,true
360960,7.5200,186.91,0.9429,54.18,true
361088,7.5227,187.45,0.9372,54.23,true
361216,7.5253,187.39,0.9322,54.22,true
361344,7.5280,187.35,0.9196,54.22,true
361472,7.5307,187.43,0.9205,54.23,true
361600,7.5333,187.39,0.9259,54.22,true
361728,7.5360,187.33,0.9242,54.22,true
361856,7.5387,187.42,0.9313,54.22,true
361984,7.5413,187.50,0.9461,54.23,true
362112,7.5440,186.90,0.9578,54.18,true
362240,7.5467,186.82,0.9614,54.17,true
362368,7.5493,187.44,0.9728,54.23,true
362496,7.5520,187.44,0.9781,54.23,true
362624,7.5547,187.39,0.9843,54.22,true
362752,7.5573,187.38,0.9842,54.22,true
362880,7.5600,187.55,0.9852,54.24,true
363008,7.5627,187.61,0.9886,54.24,true
363136,7.5653,188.15,0.9882,54.29,true
363264,7.5680,188.20,0.9883,54.30,true
363392,7.5707,188.16,0.9894,54.29,true
363520,7.5733,188.23,0.9912,54.30,true
363648,7.5760,188.40,0.9913,54.32,true
363776,7.5787,188.42,0.9920,54.32,true
363904,7.5813,188.27,0.9930,54.30,true
364032,7.5840,188.27,0.9935,54.30,true
364160,7.5867,188.21,0.9956,54.30,true
364288,7.5893,188.16,0.9926,54.29,true
364416,7.5920,187.59,0.9918,54.24,true
364544,7.5947,187.65,0.9905,54.25,true
364672,7.5973,187.40,0.9892,54.22,true
364800,7.6000,187.34,0.9840,54.22,true
364928,7.6027,186.73,0.9822,54.16,true
365056,7.6053,186.72,0.9789,54.16,true
365184,7.6080,185.37,0.9662,54.03,true
365312,7.6107,185.28,0.9563,54.03,true
365440,7.6133,184.46,0.9439,53.95,true
365568,7.6160,183.13,0.9304,53.82,true
365696,7.6187,180.30,0.9036,53.56,true
365824,7.6213,,,,false
365952,7.6240,174.59,0.9038,53.00,true
366080,7.6267,173.95,0.9083,52.93,true
366208,7.6293,173.44,0.9132,52.88,true
366336,7.6320,172.65,0.9298,52.80,true
366464,7.6347,172.53,0.9516,52.79,true
366592,7.6373,174.03,0.9583,52.94,true
366720,7.6400,175.24,0.9677,53.06,true
366848,7.6427,175.86,0.9724,53.12,true
366976,7.6453,177.15,0.9719,53.25,true
367104,7.6480,179.06,0.9667,53.43,true
367232,7.6507,180.32,0.9535,53.56,true
367360,7.6533,181.69,0.9673,53.69,true
367488,7.6560,183.09,0.9627,53.82,true
367616,7.6587,184.53,0.9574,53.96,true
367744,7.6613,184.55,0.9585,53.96,true
367872,7.6640,184.50,0.9506,53.95,true
368000,7.6667,185.20,0.9510,54.02,true
368128,7.6693,183.88,0.9438,53.89,true
368256,7.6720,182.60,0.9437,53.77,true
368384,7.6747,183.05,0.9336,53.82,true
368512,7.6773,182.54,0.9287,53.77,true
368640,7.6800,182.38,0.9271,53.75,true
368768,7.6827,182.49,0.9138,53.76,true
368896,7.6853,182.60,0.9093,53.77,true
369024,7.6880,91.28,0.9015,41.77,true
369152,7.6907,,,,false
369280,7.6933,,,,false
369408,7.6960,,,,false
369536,7.6987,,,,false
369664,7.7013,,,,false
369792,7.7040,,,,false
369920,7.7067,,,,false
370048,7.7093,,,,false
370176,7.7120,,,,false
370304,7.7147,,,,false
370432,7.7173,,,,false
370560,7.7200,,,,false
370688,7.7227,,,,false
370816,7.7253,,,,false
370944,7.7280,,,,false
371072,7.7307,205.03,0.9200,55.78,true
371200,7.7333,204.34,0.9518,55.72,true
371328,7.7360,204.93,0.9660,55.77,true
371456,7.7387,204.97,0.9656,55.77,true
371584,7.7413,205.05,0.9621,55.78,true
371712,7.7440,204.94,0.9509,55.77,true
371840,7.7467,204.95,0.9490,55.77,true
371968,7.7493,205.11,0.9502,55.79,true
372096,7.7520,205.07,0.9472,55.78,true
372224,7.7547,205.01,0.9511,55.78,true
372352,7.7573,205.04,0.9612,55.78,true
372480,7.7600,204.40,0.9630,55.73,true
372608,7.7627,204.21,0.9605,55.71,true
372736,7.7653,203.45,0.9719,55.65,true
372864,7.7680,203.26,0.9672,55.63,true
372992,7.7707,202.34,0.9608,55.55,true
373120,7.7733,201.71,0.9654,55.50,true
373248,7.7760,200.74,0.9596,55.41,true
373376,7.7787,199.97,0.9603,55.35,true
373504,7.7813,198.38,0.9542,55.21,true
373632,7.7840,198.17,0.9486,55.19,true
373760,7.7867,196.11,0.9379,55.01,true
373888,7.7893,195.89,0.9239,54.99,true
374016,7.7920,194.19,0.9264,54.84,true
374144,7.7947,193.48,0.9035,54.78,true
374272,7.7973,191.32,0.9221,54.58,true
374400,7.8000,191.06,0.9232,54.56,true
374528,7.8027,189.13,0.9199,54.38,true
374656,7.8053,189.00,0.9228,54.37,true
374784,7.8080,187.51,0.9331,54.23,true
374912,7.8107,187.46,0.9405,54.23,true
375040,7.8133,186.19,0.9577,54.11,true
375168,7.8160,186.13,0.9741,54.11,true
375296,7.8187,186.02,0.9776,54.10,true
375424,7.8213,185.93,0.9812,54.09,true
375552,7.8240,186.06,0.9819,54.10,true
375680,7.8267,186.01,0.9801,54.09,true
375808,7.8293,186.20,0.9805,54.11,true
375936,7.8320,186.61,0.9767,54.15,true
376064,7.8347,186.79,0.9717,54.17,true
376192,7.8373,186.87,0.9664,54.17,true
376320,7.8400,186.89,0.9562,54.18,true
376448,7.8427,186.91,0.9542,54.18,true
376576,7.8453,187.33,0.9507,54.22,true
376704,7.8480,187.50,0.9482,54.23,true
376832,7.8507,188.09,0.9494,54.29,true
376960,7.8533,188.19,0.9499,54.30,true
377088,7.8560,188.82,0.9537,54.35,true
377216,7.8587,189.05,0.9503,54.38,true
377344,7.8613,189.82,0.9609,54.45,true
377472,7.8640,190.44,0.9599,54.50,true
377600,7.8667,191.28,0.9679,54.58,true
377728,7.8693,191.34,0.9713,54.58,true
377856,7.8720,192.09,0.9737,54.65,true
377984,7.8747,192.15,0.9622,54.66,true
378112,7.8773,192.64,0.9543,54.70,true
378240,7.8800,192.09,0.9570,54.65,true
378368,7.8827,192.00,0.9588,54.64,true
378496,7.8853,191.88,0.9591,54.63,true
378624,7.8880,191.84,0.9664,54.63,true
378752,7.8907,191.81,0.9699,54.63,true
378880,7.8933,191.35,0.9736,54.58,true
379008,7.8960,191.22,0.9812,54.57,true
379136,7.8987,191.13,0.9864,54.56,true
379264,7.9013,191.18,0.9862,54.57,true
379392,7.9040,191.18,0.9846,54.57,true
379520,7.9067,191.37,0.9828,54.59,true
379648,7.9093,191.34,0.9751,54.58,true
379776,7.9120,191.85,0.9685,54.63,true
379904,7.9147,192.02,0.9652,54.65,true
380032,7.9173,192.71,0.9630,54.71,true
380160,7.9200,192.83,0.9629,54.72,true
380288,7.9227,193.39,0.9628,54.77,true
380416,7.9253,193.55,0.9636,54.78,true
380544,7.9280,193.48,0.9570,54.78,true
380672,7.9307,193.62,0.9715,54.79,true
380800,7.9333,194.20,0.9754,54.84,true
380928,7.9360,193.70,0.9763,54.80,true
381056,7.9387,194.22,0.9784,54.84,true
381184,7.9413,194.39,0.9805,54.86,true
381312,7.9440,195.01,0.9788,54.91,true
381440,7.9467,194.96,0.9793,54.91,true
381568,7.9493,195.13,0.9846,54.92,true
381696,7.9520,195.22,0.9846,54.93,true
381824,7.9547,195.22,0.9857,54.93,true
381952,7.9573,195.19,0.9854,54.93,true
382080,7.9600,195.16,0.9856,54.93,true
382208,7.9627,195.17,0.9847,54.93,true
382336,7.9653,195.08,0.9765,54.92,true
382464,7.9680,194.98,0.9738,54.91,true
382592,7.9707,194.52,0.9756,54.87,true
382720,7.9733,195.04,0.9691,54.92,true
382848,7.9760,195.02,0.9686,54.91,true
382976,7.9787,195.24,0.9668,54.93,true
383104,7.9813,195.26,0.9660,54.94,true
383232,7.9840,195.22,0.9670,54.93,true
383360,7.9867,195.19,0.9733,54.93,true
383488,7.9893,195.23,0.9749,54.93,true
383616,7.9920,195.74,0.9757,54.98,true
383744,7.9947,195.10,0.9804,54.92,true
383872,7.9973,195.09,0.9799,54.92,true
384000,8.0000,194.47,0.9824,54.86,true
384128,8.0027,194.40,0.9837,54.86,true
384256,8.0053,194.25,0.9828,54.85,true
384384,8.0080,194.22,0.9864,54.84,true
384512,8.0107,194.16,0.9843,54.84,true
384640,8.0133,194.27,0.9752,54.85,true
384768,8.0160,194.34,0.9767,54.85,true
384896,8.0187,194.40,0.9726,54.86,true
385024,8.0213,194.22,0.9702,54.84,true
385152,8.0240,194.17,0.9644,54.84,true
385280,8.0267,193.56,0.9607,54.78,true
385408,8.0293,193.45,0.9605,54.77,true
385536,8.0320,192.96,0.9576,54.73,true
385664,8.0347,192.12,0.9689,54.65,true
385792,8.0373,191.81,0.9716,54.63,true
385920,8.0400,191.27,0.9726,54.58,true
386048,8.0427,191.17,0.9754,54.57,true
386176,8.0453,190.58,0.9817,54.52,true
386304,8.0480,190.56,0.9848,54.51,true
386432,8.0507,190.44,0.9862,54.50,true
386560,8.0533,190.36,0.9912,54.49,true
386688,8.0560,190.31,0.9867,54.49,true
386816,8.0587,189.81,0.9871,54.44,true
386944,8.0613,189.76,0.9857,54.44,true
387072,8.0640,189.68,0.9849,54.43,true
387200,8.0667,189.56,0.9840,54.42,true
387328,8.0693,189.04,0.9812,54.37,true
387456,8.0720,188.95,0.9810,54.37,true
387584,8.0747,188.32,0.9800,54.31,true
387712,8.0773,188.30,0.9830,54.31,true
387840,8.0800,188.26,0.9820,54.30,true
387968,8.0827,188.17,0.9874,54.29,true
388096,8.0853,188.07,0.9880,54.28,true
388224,8.0880,188.08,0.9892,54.29,true
388352,8.0907,188.08,0.9926,54.29,true
388480,8.0933,188.14,0.9927,54.29,true
388608,8.0960,188.18,0.9941,54.30,true
388736,8.0987,188.09,0.9947,54.29,true
388864,8.1013,188.09,0.9943,54.29,true
388992,8.1040,188.08,0.9921,54.29,true
389120,8.1067,187.67,0.9896,54.25,true
389248,8.1093,187.60,0.9892,54.24,true
389376,8.1120,187.60,0.9824,54.24,true
389504,8.1147,187.51,0.9822,54.23,true
389632,8.1173,187.46,0.9806,54.23,true
389760,8.1200,187.64,0.9763,54.25,true
389888,8.1227,188.06,0.9747,54.28,true
390016,8.1253,187.60,0.9744,54.24,true
390144,8.1280,188.06,0.9769,54.28,true
390272,8.1307,188.22,0.9764,54.30,true
390400,8.1333,188.25,0.9836,54.30,true
390528,8.1360,188.85,0.9826,54.36,true
390656,8.1387,189.06,0.9838,54.38,true
390784,8.1413,189.03,0.9872,54.37,true
390912,8.1440,189.03,0.9881,54.37,true
391040,8.1467,189.72,0.9884,54.44,true
391168,8.1493,189.81,0.9857,54.44,true
391296,8.1520,190.44,0.9832,54.50,true
391424,8.1547,191.11,0.9740,54.56,true
391552,8.1573,191.10,0.9730,54.56,true
391680,8.1600,191.09,0.9678,54.56,true
391808,8.1627,191.87,0.9616,54.63,true
391936,8.1653,192.86,0.9457,54.72,true
392064,8.1680,195.00,0.9214,54.91,true
392192,8.1707,195.77,0.9280,54.98,true
392320,8.1733,195.15,0.9296,54.92,true
392448,8.1760,194.41,0.9414,54.86,true
392576,8.1787,194.23,0.9444,54.84,true
392704,8.1813,193.56,0.9537,54.78,true
392832,8.1840,192.84,0.9545,54.72,true
392960,8.1867,192.14,0.9655,54.66,true
393088,8.1893,191.29,0.9832,54.58,true
393216,8.1920,190.57,0.9879,54.51,true
393344,8.1947,190.34,0.9880,54.49,true
393472,8.1973,189.77,0.9878,54.44,true
393600,8.2000,189.64,0.9869,54.43,true
393728,8.2027,189.69,0.9863,54.43,true
393856,8.2053,189.76,0.9833,54.44,true
393984,8.2080,189.65,0.9844,54.43,true
394112,8.2107,189.66,0.9832,54.43,true
394240,8.2133,189.84,0.9847,54.45,true
394368,8.2160,189.91,0.9862,54.45,true
394496,8.2187,190.38,0.9891,54.50,true
394624,8.2213,190.44,0.9913,54.50,true
394752,8.2240,190.43,0.9915,54.50,true
394880,8.2267,190.37,0.9942,54.50,true
395008,8.2293,190.43,0.9950,54.50,true
395136,8.2320,190.46,0.9966,54.50,true
395264,8.2347,190.44,0.9959,54.50,true
395392,8.2373,190.44,0.9952,54.50,true
395520,8.2400,190.47,0.9951,54.50,true
395648,8.2427,190.51,0.9934,54.51,true
395776,8.2453,190.63,0.9923,54.52,true
395904,8.2480,190.66,0.9911,54.52,true
396032,8.2507,191.09,0.9915,54.56,true
396160,8.2533,191.11,0.9899,54.56,true
396288,8.2560,191.08,0.9906,54.56,true
396416,8.2587,191.07,0.9906,54.56,true
396544,8.2613,191.09,0.9900,54.56,true
396672,8.2640,190.62,0.9909,54.52,true
396800,8.2667,190.43,0.9920,54.50,true
396928,8.2693,190.45,0.9925,54.50,true
397056,8.2720,190.40,0.9903,54.50,true
397184,8.2747,190.37,0.9918,54.50,true
397312,8.2773,190.35,0.9900,54.49,true
397440,8.2800,190.30,0.9847,54.49,true
397568,8.2827,189.86,0.9858,54.45,true
397696,8.2853,189.83,0.9830,54.45,true
397824,8.2880,189.72,0.9824,54.44,true
397952,8.2907,189.58,0.9805,54.42,true
398080,8.2933,189.62,0.9815,54.43,true
398208,8.2960,189.56,0.9787,54.42,true
398336,8.2987,188.98,0.9771,54.37,true
398464,8.3013,188.80,0.9805,54.35,true
398592,8.3040,188.30,0.9782,54.31,true
398720,8.3067,188.15,0.9810,54.29,true
398848,8.3093,188.10,0.9801,54.29,true
398976,8.3120,188.07,0.9820,54.28,true
399104,8.3147,187.48,0.9834,54.23,true
399232,8.3173,186.93,0.9878,54.18,true
399360,8.3200,187.35,0.9906,54.22,true
399488,8.3227,186.93,0.9900,54.18,true
399616,8.3253,186.90,0.9927,54.18,true
399744,8.3280,186.83,0.9904,54.17,true
399872,8.3307,186.85,0.9903,54.17,true
400000,8.3333,186.87,0.9887,54.17,true
400128,8.3360,187.43,0.9857,54.23,true
400256,8.3387,187.61,0.9840,54.24,true
400384,8.3413,188.17,0.9821,54.29,true
400512,8.3440,188.88,0.9829,54.36,true
400640,8.3467,189.56,0.9815,54.42,true
400768,8.3493,190.40,0.9815,54.50,true
400896,8.3520,191.41,0.9771,54.59,true
401024,8.3547,192.64,0.9782,54.70,true
401152,8.3573,193.68,0.9720,54.79,true
401280,8.3600,195.19,0.9616,54.93,true
401408,8.3627,197.39,0.9501,55.12,true
401536,8.3653,199.20,0.9407,55.28,true
401664,8.3680,201.53,0.9423,55.48,true
401792,8.3707,203.24,0.9469,55.63,true
401920,8.3733,205.27,0.9454,55.80,true
402048,8.3760,207.09,0.9500,55.95,true
402176,8.3787,208.84,0.9633,56.10,true
402304,8.3813,210.62,0.9458,56.25,true
402432,8.3840,212.57,0.9352,56.40,true
402560,8.3867,214.20,0.9310,56.54,true
402688,8.3893,,,,false
402816,8.3920,,,,false
402944,8.3947,,,,false
403072,8.3973,,,,false
403200,8.4000,,,,false
403328,8.4027,,,,false
403456,8.4053,,,,false
403584,8.4080,,,,false
403712,8.4107,,,,false
403840,8.4133,,,,false
403968,8.4160,,,,false
404096,8.4187,,,,false
404224,8.4213,,,,false
404352,8.4240,242.30,0.9037,58.67,true
404480,8.4267,243.87,0.9098,58.78,true
404608,8.4293,245.20,0.9312,58.88,true
404736,8.4320,246.09,0.9377,58.94,true
404864,8.4347,247.69,0.9606,59.05,true
404992,8.4373,249.80,0.9639,59.20,true
405120,8.4400,250.04,0.9668,59.22,true
405248,8.4427,251.22,0.9684,59.30,true
405376,8.4453,252.85,0.9675,59.41,true
405504,8.4480,253.71,0.9672,59.47,true
405632,8.4507,253.96,0.9699,59.49,true
405760,8.4533,255.53,0.9743,59.59,true
405888,8.4560,256.69,0.9734,59.67,true
406016,8.4587,256.87,0.9762,59.68,true
406144,8.4613,258.07,0.9772,59.76,true
406272,8.4640,259.21,0.9759,59.84,true
406400,8.4667,259.18,0.9748,59.84,true
406528,8.4693,259.28,0.9768,59.84,true
406656,8.4720,259.45,0.9765,59.86,true
406784,8.4747,259.30,0.9773,59.85,true
406912,8.4773,259.39,0.9781,59.85,true
407040,8.4800,259.56,0.9788,59.86,true
407168,8.4827,259.43,0.9762,59.85,true
407296,8.4853,259.36,0.9700,59.85,true
407424,8.4880,259.47,0.9684,59.86,true
407552,8.4907,259.53,0.9605,59.86,true
407680,8.4933,259.52,0.9455,59.86,true
407808,8.4960,259.79,0.9400,59.88,true
407936,8.4987,259.60,0.9332,59.87,true
408064,8.5013,259.52,0.9173,59.86,true
408192,8.5040,259.71,0.9207,59.87,true
408320,8.5067,259.49,0.9313,59.86,true
408448,8.5093,259.32,0.9349,59.85,true
408576,8.5120,259.44,0.9403,59.85,true
408704,8.5147,259.46,0.9569,59.86,true
408832,8.5173,259.36,0.9549,59.85,true
408960,8.5200,259.63,0.9570,59.87,true
409088,8.5227,260.56,0.9664,59.93,true
409216,8.5253,260.90,0.9601,59.95,true
409344,8.5280,262.22,0.9386,60.04,true
409472,8.5307,262.50,0.9322,60.06,true
409600,8.5333,263.48,0.9194,60.12,true
409728,8.5360,264.07,0.9114,60.16,true
409856,8.5387,265.54,0.9173,60.26,true
409984,8.5413,266.74,0.9166,60.34,true
410112,8.5440,267.84,0.9210,60.41,true
410240,8.5467,268.45,0.9379,60.45,true
410368,8.5493,269.47,0.9492,60.51,true
410496,8.5520,270.00,0.9467,60.55,true
410624,8.5547,270.92,0.9599,60.60,true
410752,8.5573,271.10,0.9670,60.62,true
410880,8.5600,271.38,0.9712,60.63,true
411008,8.5627,272.54,0.9685,60.71,true
411136,8.5653,272.86,0.9681,60.73,true
411264,8.5680,274.14,0.9675,60.81,true
411392,8.5707,274.55,0.9651,60.83,true
411520,8.5733,275.65,0.9573,60.90,true
411648,8.5760,276.18,0.9628,60.94,true
411776,8.5787,277.29,0.9608,61.01,true
411904,8.5813,278.70,0.9564,61.09,true
412032,8.5840,279.08,0.9642,61.12,true
412160,8.5867,279.27,0.9664,61.13,true
412288,8.5893,279.44,0.9699,61.14,true
412416,8.5920,279.41,0.9735,61.14,true
412544,8.5947,279.45,0.9785,61.14,true
412672,8.5973,280.68,0.9775,61.22,true
412800,8.6000,282.01,0.9758,61.30,true
412928,8.6027,282.17,0.9783,61.31,true
413056,8.6053,282.55,0.9742,61.33,true
413184,8.6080,283.89,0.9762,61.41,true
413312,8.6107,284.34,0.9721,61.44,true
413440,8.6133,285.77,0.9712,61.53,true
413568,8.6160,287.34,0.9757,61.62,true
413696,8.6187,287.79,0.9680,61.65,true
413824,8.6213,287.55,0.9640,61.64,true
413952,8.6240,287.59,0.9664,61.64,true
414080,8.6267,287.45,0.9682,61.63,true
414208,8.6293,287.74,0.9667,61.65,true
414336,8.6320,288.86,0.9722,61.71,true
414464,8.6347,288.74,0.9726,61.71,true
414592,8.6373,287.74,0.9695,61.65,true
414720,8.6400,287.29,0.9744,61.62,true
414848,8.6427,287.13,0.9778,61.61,true
414976,8.6453,287.00,0.9785,61.60,true
415104,8.6480,285.94,0.9788,61.54,true
415232,8.6507,285.86,0.9824,61.53,true
415360,8.6533,285.80,0.9831,61.53,true
415488,8.6560,285.75,0.9821,61.53,true
415616,8.6587,285.70,0.9862,61.52,true
415744,8.6613,285.70,0.9855,61.52,true
415872,8.6640,285.69,0.9859,61.52,true
416000,8.6667,285.82,0.9819,61.53,true
416128,8.6693,286.08,0.9810,61.55,true
416256,8.6720,285.99,0.9773,61.54,true
416384,8.6747,285.97,0.9784,61.54,true
416512,8.6773,285.86,0.9796,61.53,true
416640,8.6800,285.77,0.9779,61.53,true
416768,8.6827,285.91,0.9814,61.54,true
416896,8.6853,287.01,0.9801,61.60,true
417024,8.6880,286.08,0.9838,61.55,true
417152,8.6907,285.95,0.9858,61.54,true
417280,8.6933,285.88,0.9907,61.53,true
417408,8.6960,285.65,0.9910,61.52,true
417536,8.6987,285.67,0.9916,61.52,true
417664,8.7013,285.81,0.9910,61.53,true
417792,8.7040,285.77,0.9904,61.53,true
417920,8.7067,285.67,0.9900,61.52,true
418048,8.7093,285.69,0.9870,61.52,true
418176,8.7120,285.66,0.9875,61.52,true
418304,8.7147,285.70,0.9878,61.52,true
418432,8.7173,285.75,0.9878,61.53,true
418560,8.7200,285.83,0.9883,61.53,true
418688,8.7227,285.75,0.9905,61.53,true
418816,8.7253,285.80,0.9909,61.53,true
418944,8.7280,285.80,0.9923,61.53,true
419072,8.7307,285.75,0.9964,61.53,true
419200,8.7333,285.72,0.9963,61.53,true
419328,8.7360,285.74,0.9963,61.53,true
419456,8.7387,285.71,0.9954,61.52,true
419584,8.7413,285.62,0.9930,61.52,true
419712,8.7440,285.53,0.9930,61.51,true
419840,8.7467,285.45,0.9923,61.51,true
419968,8.7493,284.40,0.9898,61.45,true
420096,8.7520,284.30,0.9902,61.44,true
420224,8.7547,284.19,0.9886,61.43,true
420352,8.7573,283.92,0.9888,61.42,true
420480,8.7600,283.73,0.9882,61.40,true
420608,8.7627,282.76,0.9895,61.35,true
420736,8.7653,282.63,0.9898,61.34,true
420864,8.7680,282.23,0.9891,61.31,true
420992,8.7707,281.95,0.9893,61.30,true
421120,8.7733,280.60,0.9869,61.21,true
421248,8.7760,279.16,0.9834,61.12,true
421376,8.7787,278.67,0.9799,61.09,true
421504,8.7813,277.16,0.9762,61.00,true
421632,8.7840,274.53,0.9702,60.83,true
421760,8.7867,272.69,0.9718,60.72,true
421888,8.7893,270.90,0.9682,60.60,true
422016,8.7920,268.34,0.9747,60.44,true
422144,8.7947,266.79,0.9780,60.34,true
422272,8.7973,265.32,0.9741,60.24,true
422400,8.8000,263.52,0.9620,60.13,true
422528,8.8027,261.11,0.9459,59.97,true
422656,8.8053,259.66,0.9233,59.87,true
422784,8.8080,258.38,0.9209,59.78,true
422912,8.8107,258.04,0.9235,59.76,true
423040,8.8133,256.69,0.9320,59.67,true
423168,8.8160,255.08,0.9311,59.56,true
423296,8.8187,253.73,0.9252,59.47,true
423424,8.8213,252.78,0.9259,59.40,true
423552,8.8240,252.82,0.9322,59.41,true
423680,8.8267,253.72,0.9443,59.47,true
423808,8.8293,252.53,0.9560,59.39,true
423936,8.8320,251.21,0.9614,59.30,true
424064,8.8347,249.88,0.9659,59.20,true
424192,8.8373,248.92,0.9734,59.14,true
424320,8.8400,249.82,0.9757,59.20,true
424448,8.8427,250.10,0.9788,59.22,true
424576,8.8453,249.89,0.9761,59.21,true
424704,8.8480,248.90,0.9767,59.14,true
424832,8.8507,247.65,0.9718,59.05,true
424960,8.8533,246.46,0.9680,58.97,true
425088,8.8560,247.18,0.9647,59.02,true
425216,8.8587,247.50,0.9592,59.04,true
425344,8.8613,247.64,0.9630,59.05,true
425472,8.8640,247.53,0.9612,59.04,true
425600,8.8667,247.42,0.9624,59.03,true
425728,8.8693,247.23,0.9638,59.02,true
425856,8.8720,247.41,0.9683,59.03,true
425984,8.8747,247.68,0.9761,59.05,true
426112,8.8773,247.38,0.9781,59.03,true
426240,8.8800,247.13,0.9801,59.01,true
426368,8.8827,246.02,0.9815,58.94,true
426496,8.8853,246.08,0.9838,58.94,true
426624,8.8880,246.21,0.9876,58.95,true
426752,8.8907,246.17,0.9877,58.95,true
426880,8.8933,246.08,0.9862,58.94,true
427008,8.8960,246.08,0.9854,58.94,true
427136,8.8987,246.19,0.9871,58.95,true
427264,8.9013,246.13,0.9858,58.94,true
427392,8.9040,246.08,0.9857,58.94,true
427520,8.9067,246.18,0.9853,58.95,true
427648,8.9093,246.12,0.9867,58.94,true
427776,8.9120,246.26,0.9825,58.95,true
427904,8.9147,246.21,0.9838,58.95,true
428032,8.9173,245.96,0.9840,58.93,true
428160,8.9200,245.92,0.9837,58.93,true
428288,8.9227,245.08,0.9848,58.87,true
428416,8.9253,245.19,0.9845,58.88,true
428544,8.9280,244.98,0.9837,58.86,true
428672,8.9307,244.89,0.9844,58.86,true
428800,8.9333,244.91,0.9895,58.86,true
428928,8.9360,244.89,0.9897,58.86,true
429056,8.9387,245.04,0.9903,58.87,true
429184,8.9413,245.12,0.9893,58.87,true
429312,8.9440,245.07,0.9860,58.87,true
429440,8.9467,245.15,0.9851,58.87,true
429568,8.9493,245.01,0.9842,58.86,true
429696,8.9520,245.18,0.9827,58.88,true
429824,8.9547,245.02,0.9822,58.86,true
429952,8.9573,245.16,0.9824,58.87,true
430080,8.9600,245.16,0.9820,58.87,true
430208,8.9627,245.10,0.9836,58.87,true
430336,8.9653,245.92,0.9874,58.93,true
430464,8.9680,245.89,0.9889,58.93,true
430592,8.9707,246.16,0.9922,58.95,true
430720,8.9733,246.10,0.9930,58.94,true
430848,8.9760,246.20,0.9938,58.95,true
430976,8.9787,246.31,0.9922,58.96,true
431104,8.9813,246.44,0.9914,58.97,true
431232,8.9840,247.26,0.9905,59.02,true
431360,8.9867,247.30,0.9887,59.03,true
431488,8.9893,247.29,0.9868,59.02,true
431616,8.9920,247.45,0.9817,59.04,true
431744,8.9947,247.67,0.9781,59.05,true
431872,8.9973,248.80,0.9732,59.13,true
432000,9.0000,248.92,0.9685,59.14,true
432128,9.0027,249.89,0.9644,59.21,true
432256,9.0053,250.10,0.9582,59.22,true
432384,9.0080,251.44,0.9566,59.31,true
432512,9.0107,252.93,0.9545,59.41,true
432640,9.0133,254.28,0.9433,59.51,true
432768,9.0160,256.50,0.9371,59.66,true
432896,9.0187,256.85,0.9269,59.68,true
433024,9.0213,258.23,0.9186,59.77,true
433152,9.0240,,,,false
433280,9.0267,,,,false
433408,9.0293,,,,false
433536,9.0320,,,,false
433664,9.0347,,,,false
433792,9.0373,,,,false
433920,9.0400,,,,false
434048,9.0427,,,,false
434176,9.0453,,,,false
434304,9.0480,,,,false
434432,9.0507,,,,false
434560,9.0533,,,,false
434688,9.0560,,,,false
434816,9.0587,,,,false
434944,9.0613,,,,false
435072,9.0640,275.79,0.9199,60.91,true
435200,9.0667,276.02,0.9277,60.93,true
435328,9.0693,276.12,0.9468,60.93,true
435456,9.0720,277.65,0.9518,61.03,true
435584,9.0747,278.67,0.9626,61.09,true
435712,9.0773,278.92,0.9578,61.11,true
435840,9.0800,278.92,0.9633,61.11,true
435968,9.0827,279.10,0.9674,61.12,true
436096,9.0853,280.31,0.9685,61.19,true
436224,9.0880,280.48,0.9688,61.20,true
436352,9.0907,280.90,0.9735,61.23,true
436480,9.0933,280.87,0.9731,61.23,true
436608,9.0960,281.94,0.9747,61.29,true
436736,9.0987,281.01,0.9786,61.24,true
436864,9.1013,282.19,0.9797,61.31,true
436992,9.1040,282.36,0.9803,61.32,true
437120,9.1067,282.29,0.9841,61.32,true
437248,9.1093,282.26,0.9817,61.31,true
437376,9.1120,282.13,0.9802,61.31,true
437504,9.1147,282.11,0.9800,61.31,true
437632,9.1173,281.97,0.9751,61.30,true
437760,9.1200,281.96,0.9746,61.30,true
437888,9.1227,280.80,0.9669,61.22,true
438016,9.1253,280.66,0.9657,61.22,true
438144,9.1280,280.53,0.9566,61.21,true
438272,9.1307,280.39,0.9570,61.20,true
438400,9.1333,280.31,0.9462,61.19,true
438528,9.1360,279.35,0.9417,61.14,true
438656,9.1387,279.37,0.9433,61.14,true
438784,9.1413,279.16,0.9399,61.12,true
438912,9.1440,279.19,0.9483,61.12,true
439040,9.1467,279.09,0.9499,61.12,true
439168,9.1493,279.06,0.9591,61.12,true
439296,9.1520,279.06,0.9638,61.12,true
439424,9.1547,279.03,0.9766,61.11,true
439552,9.1573,278.89,0.9825,61.11,true
439680,9.1600,278.84,0.9821,61.10,true
439808,9.1627,278.94,0.9883,61.11,true
439936,9.1653,278.85,0.9876,61.10,true
440064,9.1680,278.86,0.9885,61.10,true
440192,9.1707,279.06,0.9847,61.12,true
440320,9.1733,279.12,0.9828,61.12,true
440448,9.1760,279.09,0.9814,61.12,true
440576,9.1787,279.31,0.9791,61.13,true
440704,9.1813,279.38,0.9806,61.14,true
440832,9.1840,279.37,0.9801,61.14,true
440960,9.1867,280.32,0.9811,61.20,true
441088,9.1893,280.56,0.9807,61.21,true
441216,9.1920,280.54,0.9845,61.21,true
441344,9.1947,280.58,0.9855,61.21,true
441472,9.1973,280.78,0.9870,61.22,true
441600,9.2000,280.82,0.9883,61.23,true
441728,9.2027,281.96,0.9858,61.30,true
441856,9.2053,282.22,0.9888,61.31,true
441984,9.2080,282.38,0.9839,61.32,true
442112,9.2107,282.41,0.9804,61.32,true
442240,9.2133,282.63,0.9738,61.34,true
442368,9.2160,283.65,0.9714,61.40,true
442496,9.2187,283.94,0.9652,61.42,true
442624,9.2213,284.30,0.9563,61.44,true
442752,9.2240,285.37,0.9520,61.50,true
442880,9.2267,285.59,0.9474,61.52,true
443008,9.2293,286.13,0.9479,61.55,true
443136,9.2320,287.11,0.9373,61.61,true
443264,9.2347,287.16,0.9414,61.61,true
443392,9.2373,287.30,0.9474,61.62,true
443520,9.2400,287.26,0.9553,61.62,true
443648,9.2427,286.10,0.9611,61.55,true
443776,9.2453,285.99,0.9652,61.54,true
443904,9.2480,287.09,0.9689,61.61,true
444032,9.2507,286.00,0.9758,61.54,true
444160,9.2533,285.96,0.9839,61.54,true
444288,9.2560,285.90,0.9846,61.54,true
444416,9.2587,286.01,0.9851,61.54,true
444544,9.2613,286.08,0.9855,61.55,true
444672,9.2640,286.07,0.9866,61.55,true
444800,9.2667,287.01,0.9874,61.60,true
444928,9.2693,286.08,0.9898,61.55,true
445056,9.2720,286.13,0.9905,61.55,true
445184,9.2747,286.13,0.9920,61.55,true
445312,9.2773,287.08,0.9926,61.61,true
445440,9.2800,286.11,0.9906,61.55,true
445568,9.2827,286.03,0.9907,61.54,true
445696,9.2853,286.09,0.9911,61.55,true
445824,9.2880,285.95,0.9898,61.54,true
445952,9.2907,285.76,0.9880,61.53,true
446080,9.2933,285.73,0.9875,61.53,true
446208,9.2960,285.74,0.9838,61.53,true
446336,9.2987,285.60,0.9835,61.52,true
446464,9.3013,285.42,0.9818,61.51,true
446592,9.3040,285.33,0.9823,61.50,true
446720,9.3067,284.38,0.9834,61.44,true
446848,9.3093,284.33,0.9849,61.44,true
446976,9.3120,284.24,0.9848,61.44,true
447104,9.3147,284.13,0.9858,61.43,true
447232,9.3173,284.04,0.9877,61.42,true
447360,9.3200,283.91,0.9858,61.42,true
447488,9.3227,283.90,0.9869,61.41,true
447616,9.3253,284.01,0.9865,61.42,true
447744,9.3280,283.88,0.9870,61.41,true
447872,9.3307,283.79,0.9854,61.41,true
448000,9.3333,283.82,0.9863,61.41,true
448128,9.3360,283.86,0.9861,61.41,true
448256,9.3387,283.79,0.9883,61.41,true
448384,9.3413,283.84,0.9912,61.41,true
448512,9.3440,283.97,0.9926,61.42,true
448640,9.3467,283.87,0.9932,61.41,true
448768,9.3493,283.94,0.9933,61.42,true
448896,9.3520,284.11,0.9949,61.43,true
449024,9.3547,284.23,0.9927,61.43,true
449152,9.3573,284.29,0.9932,61.44,true
449280,9.3600,284.38,0.9916,61.44,true
449408,9.3627,285.31,0.9911,61.50,true
449536,9.3653,285.46,0.9883,61.51,true
449664,9.3680,285.43,0.9862,61.51,true
449792,9.3707,285.57,0.9863,61.52,true
449920,9.3733,285.58,0.9813,61.52,true
450048,9.3760,285.63,0.9834,61.52,true
450176,9.3787,285.72,0.9818,61.53,true
450304,9.3813,285.69,0.9832,61.52,true
450432,9.3840,285.84,0.9832,61.53,true
450560,9.3867,285.71,0.9853,61.52,true
450688,9.3893,285.81,0.9875,61.53,true
450816,9.3920,285.82,0.9881,61.53,true
450944,9.3947,285.77,0.9924,61.53,true
451072,9.3973,285.79,0.9919,61.53,true
451200,9.4000,285.71,0.9933,61.52,true
451328,9.4027,285.76,0.9934,61.53,true
451456,9.4053,285.74,0.9932,61.53,true
451584,9.4080,285.78,0.9937,61.53,true
451712,9.4107,285.79,0.9920,61.53,true
451840,9.4133,285.82,0.9921,61.53,true
451968,9.4160,285.88,0.9892,61.54,true
452096,9.4187,285.86,0.9878,61.53,true
452224,9.4213,285.94,0.9856,61.54,true
452352,9.4240,285.93,0.9848,61.54,true
452480,9.4267,285.88,0.9860,61.54,true
452608,9.4293,285.98,0.9853,61.54,true
452736,9.4320,285.90,0.9867,61.54,true
452864,9.4347,285.88,0.9863,61.53,true
452992,9.4373,285.88,0.9890,61.54,true
453120,9.4400,285.76,0.9905,61.53,true
453248,9.4427,285.75,0.9923,61.53,true
453376,9.4453,285.88,0.9892,61.53,true
453504,9.4480,285.82,0.9878,61.53,true
453632,9.4507,285.71,0.9885,61.52,true
453760,9.4533,285.86,0.9823,61.53,true
453888,9.4560,285.74,0.9825,61.53,true
454016,9.4587,285.67,0.9822,61.52,true
454144,9.4613,285.93,0.9812,61.54,true
454272,9.4640,285.92,0.9805,61.54,true
454400,9.4667,285.77,0.9835,61.53,true
454528,9.4693,285.83,0.9845,61.53,true
454656,9.4720,285.92,0.9817,61.54,true
454784,9.4747,285.84,0.9880,61.53,true
454912,9.4773,286.01,0.9877,61.54,true
455040,9.4800,286.01,0.9883,61.54,true
455168,9.4827,285.94,0.9897,61.54,true
455296,9.4853,285.89,0.9881,61.54,true
455424,9.4880,285.85,0.9882,61.53,true
455552,9.4907,286.01,0.9858,61.54,true
455680,9.4933,285.93,0.9859,61.54,true
455808,9.4960,285.89,0.9808,61.54,true
455936,9.4987,285.92,0.9753,61.54,true
456064,9.5013,286.01,0.9725,61.54,true
456192,9.5040,285.83,0.9668,61.53,true
456320,9.5067,285.93,0.9664,61.54,true
456448,9.5093,286.10,0.9583,61.55,true
456576,9.5120,286.01,0.9597,61.54,true
456704,9.5147,285.94,0.9606,61.54,true
456832,9.5173,286.09,0.9613,61.55,true
456960,9.5200,286.05,0.9664,61.55,true
457088,9.5227,286.05,0.9684,61.55,true
457216,9.5253,287.05,0.9727,61.61,true
457344,9.5280,286.13,0.9742,61.55,true
457472,9.5307,286.07,0.9831,61.55,true
457600,9.5333,285.96,0.9780,61.54,true
457728,9.5360,286.08,0.9778,61.55,true
457856,9.5387,286.13,0.9741,61.55,true
457984,9.5413,285.93,0.9631,61.54,true
458112,9.5440,285.91,0.9585,61.54,true
458240,9.5467,286.08,0.9469,61.55,true
458368,9.5493,286.10,0.9443,61.55,true
458496,9.5520,286.02,0.9396,61.54,true
458624,9.5547,287.03,0.9429,61.60,true
458752,9.5573,287.03,0.9447,61.60,true
458880,9.5600,285.92,0.9510,61.54,true
459008,9.5627,287.05,0.9616,61.61,true
459136,9.5653,287.10,0.9628,61.61,true
459264,9.5680,286.04,0.9783,61.54,true
459392,9.5707,286.04,0.9793,61.54,true
459520,9.5733,286.11,0.9839,61.55,true
459648,9.5760,286.07,0.9800,61.55,true
459776,9.5787,285.91,0.9737,61.54,true
459904,9.5813,287.01,0.9714,61.60,true
460032,9.5840,286.11,0.9552,61.55,true
460160,9.5867,287.03,0.9535,61.60,true
460288,9.5893,286.04,0.9473,61.54,true
460416,9.5920,286.12,0.9477,61.55,true
460544,9.5947,287.00,0.9451,61.60,true
460672,9.5973,285.94,0.9461,61.54,true
460800,9.6000,286.10,0.9510,61.55,true
460928,9.6027,286.00,0.9534,61.54,true
461056,9.6053,285.77,0.9705,61.53,true
461184,9.6080,285.57,0.9741,61.52,true
461312,9.6107,285.89,0.9790,61.54,true
461440,9.6133,285.65,0.9794,61.52,true
461568,9.6160,285.67,0.9833,61.52,true
461696,9.6187,285.85,0.9855,61.53,true
461824,9.6213,285.63,0.9804,61.52,true
461952,9.6240,285.60,0.9811,61.52,true
462080,9.6267,285.82,0.9723,61.53,true
462208,9.6293,285.65,0.9682,61.52,true
462336,9.6320,285.54,0.9591,61.51,true
462464,9.6347,285.48,0.9506,61.51,true
462592,9.6373,285.46,0.9459,61.51,true
462720,9.6400,285.34,0.9335,61.50,true
462848,9.6427,285.62,0.9340,61.52,true
462976,9.6453,284.42,0.9251,61.45,true
463104,9.6480,284.39,0.9309,61.44,true
463232,9.6507,285.39,0.9332,61.51,true
463360,9.6533,284.32,0.9434,61.44,true
463488,9.6560,285.39,0.9525,61.51,true
463616,9.6587,284.32,0.9557,61.44,true
463744,9.6613,284.25,0.9717,61.44,true
463872,9.6640,284.02,0.9755,61.42,true
464000,9.6667,284.23,0.9842,61.43,true
464128,9.6693,284.04,0.9811,61.42,true
464256,9.6720,283.97,0.9824,61.42,true
464384,9.6747,284.14,0.9794,61.43,true
464512,9.6773,283.70,0.9709,61.40,true
464640,9.6800,283.89,0.9627,61.41,true
464768,9.6827,283.65,0.9491,61.40,true
464896,9.6853,283.74,0.9464,61.41,true
465024,9.6880,283.76,0.9443,61.41,true
465152,9.6907,283.69,0.9469,61.40,true
465280,9.6933,282.66,0.9439,61.34,true
465408,9.6960,282.52,0.9477,61.33,true
465536,9.6987,282.68,0.9456,61.34,true
465664,9.7013,282.36,0.9522,61.32,true
465792,9.7040,282.57,0.9647,61.33,true
465920,9.7067,282.33,0.9657,61.32,true
466048,9.7093,282.30,0.9644,61.32,true
466176,9.7120,282.06,0.9690,61.30,true
466304,9.7147,282.07,0.9693,61.30,true
466432,9.7173,281.01,0.9702,61.24,true
466560,9.7200,282.33,0.9744,61.32,true
466688,9.7227,282.24,0.9723,61.31,true
466816,9.7253,281.08,0.9723,61.24,true
466944,9.7280,280.97,0.9747,61.24,true
467072,9.7307,280.83,0.9773,61.23,true
467200,9.7333,282.08,0.9762,61.30,true
467328,9.7360,282.48,0.9791,61.33,true
467456,9.7387,282.52,0.9787,61.33,true
467584,9.7413,282.16,0.9814,61.31,true
467712,9.7440,282.27,0.9850,61.32,true
467840,9.7467,282.56,0.9847,61.33,true
467968,9.7493,282.72,0.9845,61.34,true
468096,9.7520,283.93,0.9855,61.42,true
468224,9.7547,284.08,0.9850,61.43,true
468352,9.7573,284.06,0.9823,61.42,true
468480,9.7600,284.09,0.9811,61.43,true
468608,9.7627,284.35,0.9816,61.44,true
468736,9.7653,285.57,0.9816,61.52,true
468864,9.7680,285.86,0.9826,61.53,true
468992,9.7707,285.70,0.9819,61.52,true
469120,9.7733,285.88,0.9788,61.53,true
469248,9.7760,286.11,0.9783,61.55,true
469376,9.7787,286.13,0.9778,61.55,true
469504,9.7813,287.27,0.9796,61.62,true
469632,9.7840,287.54,0.9793,61.64,true
469760,9.7867,287.34,0.9781,61.62,true
469888,9.7893,287.50,0.9784,61.63,true
470016,9.7920,287.64,0.9797,61.64,true
470144,9.7947,287.71,0.9828,61.65,true
470272,9.7973,287.74,0.9815,61.65,true
470400,9.8000,288.75,0.9839,61.71,true
470528,9.8027,287.85,0.9834,61.65,true
470656,9.8053,287.83,0.9859,61.65,true
470784,9.8080,288.87,0.9883,61.71,true
470912,9.8107,288.88,0.9906,61.72,true
471040,9.8133,288.82,0.9918,61.71,true
471168,9.8160,288.81,0.9916,61.71,true
471296,9.8187,288.83,0.9932,61.71,true
471424,9.8213,288.83,0.9944,61.71,true
471552,9.8240,288.81,0.9953,61.71,true
471680,9.8267,287.84,0.9945,61.65,true
471808,9.8293,287.83,0.9949,61.65,true
471936,9.8320,287.76,0.9945,61.65,true
472064,9.8347,287.78,0.9919,61.65,true
472192,9.8373,287.69,0.9917,61.64,true
472320,9.8400,287.58,0.9919,61.64,true
472448,9.8427,287.48,0.9898,61.63,true
472576,9.8453,287.45,0.9903,61.63,true
472704,9.8480,287.52,0.9907,61.63,true
472832,9.8507,287.46,0.9903,61.63,true
472960,9.8533,287.42,0.9894,61.63,true
473088,9.8560,287.46,0.9917,61.63,true
473216,9.8587,287.55,0.9907,61.64,true
473344,9.8613,287.59,0.9901,61.64,true
473472,9.8640,287.60,0.9909,61.64,true
473600,9.8667,287.71,0.9866,61.65,true
473728,9.8693,287.71,0.9855,61.65,true
473856,9.8720,287.69,0.9784,61.64,true
473984,9.8747,287.79,0.9778,61.65,true
474112,9.8773,287.75,0.9699,61.65,true
474240,9.8800,287.76,0.9670,61.65,true
474368,9.8827,287.80,0.9663,61.65,true
474496,9.8853,287.81,0.9644,61.65,true
474624,9.8880,287.73,0.9685,61.65,true
474752,9.8907,287.79,0.9676,61.65,true
474880,9.8933,287.78,0.9748,61.65,true
475008,9.8960,287.73,0.9771,61.65,true
475136,9.8987,287.79,0.9836,61.65,true
475264,9.9013,287.74,0.9877,61.65,true
475392,9.9040,287.64,0.9896,61.64,true
475520,9.9067,287.71,0.9914,61.65,true
475648,9.9093,287.65,0.9900,61.64,true
475776,9.9120,287.58,0.9907,61.64,true
475904,9.9147,287.57,0.9877,61.64,true
476032,9.9173,287.58,0.9871,61.64,true
476160,9.9200,287.59,0.9853,61.64,true
476288,9.9227,287.55,0.9846,61.64,true
476416,9.9253,287.60,0.9837,61.64,true
476544,9.9280,287.61,0.9844,61.64,true
476672,9.9307,287.64,0.9861,61.64,true
476800,9.9333,287.58,0.9867,61.64,true
476928,9.9360,287.69,0.9893,61.64,true
477056,9.9387,287.63,0.9899,61.64,true
477184,9.9413,287.56,0.9927,61.64,true
477312,9.9440,287.63,0.9935,61.64,true
477440,9.9467,287.66,0.9939,61.64,true
477568,9.9493,287.65,0.9945,61.64,true
477696,9.9520,287.76,0.9899,61.65,true
477824,9.9547,287.77,0.9896,61.65,true
477952,9.9573,287.76,0.9886,61.65,true
478080,9.9600,287.75,0.9874,61.65,true
478208,9.9627,287.83,0.9828,61.65,true
478336,9.9653,288.74,0.9781,61.71,true
478464,9.9680,288.77,0.9761,61.71,true
478592,9.9707,287.78,0.9692,61.65,true
478720,9.9733,287.66,0.9698,61.64,true
478848,9.9760,287.75,0.9643,61.65,true
478976,9.9787,287.53,0.9573,61.63,true
479104,9.9813,287.47,0.9527,61.63,true
479232,9.9840,287.07,0.9487,61.61,true
479360,9.9867,285.55,0.9417,61.51,true
479488,9.9893,284.25,0.9323,61.44,true
479616,9.9920,283.79,0.9317,61.41,true
479744,9.9947,282.14,0.9244,61.31,true
479872,9.9973,278.84,0.9253,61.10,true
480000,10.0000,277.64,0.9236,61.03,true
480128,10.0027,273.95,0.9193,60.80,true
480256,10.0053,272.52,0.9233,60.71,true
480384,10.0080,271.27,0.9193,60.63,true
480512,10.0107,272.37,0.9247,60.70,true
480640,10.0133,271.47,0.9140,60.64,true
480768,10.0160,270.88,0.9123,60.60,true
480896,10.0187,269.74,0.9097,60.53,true
481024,10.0213,,,,false
481152,10.0240,,,,false
481280,10.0267,,,,false
481408,10.0293,,,,false
481536,10.0320,,,,false
481664,10.0347,,,,false
481792,10.0373,,,,false
481920,10.0400,,,,false
482048,10.0427,,,,false
482176,10.0453,,,,false
482304,10.0480,,,,false
482432,10.0507,,,,false
482560,10.0533,,,,false
482688,10.0560,,,,false
482816,10.0587,,,,false
482944,10.0613,,,,false
483072,10.0640,,,,false
483200,10.0667,,,,false
483328,10.0693,,,,false
483456,10.0720,,,,false
483584,10.0747,,,,false
483712,10.0773,,,,false
483840,10.0800,,,,false
483968,10.0827,,,,false
484096,10.0853,,,,false
484224,10.0880,,,,false
484352,10.0907,,,,false
484480,10.0933,,,,false
484608,10.0960,,,,false
484736,10.0987,,,,false
484864,10.1013,,,,false
484992,10.1040,,,,false
485120,10.1067,,,,false
485248,10.1093,,,,false
485376,10.1120,,,,false
485504,10.1147,,,,false
485632,10.1173,,,,false
485760,10.1200,,,,false
485888,10.1227,,,,false
486016,10.1253,,,,false
486144,10.1280,,,,false
486272,10.1307,,,,false
486400,10.1333,,,,false
486528,10.1360,,,,false
486656,10.1387,,,,false
486784,10.1413,,,,false
486912,10.1440,,,,false
487040,10.1467,,,,false
487168,10.1493,,,,false
487296,10.1520,,,,false
487424,10.1547,,,,false
487552,10.1573,,,,false
487680,10.1600,,,,false
487808,10.1627,,,,false
487936,10.1653,,,,false
488064,10.1680,,,,false
488192,10.1707,,,,false
488320,10.1733,,,,false
488448,10.1760,,,,false
488576,10.1787,,,,false
488704,10.1813,,,,false
488832,10.1840,,,,false
488960,10.1867,,,,false
489088,10.1893,,,,false
489216,10.1920,,,,false
489344,10.1947,,,,false
489472,10.1973,,,,false
489600,10.2000,,,,false
489728,10.2027,,,,false
489856,10.2053,,,,false
489984,10.2080,,,,false
490112,10.2107,,,,false
490240,10.2133,,,,false
490368,10.2160,,,,false
490496,10.2187,,,,false
490624,10.2213,,,,false
490752,10.2240,,,,false
490880,10.2267,,,,false
491008,10.2293,,,,false
491136,10.2320,278.95,0.9124,61.11,true
491264,10.2347,277.07,0.9167,60.99,true
491392,10.2373,276.13,0.9371,60.93,true
491520,10.2400,277.22,0.9464,61.00,true
491648,10.2427,276.10,0.9553,60.93,true
491776,10.2453,274.23,0.9620,60.81,true
491904,10.2480,272.74,0.9714,60.72,true
492032,10.2507,273.03,0.9710,60.74,true
492160,10.2533,274.42,0.9675,60.83,true
492288,10.2560,275.59,0.9736,60.90,true
492416,10.2587,275.57,0.9713,60.90,true
492544,10.2613,274.58,0.9747,60.84,true
492672,10.2640,275.67,0.9758,60.91,true
492800,10.2667,275.66,0.9818,60.90,true
492928,10.2693,275.74,0.9834,60.91,true
493056,10.2720,275.89,0.9873,60.92,true
493184,10.2747,276.05,0.9904,60.93,true
493312,10.2773,277.34,0.9913,61.01,true
493440,10.2800,277.55,0.9942,61.02,true
493568,10.2827,277.85,0.9944,61.04,true
493696,10.2853,277.61,0.9940,61.03,true
493824,10.2880,278.88,0.9939,61.11,true
493952,10.2907,278.93,0.9929,61.11,true
494080,10.2933,279.06,0.9924,61.12,true
494208,10.2960,278.98,0.9896,61.11,true
494336,10.2987,279.03,0.9895,61.11,true
494464,10.3013,279.20,0.9878,61.13,true
494592,10.3040,279.10,0.9874,61.12,true
494720,10.3067,280.35,0.9881,61.20,true
494848,10.3093,280.40,0.9879,61.20,true
494976,10.3120,280.73,0.9899,61.22,true
495104,10.3147,280.60,0.9896,61.21,true
495232,10.3173,280.72,0.9928,61.22,true
495360,10.3200,280.92,0.9917,61.23,true
495488,10.3227,281.00,0.9933,61.24,true
495616,10.3253,281.09,0.9930,61.24,true
495744,10.3280,282.01,0.9914,61.30,true
495872,10.3307,282.16,0.9897,61.31,true
496000,10.3333,282.10,0.9851,61.30,true
496128,10.3360,282.41,0.9832,61.32,true
496256,10.3387,283.64,0.9811,61.40,true
496384,10.3413,282.30,0.9777,61.32,true
496512,10.3440,283.76,0.9731,61.41,true
496640,10.3467,283.70,0.9704,61.40,true
496768,10.3493,284.22,0.9687,61.43,true
496896,10.3520,283.89,0.9669,61.41,true
497024,10.3547,284.38,0.9725,61.44,true
497152,10.3573,285.45,0.9705,61.51,true
497280,10.3600,285.73,0.9698,61.53,true
497408,10.3627,287.30,0.9731,61.62,true
497536,10.3653,285.66,0.9693,61.52,true
497664,10.3680,286.10,0.9642,61.55,true
497792,10.3707,285.48,0.9510,61.51,true
497920,10.3733,284.25,0.9487,61.44,true
498048,10.3760,287.58,0.9168,61.64,true
498176,10.3787,284.42,0.9035,61.45,true
498304,10.3813,94.47,0.9130,42.36,true
498432,10.3840,94.45,0.9193,42.36,true
498560,10.3867,94.48,0.9218,42.37,true
498688,10.3893,94.31,0.9272,42.34,true
498816,10.3920,94.30,0.9386,42.33,true
498944,10.3947,284.16,0.9039,61.43,true
499072,10.3973,282.25,0.9215,61.31,true
499200,10.4000,283.77,0.9336,61.41,true
499328,10.4027,282.32,0.9439,61.32,true
499456,10.4053,283.95,0.9581,61.42,true
499584,10.4080,282.33,0.9628,61.32,true
499712,10.4107,283.72,0.9678,61.40,true
499840,10.4133,283.87,0.9641,61.41,true
499968,10.4160,283.80,0.9633,61.41,true
500096,10.4187,284.17,0.9592,61.43,true
500224,10.4213,283.76,0.9550,61.41,true
500352,10.4240,284.28,0.9515,61.44,true
500480,10.4267,283.79,0.9506,61.41,true
500608,10.4293,284.22,0.9475,61.43,true
500736,10.4320,283.95,0.9447,61.42,true
500864,10.4347,283.75,0.9514,61.41,true
500992,10.4373,283.94,0.9518,61.42,true
501120,10.4400,282.52,0.9595,61.33,true
501248,10.4427,284.04,0.9617,61.42,true
501376,10.4453,282.74,0.9668,61.34,true
501504,10.4480,283.63,0.9740,61.40,true
501632,10.4507,282.66,0.9738,61.34,true
501760,10.4533,282.26,0.9795,61.31,true
501888,10.4560,282.51,0.9776,61.33,true
502016,10.4587,282.07,0.9772,61.30,true
502144,10.4613,282.71,0.9727,61.34,true
502272,10.4640,281.10,0.9648,61.24,true
502400,10.4667,282.31,0.9644,61.32,true
502528,10.4693,282.16,0.9600,61.31,true
502656,10.4720,281.00,0.9619,61.24,true
502784,10.4747,282.01,0.9573,61.30,true
502912,10.4773,280.73,0.9588,61.22,true
503040,10.4800,281.94,0.9603,61.29,true
503168,10.4827,280.30,0.9626,61.19,true
503296,10.4853,280.57,0.9701,61.21,true
503424,10.4880,279.37,0.9734,61.14,true
503552,10.4907,280.45,0.9751,61.20,true
503680,10.4933,280.34,0.9780,61.20,true
503808,10.4960,279.30,0.9837,61.13,true
503936,10.4987,280.57,0.9823,61.21,true
504064,10.5013,279.44,0.9828,61.14,true
504192,10.5040,280.54,0.9878,61.21,true
504320,10.5067,280.38,0.9856,61.20,true
504448,10.5093,280.55,0.9843,61.21,true
504576,10.5120,279.13,0.9763,61.12,true
504704,10.5147,279.20,0.9747,61.13,true
504832,10.5173,279.28,0.9733,61.13,true
504960,10.5200,278.98,0.9699,61.11,true
505088,10.5227,278.80,0.9718,61.10,true
505216,10.5253,277.74,0.9702,61.03,true
505344,10.5280,277.63,0.9718,61.03,true
505472,10.5307,277.49,0.9735,61.02,true
505600,10.5333,277.78,0.9819,61.04,true
505728,10.5360,277.62,0.9831,61.03,true
505856,10.5387,277.36,0.9846,61.01,true
505984,10.5413,277.27,0.9918,61.01,true
506112,10.5440,276.08,0.9884,60.93,true
506240,10.5467,276.23,0.9902,60.94,true
506368,10.5493,275.94,0.9875,60.92,true
506496,10.5520,275.88,0.9867,60.92,true
506624,10.5547,274.67,0.9844,60.84,true
506752,10.5573,275.49,0.9817,60.89,true
506880,10.5600,274.50,0.9800,60.83,true
507008,10.5627,274.28,0.9776,60.82,true
507136,10.5653,274.20,0.9790,60.81,true
507264,10.5680,274.15,0.9770,60.81,true
507392,10.5707,274.27,0.9791,60.82,true
507520,10.5733,273.96,0.9787,60.80,true
507648,10.5760,272.64,0.9771,60.71,true
507776,10.5787,271.31,0.9811,60.63,true
507904,10.5813,272.34,0.9800,60.70,true
508032,10.5840,271.22,0.9818,60.62,true
508160,10.5867,271.35,0.9797,60.63,true
508288,10.5893,269.86,0.9833,60.54,true
508416,10.5920,269.55,0.9835,60.52,true
508544,10.5947,268.17,0.9832,60.43,true
508672,10.5973,269.29,0.9836,60.50,true
508800,10.6000,268.29,0.9807,60.44,true
508928,10.6027,266.97,0.9841,60.35,true
509056,10.6053,266.77,0.9834,60.34,true
509184,10.6080,266.35,0.9833,60.31,true
509312,10.6107,265.24,0.9757,60.24,true
509440,10.6133,264.88,0.9700,60.21,true
509568,10.6160,263.88,0.9730,60.15,true
509696,10.6187,263.39,0.9686,60.12,true
509824,10.6213,262.32,0.9520,60.05,true
509952,10.6240,260.90,0.9280,59.95,true
510080,10.6267,260.68,0.9166,59.94,true
510208,10.6293,,,,false
510336,10.6320,,,,false
510464,10.6347,,,,false
510592,10.6373,258.39,0.9026,59.78,true
510720,10.6400,258.12,0.9179,59.77,true
510848,10.6427,258.25,0.9354,59.78,true
510976,10.6453,259.66,0.9424,59.87,true
511104,10.6480,259.67,0.9496,59.87,true
511232,10.6507,260.77,0.9602,59.94,true
511360,10.6533,259.24,0.9628,59.84,true
511488,10.6560,259.69,0.9728,59.87,true
511616,10.6587,258.02,0.9720,59.76,true
511744,10.6613,257.73,0.9712,59.74,true
511872,10.6640,256.60,0.9694,59.66,true
512000,10.6667,254.09,0.9757,59.49,true
512128,10.6693,253.72,0.9773,59.47,true
512256,10.6720,252.35,0.9827,59.38,true
512384,10.6747,251.58,0.9807,59.32,true
512512,10.6773,251.60,0.9807,59.32,true
512640,10.6800,250.30,0.9766,59.23,true
512768,10.6827,251.11,0.9738,59.29,true
512896,10.6853,251.35,0.9774,59.31,true
513024,10.6880,252.63,0.9792,59.39,true
513152,10.6907,252.57,0.9777,59.39,true
513280,10.6933,252.31,0.9807,59.37,true
513408,10.6960,252.58,0.9798,59.39,true
513536,10.6987,251.35,0.9818,59.31,true
513664,10.7013,252.56,0.9837,59.39,true
513792,10.7040,251.56,0.9828,59.32,true
513920,10.7067,251.62,0.9796,59.33,true
514048,10.7093,249.93,0.9719,59.21,true
514176,10.7120,248.85,0.9703,59.13,true
514304,10.7147,248.64,0.9643,59.12,true
514432,10.7173,246.32,0.9666,58.96,true
514560,10.7200,246.31,0.9643,58.96,true
514688,10.7227,244.64,0.9674,58.84,true
514816,10.7253,243.70,0.9702,58.77,true
514944,10.7280,242.49,0.9792,58.68,true
515072,10.7307,242.62,0.9842,58.69,true
515200,10.7333,243.95,0.9841,58.79,true
515328,10.7360,243.70,0.9858,58.77,true
515456,10.7387,243.76,0.9876,58.78,true
515584,10.7413,243.65,0.9887,58.77,true
515712,10.7440,243.40,0.9859,58.75,true
515840,10.7467,242.16,0.9810,58.66,true
515968,10.7493,241.30,0.9804,58.60,true
516096,10.7520,239.93,0.9620,58.50,true
516224,10.7547,236.73,0.9600,58.27,true
516352,10.7573,236.20,0.9432,58.23,true
516480,10.7600,232.97,0.9326,57.99,true
516608,10.7627,228.77,0.9322,57.68,true
516736,10.7653,,,,false
516864,10.7680,,,,false
516992,10.7707,,,,false
517120,10.7733,,,,false
517248,10.7760,,,,false
517376,10.7787,,,,false
517504,10.7813,,,,false
517632,10.7840,,,,false
517760,10.7867,,,,false
517888,10.7893,,,,false
518016,10.7920,,,,false
518144,10.7947,,,,false
518272,10.7973,,,,false
518400,10.8000,,,,false
518528,10.8027,,,,false
518656,10.8053,,,,false
518784,10.8080,,,,false
518912,10.8107,,,,false
519040,10.8133,,,,false
519168,10.8160,184.48,0.9123,53.95,true
519296,10.8187,184.08,0.9213,53.91,true
519424,10.8213,182.66,0.9282,53.78,true
519552,10.8240,183.06,0.9379,53.82,true
519680,10.8267,183.31,0.9609,53.84,true
519808,10.8293,183.05,0.9670,53.82,true
519936,10.8320,181.23,0.9838,53.64,true
520064,10.8347,181.74,0.9845,53.69,true
520192,10.8373,181.30,0.9785,53.65,true
520320,10.8400,181.84,0.9715,53.70,true
520448,10.8427,183.31,0.9699,53.84,true
520576,10.8453,183.97,0.9629,53.90,true
520704,10.8480,185.50,0.9636,54.05,true
520832,10.8507,185.93,0.9543,54.09,true
520960,10.8533,186.71,0.9615,54.16,true
521088,10.8560,187.34,0.9554,54.22,true
521216,10.8587,187.67,0.9617,54.25,true
521344,10.8613,188.35,0.9641,54.31,true
521472,10.8640,189.56,0.9620,54.42,true
521600,10.8667,190.41,0.9487,54.50,true
521728,10.8693,191.91,0.9037,54.64,true
521856,10.8720,,,,false
521984,10.8747,,,,false
522112,10.8773,,,,false
522240,10.8800,,,,false
522368,10.8827,,,,false
522496,10.8853,,,,false
522624,10.8880,,,,false
522752,10.8907,,,,false
522880,10.8933,,,,false
523008,10.8960,,,,false
523136,10.8987,,,,false
523264,10.9013,,,,false
523392,10.9040,,,,false
523520,10.9067,199.88,0.9175,55.34,true
523648,10.9093,199.83,0.9380,55.33,true
523776,10.9120,200.03,0.9410,55.35,true
523904,10.9147,200.13,0.9277,55.36,true
524032,10.9173,200.79,0.9288,55.42,true
524160,10.9200,201.01,0.9313,55.44,true
524288,10.9227,200.97,0.9282,55.43,true
524416,10.9253,201.67,0.9251,55.49,true
524544,10.9280,202.34,0.9234,55.55,true
524672,10.9307,202.43,0.9064,55.56,true
524800,10.9333,202.65,0.9044,55.58,true
524928,10.9360,202.62,0.9285,55.58,true
525056,10.9387,202.71,0.9252,55.58,true
525184,10.9413,202.66,0.9302,55.58,true
525312,10.9440,203.21,0.9434,55.63,true
525440,10.9467,202.70,0.9466,55.58,true
525568,10.9493,202.51,0.9505,55.57,true
525696,10.9520,202.47,0.9663,55.56,true
525824,10.9547,202.33,0.9742,55.55,true
525952,10.9573,201.68,0.9721,55.50,true
526080,10.9600,201.56,0.9741,55.48,true
526208,10.9627,201.02,0.9759,55.44,true
526336,10.9653,201.00,0.9782,55.44,true
526464,10.9680,200.95,0.9740,55.43,true
526592,10.9707,200.83,0.9750,55.42,true
526720,10.9733,200.72,0.9700,55.41,true
526848,10.9760,200.04,0.9676,55.35,true
526976,10.9787,199.99,0.9643,55.35,true
527104,10.9813,199.89,0.9636,55.34,true
527232,10.9840,199.94,0.9643,55.34,true
527360,10.9867,199.81,0.9618,55.33,true
527488,10.9893,199.87,0.9678,55.34,true
527616,10.9920,199.99,0.9641,55.35,true
527744,10.9947,200.02,0.9719,55.35,true
527872,10.9973,200.64,0.9750,55.40,true
528000,11.0000,200.83,0.9819,55.42,true
528128,11.0027,200.87,0.9803,55.43,true
528256,11.0053,201.05,0.9796,55.44,true
528384,11.0080,201.66,0.9850,55.49,true
528512,11.0107,201.82,0.9748,55.51,true
528640,11.0133,202.40,0.9710,55.56,true
528768,11.0160,202.68,0.9721,55.58,true
528896,11.0187,203.38,0.9624,55.64,true
529024,11.0213,204.14,0.9568,55.70,true
529152,11.0240,204.42,0.9539,55.73,true
529280,11.0267,205.14,0.9510,55.79,true
529408,11.0293,205.28,0.9381,55.80,true
529536,11.0320,206.08,0.9386,55.87,true
529664,11.0347,206.77,0.9421,55.93,true
529792,11.0373,206.96,0.9449,55.94,true
529920,11.0400,206.95,0.9503,55.94,true
530048,11.0427,207.02,0.9589,55.95,true
530176,11.0453,207.12,0.9637,55.96,true
530304,11.0480,207.64,0.9671,56.00,true
530432,11.0507,207.78,0.9782,56.01,true
530560,11.0533,207.83,0.9834,56.01,true
530688,11.0560,207.87,0.9813,56.02,true
530816,11.0587,208.51,0.9787,56.07,true
530944,11.0613,208.67,0.9812,56.08,true
531072,11.0640,208.92,0.9790,56.11,true
531200,11.0667,208.92,0.9732,56.11,true
531328,11.0693,208.92,0.9719,56.11,true
531456,11.0720,209.39,0.9729,56.14,true
531584,11.0747,208.87,0.9699,56.10,true
531712,11.0773,208.63,0.9719,56.08,true
531840,11.0800,207.99,0.9762,56.03,true
531968,11.0827,207.99,0.9780,56.03,true
532096,11.0853,207.72,0.9811,56.01,true
532224,11.0880,207.75,0.9877,56.01,true
532352,11.0907,207.81,0.9874,56.01,true
532480,11.0933,207.83,0.9869,56.01,true
532608,11.0960,207.82,0.9913,56.01,true
532736,11.0987,207.96,0.9906,56.03,true
532864,11.1013,208.53,0.9915,56.07,true
532992,11.1040,208.47,0.9909,56.07,true
533120,11.1067,207.99,0.9913,56.03,true
533248,11.1093,208.50,0.9896,56.07,true
533376,11.1120,207.99,0.9877,56.03,true
533504,11.1147,208.47,0.9867,56.07,true
533632,11.1173,208.61,0.9861,56.08,true
533760,11.1200,208.65,0.9835,56.08,true
533888,11.1227,208.60,0.9818,56.08,true
534016,11.1253,208.77,0.9754,56.09,true
534144,11.1280,208.90,0.9753,56.10,true
534272,11.1307,209.48,0.9749,56.15,true
534400,11.1333,209.68,0.9732,56.17,true
534528,11.1360,209.77,0.9713,56.18,true
534656,11.1387,210.34,0.9678,56.22,true
534784,11.1413,210.54,0.9711,56.24,true
534912,11.1440,210.68,0.9708,56.25,true
535040,11.1467,210.68,0.9771,56.25,true
535168,11.1493,210.70,0.9786,56.25,true
535296,11.1520,210.73,0.9819,56.25,true
535424,11.1547,210.66,0.9855,56.25,true
535552,11.1573,210.71,0.9870,56.25,true
535680,11.1600,210.71,0.9911,56.25,true
535808,11.1627,210.74,0.9904,56.26,true
535936,11.1653,210.73,0.9931,56.25,true
536064,11.1680,211.34,0.9932,56.30,true
536192,11.1707,211.47,0.9929,56.32,true
536320,11.1733,211.50,0.9916,56.32,true
536448,11.1760,211.65,0.9914,56.33,true
536576,11.1787,211.62,0.9894,56.33,true
536704,11.1813,211.60,0.9879,56.33,true
536832,11.1840,211.58,0.9879,56.32,true
536960,11.1867,211.52,0.9873,56.32,true
537088,11.1893,211.38,0.9870,56.31,true
537216,11.1920,211.32,0.9873,56.30,true
537344,11.1947,211.32,0.9869,56.30,true
537472,11.1973,210.62,0.9862,56.25,true
537600,11.2000,210.61,0.9876,56.24,true
537728,11.2027,210.54,0.9863,56.24,true
537856,11.2053,210.44,0.9873,56.23,true
537984,11.2080,210.45,0.9856,56.23,true
538112,11.2107,210.45,0.9849,56.23,true
538240,11.2133,209.75,0.9823,56.17,true
538368,11.2160,209.52,0.9826,56.15,true
538496,11.2187,209.53,0.9794,56.16,true
538624,11.2213,208.70,0.9791,56.09,true
538752,11.2240,208.58,0.9780,56.08,true
538880,11.2267,207.84,0.9753,56.02,true
539008,11.2293,207.71,0.9785,56.01,true
539136,11.2320,206.99,0.9792,55.94,true
539264,11.2347,206.94,0.9800,55.94,true
539392,11.2373,206.85,0.9796,55.93,true
539520,11.2400,206.71,0.9845,55.92,true
539648,11.2427,206.72,0.9823,55.92,true
539776,11.2453,206.76,0.9859,55.93,true
539904,11.2480,206.77,0.9834,55.93,true
540032,11.2507,206.88,0.9772,55.94,true
540160,11.2533,207.08,0.9725,55.95,true
540288,11.2560,207.65,0.9626,56.00,true
540416,11.2587,207.83,0.9630,56.02,true
540544,11.2613,208.59,0.9512,56.08,true
540672,11.2640,208.70,0.9515,56.09,true
540800,11.2667,209.41,0.9456,56.15,true
540928,11.2693,210.49,0.9464,56.23,true
541056,11.2720,210.44,0.9460,56.23,true
541184,11.2747,210.62,0.9472,56.25,true
541312,11.2773,211.54,0.9616,56.32,true
541440,11.2800,212.40,0.9614,56.39,true
541568,11.2827,213.14,0.9698,56.45,true
541696,11.2853,213.39,0.9744,56.47,true
541824,11.2880,214.05,0.9779,56.53,true
541952,11.2907,213.45,0.9750,56.48,true
542080,11.2933,215.04,0.9700,56.61,true
542208,11.2960,214.44,0.9668,56.56,true
542336,11.2987,214.46,0.9565,56.56,true
542464,11.3013,215.31,0.9489,56.63,true
542592,11.3040,215.30,0.9440,56.63,true
542720,11.3067,216.10,0.9394,56.69,true
542848,11.3093,216.95,0.9386,56.76,true
542976,11.3120,216.41,0.9324,56.72,true
543104,11.3147,216.19,0.9399,56.70,true
543232,11.3173,217.31,0.9392,56.79,true
543360,11.3200,217.96,0.9496,56.84,true
543488,11.3227,217.32,0.9572,56.79,true
543616,11.3253,217.95,0.9589,56.84,true
543744,11.3280,218.01,0.9670,56.84,true
543872,11.3307,217.28,0.9695,56.78,true
544000,11.3333,217.97,0.9815,56.84,true
544128,11.3360,218.16,0.9829,56.85,true
544256,11.3387,217.20,0.9864,56.78,true
544384,11.3413,217.98,0.9816,56.84,true
544512,11.3440,217.94,0.9805,56.84,true
544640,11.3467,216.96,0.9760,56.76,true
544768,11.3493,217.41,0.9710,56.79,true
544896,11.3520,218.10,0.9686,56.85,true
545024,11.3547,218.06,0.9636,56.85,true
545152,11.3573,217.28,0.9613,56.78,true
545280,11.3600,216.98,0.9534,56.76,true
545408,11.3627,215.25,0.9560,56.62,true
545536,11.3653,214.11,0.9562,56.53,true
545664,11.3680,214.23,0.9576,56.54,true
545792,11.3707,212.23,0.9644,56.38,true
545920,11.3733,210.35,0.9635,56.22,true
546048,11.3760,209.82,0.9533,56.18,true
546176,11.3787,208.61,0.9500,56.08,true
546304,11.3813,209.59,0.9400,56.16,true
546432,11.3840,211.42,0.9119,56.31,true
546560,11.3867,,,,false
546688,11.3893,,,,false
546816,11.3920,,,,false
546944,11.3947,,,,false
547072,11.3973,,,,false
547200,11.4000,,,,false
547328,11.4027,,,,false
547456,11.4053,,,,false
547584,11.4080,,,,false
547712,11.4107,,,,false
547840,11.4133,,,,false
547968,11.4160,,,,false
548096,11.4187,,,,false
548224,11.4213,,,,false
548352,11.4240,215.20,0.9067,56.62,true
548480,11.4267,216.23,0.9509,56.70,true
548608,11.4293,214.24,0.9347,56.54,true
548736,11.4320,214.09,0.9274,56.53,true
548864,11.4347,214.26,0.9140,56.54,true
548992,11.4373,,,,false
549120,11.4400,,,,false
549248,11.4427,,,,false
549376,11.4453,,,,false
549504,11.4480,,,,false
549632,11.4507,,,,false
549760,11.4533,,,,false
549888,11.4560,,,,false
550016,11.4587,,,,false
550144,11.4613,,,,false
550272,11.4640,,,,false
550400,11.4667,,,,false
550528,11.4693,,,,false
550656,11.4720,,,,false
550784,11.4747,,,,false
550912,11.4773,,,,false
551040,11.4800,,,,false
551168,11.4827,,,,false
551296,11.4853,,,,false
551424,11.4880,,,,false
551552,11.4907,,,,false
551680,11.4933,,,,false
551808,11.4960,,,,false
551936,11.4987,,,,false
552064,11.5013,,,,false
552192,11.5040,,,,false
552320,11.5067,,,,false
552448,11.5093,,,,false
552576,11.5120,,,,false
552704,11.5147,,,,false
552832,11.5173,,,,false
552960,11.5200,,,,false
553088,11.5227,,,,false
553216,11.5253,,,,false
553344,11.5280,,,,false
553472,11.5307,,,,false
553600,11.5333,,,,false
553728,11.5360,,,,false
553856,11.5387,,,,false
553984,11.5413,,,,false
554112,11.5440,,,,false
554240,11.5467,,,,false
554368,11.5493,,,,false
554496,11.5520,,,,false
554624,11.5547,,,,false
554752,11.5573,,,,false
554880,11.5600,,,,false
555008,11.5627,,,,false
555136,11.5653,,,,false
555264,11.5680,,,,false
555392,11.5707,,,,false
555520,11.5733,,,,false
555648,11.5760,,,,false
555776,11.5787,,,,false
555904,11.5813,,,,false
556032,11.5840,,,,false
556160,11.5867,,,,false
556288,11.5893,,,,false
556416,11.5920,,,,false
556544,11.5947,,,,false
556672,11.5973,,,,false
556800,11.6000,,,,false
556928,11.6027,,,,false
557056,11.6053,,,,false
557184,11.6080,,,,false
557312,11.6107,,,,false
557440,11.6133,,,,false
557568,11.6160,,,,false
557696,11.6187,,,,false
557824,11.6213,,,,false
557952,11.6240,,,,false
558080,11.6267,,,,false
558208,11.6293,,,,false
558336,11.6320,,,,false
558464,11.6347,,,,false
558592,11.6373,,,,false
558720,11.6400,,,,false
558848,11.6427,,,,false
558976,11.6453,,,,false
559104,11.6480,,,,false
559232,11.6507,,,,false
559360,11.6533,,,,false
559488,11.6560,,,,false
559616,11.6587,,,,false
559744,11.6613,,,,false
559872,11.6640,,,,false
560000,11.6667,,,,false
560128,11.6693,,,,false
560256,11.6720,,,,false
560384,11.6747,,,,false
560512,11.6773,,,,false
560640,11.6800,,,,false
560768,11.6827,,,,false
560896,11.6853,,,,false
561024,11.6880,,,,false
561152,11.6907,,,,false
561280,11.6933,,,,false
561408,11.6960,,,,false
561536,11.6987,,,,false
561664,11.7013,,,,false
561792,11.7040,,,,false
561920,11.7067,,,,false
562048,11.7093,,,,false
562176,11.7120,,,,false
562304,11.7147,,,,false
562432,11.7173,,,,false
562560,11.7200,,,,false
562688,11.7227,,,,false
562816,11.7253,,,,false
562944,11.7280,,,,false
563072,11.7307,,,,false
563200,11.7333,,,,false
563328,11.7360,,,,false
563456,11.7387,,,,false
563584,11.7413,,,,false
563712,11.7440,,,,false
563840,11.7467,,,,false
563968,11.7493,,,,false
564096,11.7520,,,,false
564224,11.7547,,,,false
564352,11.7573,,,,false
564480,11.7600,,,,false
564608,11.7627,,,,false
564736,11.7653,,,,false
564864,11.7680,,,,false
564992,11.7707,,,,false
565120,11.7733,,,,false
565248,11.7760,,,,false
565376,11.7787,,,,false
565504,11.7813,,,,false
565632,11.7840,,,,false
565760,11.7867,,,,false
565888,11.7893,,,,false
566016,11.7920,,,,false
566144,11.7947,,,,false
566272,11.7973,,,,false
566400,11.8000,,,,false
566528,11.8027,,,,false
566656,11.8053,,,,false
566784,11.8080,165.39,0.9019,52.06,true
566912,11.8107,164.31,0.9137,51.95,true
567040,11.8133,163.30,0.9179,51.84,true
567168,11.8160,162.20,0.9148,51.72,true
567296,11.8187,,,,false
567424,11.8213,,,,false
567552,11.8240,,,,false
567680,11.8267,,,,false
567808,11.8293,,,,false
567936,11.8320,,,,false
568064,11.8347,,,,false
568192,11.8373,,,,false
568320,11.8400,,,,false
568448,11.8427,,,,false
568576,11.8453,,,,false
568704,11.8480,,,,false
568832,11.8507,,,,false
568960,11.8533,,,,false
569088,11.8560,,,,false
569216,11.8587,,,,false
569344,11.8613,,,,false
569472,11.8640,,,,false
569600,11.8667,,,,false
569728,11.8693,,,,false
569856,11.8720,,,,false
569984,11.8747,,,,false
570112,11.8773,,,,false
570240,11.8800,,,,false
570368,11.8827,,,,false
570496,11.8853,,,,false
570624,11.8880,,,,false
570752,11.8907,,,,false
570880,11.8933,,,,false
571008,11.8960,,,,false
571136,11.8987,,,,false
571264,11.9013,,,,false
571392,11.9040,,,,false
571520,11.9067,,,,false
571648,11.9093,,,,false
571776,11.9120,,,,false
571904,11.9147,,,,false
572032,11.9173,,,,false
572160,11.9200,,,,false
572288,11.9227,,,,false
572416,11.9253,,,,false
572544,11.9280,,,,false
572672,11.9307,,,,false
572800,11.9333,,,,false
572928,11.9360,,,,false
573056,11.9387,,,,false
573184,11.9413,,,,false
573312,11.9440,,,,false
573440,11.9467,,,,false
573568,11.9493,,,,false
573696,11.9520,,,,false
573824,11.9547,,,,false
573952,11.9573,,,,false
574080,11.9600,,,,false
574208,11.9627,,,,false
574336,11.9653,,,,false
574464,11.9680,,,,false
574592,11.9707,,,,false
574720,11.9733,,,,false
574848,11.9760,,,,false
574976,11.9787,,,,false
575104,11.9813,,,,false
575232,11.9840,,,,false
575360,11.9867,170.96,0.9223,52.63,true
575488,11.9893,172.08,0.9542,52.75,true
575616,11.9920,172.80,0.9668,52.82,true
575744,11.9947,173.81,0.9735,52.92,true
575872,11.9973,174.44,0.9694,52.98,true
576000,12.0000,175.10,0.9763,53.05,true
576128,12.0027,175.75,0.9772,53.11,true
576256,12.0053,176.33,0.9764,53.17,true
576384,12.0080,176.62,0.9766,53.20,true
576512,12.0107,177.15,0.9732,53.25,true
576640,12.0133,178.30,0.9723,53.36,true
576768,12.0160,178.45,0.9751,53.38,true
576896,12.0187,179.21,0.9766,53.45,true
577024,12.0213,179.26,0.9767,53.45,true
577152,12.0240,180.32,0.9811,53.56,true
577280,12.0267,180.45,0.9823,53.57,true
577408,12.0293,181.06,0.9849,53.63,true
577536,12.0320,181.20,0.9843,53.64,true
577664,12.0347,181.75,0.9835,53.69,true
577792,12.0373,181.94,0.9817,53.71,true
577920,12.0400,182.44,0.9821,53.76,true
578048,12.0427,182.60,0.9835,53.77,true
578176,12.0453,183.15,0.9831,53.83,true
578304,12.0480,183.27,0.9805,53.84,true
578432,12.0507,183.37,0.9811,53.85,true
578560,12.0533,183.37,0.9808,53.85,true
578688,12.0560,183.34,0.9820,53.84,true
578816,12.0587,183.33,0.9841,53.84,true
578944,12.0613,183.31,0.9820,53.84,true
579072,12.0640,183.35,0.9826,53.84,true
579200,12.0667,183.77,0.9813,53.88,true
579328,12.0693,183.74,0.9839,53.88,true
579456,12.0720,183.94,0.9832,53.90,true
579584,12.0747,184.04,0.9837,53.91,true
579712,12.0773,184.54,0.9821,53.96,true
579840,12.0800,184.67,0.9814,53.97,true
579968,12.0827,185.28,0.9807,54.03,true
580096,12.0853,185.92,0.9790,54.09,true
580224,12.0880,186.05,0.9788,54.10,true
580352,12.0907,186.61,0.9781,54.15,true
580480,12.0933,186.62,0.9790,54.15,true
580608,12.0960,186.76,0.9776,54.16,true
580736,12.0987,186.82,0.9747,54.17,true
580864,12.1013,186.89,0.9730,54.18,true
580992,12.1040,186.81,0.9742,54.17,true
581120,12.1067,186.75,0.9752,54.16,true
581248,12.1093,186.76,0.9708,54.16,true
581376,12.1120,187.35,0.9675,54.22,true
581504,12.1147,187.49,0.9605,54.23,true
581632,12.1173,187.59,0.9574,54.24,true
581760,12.1200,188.10,0.9463,54.29,true
581888,12.1227,188.33,0.9378,54.31,true
582016,12.1253,188.86,0.9328,54.36,true
582144,12.1280,189.63,0.9282,54.43,true
582272,12.1307,190.29,0.9222,54.49,true
582400,12.1333,190.56,0.9113,54.51,true
582528,12.1360,191.07,0.9163,54.56,true
582656,12.1387,191.35,0.9212,54.58,true
582784,12.1413,191.17,0.9158,54.57,true
582912,12.1440,191.17,0.9241,54.57,true
583040,12.1467,191.10,0.9332,54.56,true
583168,12.1493,191.10,0.9326,54.56,true
583296,12.1520,190.66,0.9446,54.52,true
583424,12.1547,190.66,0.9560,54.52,true
583552,12.1573,190.53,0.9616,54.51,true
583680,12.1600,190.38,0.9618,54.50,true
583808,12.1627,189.88,0.9738,54.45,true
583936,12.1653,189.82,0.9769,54.45,true
584064,12.1680,189.79,0.9779,54.44,true
584192,12.1707,189.79,0.9842,54.44,true
584320,12.1733,189.83,0.9860,54.45,true
584448,12.1760,189.75,0.9879,54.44,true
584576,12.1787,189.79,0.9868,54.44,true
584704,12.1813,189.81,0.9903,54.44,true
584832,12.1840,189.81,0.9860,54.44,true
584960,12.1867,190.29,0.9865,54.49,true
585088,12.1893,190.30,0.9877,54.49,true
585216,12.1920,189.76,0.9835,54.44,true
585344,12.1947,189.16,0.9826,54.38,true
585472,12.1973,188.98,0.9798,54.37,true
585600,12.2000,188.34,0.9806,54.31,true
585728,12.2027,188.19,0.9797,54.30,true
585856,12.2053,187.64,0.9808,54.25,true
585984,12.2080,187.32,0.9801,54.22,true
586112,12.2107,186.63,0.9814,54.15,true
586240,12.2133,186.62,0.9819,54.15,true
586368,12.2160,185.88,0.9739,54.08,true
586496,12.2187,185.18,0.9664,54.02,true
586624,12.2213,184.47,0.9595,53.95,true
586752,12.2240,183.78,0.9528,53.89,true
586880,12.2267,182.60,0.9433,53.77,true
587008,12.2293,181.74,0.9241,53.69,true
587136,12.2320,180.56,0.9280,53.58,true
587264,12.2347,179.86,0.9311,53.51,true
587392,12.2373,179.05,0.9256,53.43,true
587520,12.2400,178.42,0.9144,53.37,true
587648,12.2427,177.61,0.9148,53.29,true
587776,12.2453,177.05,0.9049,53.24,true
587904,12.2480,175.98,0.9111,53.13,true
588032,12.2507,175.88,0.9100,53.13,true
588160,12.2533,175.27,0.9078,53.07,true
588288,12.2560,174.54,0.9316,52.99,true
588416,12.2587,174.59,0.9437,53.00,true
588544,12.2613,174.47,0.9421,52.99,true
588672,12.2640,174.01,0.9524,52.94,true
588800,12.2667,173.95,0.9621,52.93,true
588928,12.2693,174.07,0.9557,52.95,true
589056,12.2720,173.87,0.9601,52.93,true
589184,12.2747,173.42,0.9670,52.88,true
589312,12.2773,173.94,0.9627,52.93,true
589440,12.2800,173.76,0.9631,52.92,true
589568,12.2827,173.86,0.9636,52.93,true
589696,12.2853,173.78,0.9638,52.92,true
589824,12.2880,173.89,0.9605,52.93,true
589952,12.2907,173.89,0.9658,52.93,true
590080,12.2933,174.49,0.9681,52.99,true
590208,12.2960,175.07,0.9680,53.05,true
590336,12.2987,174.52,0.9725,52.99,true
590464,12.3013,174.66,0.9736,53.00,true
590592,12.3040,174.65,0.9778,53.00,true
590720,12.3067,175.93,0.9762,53.13,true
590848,12.3093,175.93,0.9803,53.13,true
590976,12.3120,176.43,0.9791,53.18,true
591104,12.3147,177.63,0.9654,53.30,true
591232,12.3173,178.35,0.9650,53.37,true
591360,12.3200,178.96,0.9610,53.43,true
591488,12.3227,180.37,0.9636,53.56,true
591616,12.3253,181.30,0.9632,53.65,true
591744,12.3280,181.70,0.9613,53.69,true
591872,12.3307,182.42,0.9649,53.76,true
592000,12.3333,183.27,0.9683,53.84,true
592128,12.3360,183.20,0.9702,53.83,true
592256,12.3387,183.84,0.9689,53.89,true
592384,12.3413,184.49,0.9773,53.95,true
592512,12.3440,184.72,0.9782,53.97,true
592640,12.3467,185.22,0.9768,54.02,true
592768,12.3493,186.01,0.9764,54.09,true
592896,12.3520,186.66,0.9798,54.15,true
593024,12.3547,187.58,0.9710,54.24,true
593152,12.3573,187.63,0.9633,54.25,true
593280,12.3600,188.37,0.9565,54.31,true
593408,12.3627,189.05,0.9538,54.38,true
593536,12.3653,190.56,0.9279,54.51,true
593664,12.3680,,,,false
593792,12.3707,,,,false
593920,12.3733,,,,false
594048,12.3760,,,,false
594176,12.3787,,,,false
594304,12.3813,198.34,0.9009,55.21,true
594432,12.3840,198.27,0.9088,55.20,true
594560,12.3867,197.62,0.9302,55.14,true
594688,12.3893,196.68,0.9419,55.06,true
594816,12.3920,195.81,0.9607,54.98,true
594944,12.3947,194.96,0.9746,54.91,true
595072,12.3973,194.40,0.9754,54.86,true
595200,12.4000,193.70,0.9756,54.80,true
595328,12.4027,194.14,0.9731,54.83,true
595456,12.4053,193.69,0.9712,54.80,true
595584,12.4080,193.69,0.9663,54.80,true
595712,12.4107,194.23,0.9645,54.84,true
595840,12.4133,193.72,0.9623,54.80,true
595968,12.4160,194.37,0.9607,54.86,true
596096,12.4187,194.30,0.9526,54.85,true
596224,12.4213,194.48,0.9552,54.87,true
596352,12.4240,194.18,0.9546,54.84,true
596480,12.4267,194.19,0.9567,54.84,true
596608,12.4293,193.55,0.9637,54.78,true
596736,12.4320,193.61,0.9656,54.79,true
596864,12.4347,193.54,0.9727,54.78,true
596992,12.4373,192.89,0.9701,54.72,true
597120,12.4400,192.77,0.9798,54.71,true
597248,12.4427,192.09,0.9821,54.65,true
597376,12.4453,191.82,0.9861,54.63,true
597504,12.4480,191.35,0.9871,54.58,true
597632,12.4507,191.26,0.9882,54.58,true
597760,12.4533,190.63,0.9908,54.52,true
597888,12.4560,190.61,0.9914,54.52,true
598016,12.4587,190.47,0.9937,54.51,true
598144,12.4613,190.42,0.9942,54.50,true
598272,12.4640,189.91,0.9926,54.45,true
598400,12.4667,189.74,0.9915,54.44,true
598528,12.4693,189.11,0.9902,54.38,true
598656,12.4720,188.85,0.9891,54.36,true
598784,12.4747,188.18,0.9855,54.29,true
598912,12.4773,187.36,0.9849,54.22,true
599040,12.4800,186.11,0.9776,54.10,true
599168,12.4827,185.16,0.9784,54.02,true
599296,12.4853,183.96,0.9768,53.90,true
599424,12.4880,183.06,0.9791,53.82,true
599552,12.4907,181.98,0.9834,53.72,true
599680,12.4933,181.22,0.9891,53.64,true
599808,12.4960,180.99,0.9897,53.62,true
599936,12.4987,180.37,0.9877,53.56,true
600064,12.5013,179.94,0.9812,53.52,true
600192,12.5040,179.85,0.9702,53.51,true
600320,12.5067,179.26,0.9602,53.45,true
600448,12.5093,179.13,0.9494,53.44,true
600576,12.5120,178.41,0.9453,53.37,true
600704,12.5147,177.77,0.9277,53.31,true
600832,12.5173,176.52,0.9286,53.19,true
600960,12.5200,175.85,0.9308,53.12,true
601088,12.5227,176.36,0.9229,53.17,true
601216,12.5253,176.34,0.9383,53.17,true
601344,12.5280,177.13,0.9526,53.25,true
601472,12.5307,177.65,0.9594,53.30,true
601600,12.5333,178.36,0.9622,53.37,true
601728,12.5360,178.50,0.9746,53.38,true
601856,12.5387,179.17,0.9768,53.45,true
601984,12.5413,179.14,0.9794,53.44,true
602112,12.5440,179.24,0.9870,53.45,true
602240,12.5467,179.70,0.9893,53.50,true
602368,12.5493,179.92,0.9917,53.52,true
602496,12.5520,179.77,0.9942,53.50,true
602624,12.5547,179.75,0.9952,53.50,true
602752,12.5573,179.90,0.9958,53.52,true
602880,12.5600,179.82,0.9958,53.51,true
603008,12.5627,179.93,0.9965,53.52,true
603136,12.5653,180.32,0.9961,53.56,true
603264,12.5680,180.46,0.9964,53.57,true
603392,12.5707,180.44,0.9961,53.57,true
603520,12.5733,181.05,0.9971,53.63,true
603648,12.5760,181.06,0.9965,53.63,true
603776,12.5787,181.21,0.9957,53.64,true
603904,12.5813,181.66,0.9948,53.69,true
604032,12.5840,182.52,0.9928,53.77,true
604160,12.5867,182.52,0.9886,53.77,true
604288,12.5893,183.82,0.9832,53.89,true
604416,12.5920,183.94,0.9826,53.90,true
604544,12.5947,185.88,0.9825,54.08,true
604672,12.5973,186.11,0.9637,54.10,true
604800,12.6000,189.13,0.9342,54.38,true
604928,12.6027,191.14,0.9216,54.57,true
605056,12.6053,191.99,0.9160,54.64,true
605184,12.6080,191.21,0.9108,54.57,true
605312,12.6107,191.83,0.9068,54.63,true
605440,12.6133,191.39,0.9078,54.59,true
605568,12.6160,,,,false
605696,12.6187,191.36,0.9034,54.59,true
605824,12.6213,190.52,0.9190,54.51,true
605952,12.6240,189.54,0.9313,54.42,true
606080,12.6267,189.15,0.9383,54.38,true
606208,12.6293,190.42,0.9437,54.50,true
606336,12.6320,191.09,0.9374,54.56,true
606464,12.6347,191.40,0.9210,54.59,true
606592,12.6373,192.16,0.9403,54.66,true
606720,12.6400,193.38,0.9429,54.77,true
606848,12.6427,193.44,0.9366,54.77,true
606976,12.6453,193.61,0.9299,54.79,true
607104,12.6480,194.46,0.9311,54.86,true
607232,12.6507,194.99,0.9320,54.91,true
607360,12.6533,195.18,0.9411,54.93,true
607488,12.6560,195.13,0.9470,54.92,true
607616,12.6587,195.30,0.9531,54.94,true
607744,12.6613,195.17,0.9562,54.93,true
607872,12.6640,195.27,0.9643,54.94,true
608000,12.6667,195.10,0.9689,54.92,true
608128,12.6693,195.02,0.9686,54.91,true
608256,12.6720,195.01,0.9734,54.91,true
608384,12.6747,195.11,0.9777,54.92,true
608512,12.6773,195.12,0.9672,54.92,true
608640,12.6800,195.15,0.9674,54.93,true
608768,12.6827,195.30,0.9687,54.94,true
608896,12.6853,195.25,0.9651,54.93,true
609024,12.6880,195.76,0.9608,54.98,true
609152,12.6907,195.79,0.9656,54.98,true
609280,12.6933,195.82,0.9636,54.98,true
609408,12.6960,195.31,0.9550,54.94,true
609536,12.6987,195.78,0.9642,54.98,true
609664,12.7013,195.80,0.9608,54.98,true
609792,12.7040,195.76,0.9560,54.98,true
609920,12.7067,195.88,0.9585,54.99,true
610048,12.7093,195.84,0.9659,54.99,true
610176,12.7120,195.88,0.9575,54.99,true
610304,12.7147,195.91,0.9541,54.99,true
610432,12.7173,195.98,0.9685,55.00,true
610560,12.7200,195.86,0.9635,54.99,true
610688,12.7227,195.81,0.9656,54.98,true
610816,12.7253,195.90,0.9596,54.99,true
610944,12.7280,195.95,0.9586,55.00,true
611072,12.7307,196.08,0.9500,55.01,true
611200,12.7333,196.04,0.9388,55.00,true
611328,12.7360,196.03,0.9365,55.00,true
611456,12.7387,196.54,0.9235,55.05,true
611584,12.7413,196.84,0.9238,55.07,true
611712,12.7440,197.54,0.9084,55.14,true
611840,12.7467,197.68,0.9140,55.15,true
611968,12.7493,198.21,0.9037,55.19,true
612096,12.7520,,,,false
612224,12.7547,198.40,0.9131,55.21,true
612352,12.7573,,,,false
612480,12.7600,,,,false
612608,12.7627,,,,false
612736,12.7653,,,,false
612864,12.7680,,,,false
612992,12.7707,,,,false
613120,12.7733,,,,false
613248,12.7760,,,,false
613376,12.7787,,,,false
613504,12.7813,,,,false
613632,12.7840,204.09,0.9040,55.70,true
613760,12.7867,,,,false
613888,12.7893,206.94,0.9198,55.94,true
614016,12.7920,207.60,0.9209,56.00,true
614144,12.7947,208.65,0.9112,56.08,true
614272,12.7973,209.62,0.9275,56.16,true
614400,12.8000,209.73,0.9268,56.17,true
614528,12.8027,210.49,0.9367,56.23,true
614656,12.8053,213.25,0.9505,56.46,true
614784,12.8080,213.21,0.9588,56.46,true
614912,12.8107,214.32,0.9651,56.55,true
615040,12.8133,215.49,0.9585,56.64,true
615168,12.8160,215.98,0.9664,56.68,true
615296,12.8187,217.27,0.9616,56.78,true
615424,12.8213,219.01,0.9642,56.92,true
615552,12.8240,219.22,0.9603,56.94,true
615680,12.8267,221.22,0.9629,57.10,true
615808,12.8293,221.21,0.9589,57.09,true
615936,12.8320,223.12,0.9440,57.24,true
616064,12.8347,222.48,0.9389,57.19,true
616192,12.8373,224.14,0.9256,57.32,true
616320,12.8400,224.35,0.9031,57.34,true
616448,12.8427,225.15,0.9037,57.40,true
616576,12.8453,,,,false
616704,12.8480,,,,false
616832,12.8507,,,,false
616960,12.8533,,,,false
617088,12.8560,,,,false
617216,12.8587,,,,false
617344,12.8613,,,,false
617472,12.8640,,,,false
617600,12.8667,,,,false
617728,12.8693,,,,false
617856,12.8720,,,,false
617984,12.8747,,,,false
618112,12.8773,243.68,0.9043,58.77,true
618240,12.8800,244.89,0.9154,58.86,true
618368,12.8827,245.20,0.9119,58.88,true
618496,12.8853,244.85,0.9239,58.85,true
618624,12.8880,245.00,0.9342,58.86,true
618752,12.8907,243.95,0.9494,58.79,true
618880,12.8933,244.70,0.9555,58.84,true
619008,12.8960,244.85,0.9639,58.85,true
619136,12.8987,245.06,0.9616,58.87,true
619264,12.9013,245.13,0.9634,58.87,true
619392,12.9040,245.19,0.9693,58.88,true
619520,12.9067,246.43,0.9695,58.96,true
619648,12.9093,247.56,0.9708,59.04,true
619776,12.9120,248.72,0.9752,59.12,true
619904,12.9147,248.87,0.9729,59.13,true
620032,12.9173,248.70,0.9728,59.12,true
620160,12.9200,248.73,0.9761,59.13,true
620288,12.9227,247.72,0.9728,59.05,true
620416,12.9253,247.38,0.9734,59.03,true
620544,12.9280,246.43,0.9754,58.96,true
620672,12.9307,245.96,0.9746,58.93,true
620800,12.9333,245.85,0.9717,58.92,true
620928,12.9360,245.09,0.9709,58.87,true
621056,12.9387,245.86,0.9694,58.92,true
621184,12.9413,245.19,0.9697,58.88,true
621312,12.9440,245.92,0.9704,58.93,true
621440,12.9467,246.10,0.9711,58.94,true
621568,12.9493,246.03,0.9722,58.94,true
621696,12.9520,246.12,0.9782,58.94,true
621824,12.9547,245.84,0.9813,58.92,true
621952,12.9573,244.92,0.9859,58.86,true
622080,12.9600,244.82,0.9877,58.85,true
622208,12.9627,243.87,0.9879,58.78,true
622336,12.9653,243.67,0.9824,58.77,true
622464,12.9680,243.39,0.9816,58.75,true
622592,12.9707,243.36,0.9780,58.75,true
622720,12.9733,243.37,0.9724,58.75,true
622848,12.9760,243.40,0.9720,58.75,true
622976,12.9787,243.83,0.9645,58.78,true
623104,12.9813,243.58,0.9642,58.76,true
623232,12.9840,244.62,0.9607,58.84,true
623360,12.9867,244.80,0.9678,58.85,true
623488,12.9893,244.89,0.9692,58.86,true
623616,12.9920,244.84,0.9733,58.85,true
623744,12.9947,243.91,0.9777,58.79,true
623872,12.9973,243.81,0.9781,58.78,true
624000,13.0000,242.63,0.9877,58.69,true
624128,13.0027,242.50,0.9883,58.69,true
624256,13.0053,242.22,0.9918,58.67,true
624384,13.0080,242.17,0.9928,58.66,true
624512,13.0107,242.25,0.9903,58.67,true
624640,13.0133,242.16,0.9903,58.66,true
624768,13.0160,242.15,0.9905,58.66,true
624896,13.0187,242.34,0.9898,58.67,true
625024,13.0213,242.24,0.9889,58.67,true
625152,13.0240,242.41,0.9889,58.68,true
625280,13.0267,242.30,0.9844,58.67,true
625408,13.0293,242.15,0.9842,58.66,true
625536,13.0320,242.15,0.9870,58.66,true
625664,13.0347,241.40,0.9882,58.61,true
625792,13.0373,241.36,0.9876,58.60,true
625920,13.0400,241.25,0.9893,58.60,true
626048,13.0427,242.17,0.9899,58.66,true
626176,13.0453,241.43,0.9896,58.61,true
626304,13.0480,242.28,0.9895,58.67,true
626432,13.0507,243.88,0.9780,58.78,true
626560,13.0533,243.95,0.9712,58.79,true
626688,13.0560,244.60,0.9693,58.84,true
626816,13.0587,243.90,0.9696,58.79,true
626944,13.0613,243.91,0.9713,58.79,true
627072,13.0640,243.68,0.9684,58.77,true
627200,13.0667,243.64,0.9715,58.77,true
627328,13.0693,243.41,0.9709,58.75,true
627456,13.0720,242.51,0.9768,58.69,true
627584,13.0747,242.28,0.9806,58.67,true
627712,13.0773,242.12,0.9806,58.66,true
627840,13.0800,241.27,0.9829,58.60,true
627968,13.0827,241.12,0.9829,58.59,true
628096,13.0853,240.99,0.9852,58.58,true
628224,13.0880,240.16,0.9861,58.52,true
628352,13.0907,240.16,0.9887,58.52,true
628480,13.0933,239.88,0.9906,58.50,true
628608,13.0960,239.91,0.9891,58.50,true
628736,13.0987,239.91,0.9909,58.50,true
628864,13.1013,239.98,0.9880,58.51,true
628992,13.1040,239.78,0.9877,58.49,true
629120,13.1067,239.82,0.9836,58.49,true
629248,13.1093,238.93,0.9780,58.43,true
629376,13.1120,238.92,0.9768,58.43,true
629504,13.1147,238.71,0.9713,58.41,true
629632,13.1173,238.79,0.9685,58.42,true
629760,13.1200,238.61,0.9658,58.41,true
629888,13.1227,238.65,0.9651,58.41,true
630016,13.1253,238.87,0.9632,58.42,true
630144,13.1280,238.64,0.9667,58.41,true
630272,13.1307,238.98,0.9706,58.43,true
630400,13.1333,238.98,0.9714,58.43,true
630528,13.1360,240.00,0.9766,58.51,true
630656,13.1387,239.81,0.9801,58.49,true
630784,13.1413,240.05,0.9821,58.51,true
630912,13.1440,239.91,0.9801,58.50,true
631040,13.1467,239.87,0.9811,58.50,true
631168,13.1493,239.92,0.9799,58.50,true
631296,13.1520,239.92,0.9741,58.50,true
631424,13.1547,239.92,0.9731,58.50,true
631552,13.1573,239.82,0.9704,58.49,true
631680,13.1600,239.86,0.9695,58.50,true
631808,13.1627,239.03,0.9682,58.44,true
631936,13.1653,239.73,0.9724,58.49,true
632064,13.1680,239.00,0.9719,58.43,true
632192,13.1707,238.93,0.9753,58.43,true
632320,13.1733,238.68,0.9814,58.41,true
632448,13.1760,237.88,0.9830,58.35,true
632576,13.1787,237.53,0.9861,58.33,true
632704,13.1813,236.66,0.9869,58.26,true
632832,13.1840,236.48,0.9889,58.25,true
632960,13.1867,236.18,0.9812,58.23,true
633088,13.1893,235.47,0.9739,58.18,true
633216,13.1920,235.31,0.9657,58.16,true
633344,13.1947,235.27,0.9545,58.16,true
633472,13.1973,235.10,0.9415,58.15,true
633600,13.2000,235.38,0.9167,58.17,true
633728,13.2027,,,,false
633856,13.2053,,,,false
633984,13.2080,,,,false
634112,13.2107,,,,false
634240,13.2133,,,,false
634368,13.2160,,,,false
634496,13.2187,,,,false
634624,13.2213,,,,false
634752,13.2240,231.87,0.9041,57.91,true
634880,13.2267,228.44,0.9299,57.65,true
635008,13.2293,229.85,0.9421,57.76,true
635136,13.2320,228.36,0.9431,57.65,true
635264,13.2347,228.47,0.9162,57.65,true
635392,13.2373,,,,false
635520,13.2400,,,,false
635648,13.2427,,,,false
635776,13.2453,,,,false
635904,13.2480,,,,false
636032,13.2507,,,,false
636160,13.2533,,,,false
636288,13.2560,,,,false
636416,13.2587,,,,false
636544,13.2613,,,,false
636672,13.2640,,,,false
636800,13.2667,,,,false
636928,13.2693,,,,false
637056,13.2720,,,,false
637184,13.2747,,,,false
637312,13.2773,,,,false
637440,13.2800,,,,false
637568,13.2827,,,,false
637696,13.2853,,,,false
637824,13.2880,,,,false
637952,13.2907,,,,false
638080,13.2933,,,,false
638208,13.2960,,,,false
638336,13.2987,,,,false
638464,13.3013,,,,false
638592,13.3040,,,,false
638720,13.3067,,,,false
638848,13.3093,,,,false
638976,13.3120,,,,false
639104,13.3147,,,,false
639232,13.3173,,,,false
639360,13.3200,,,,false
639488,13.3227,,,,false
639616,13.3253,,,,false
639744,13.3280,,,,false
639872,13.3307,,,,false
640000,13.3333,,,,false
640128,13.3360,,,,false
640256,13.3387,,,,false
640384,13.3413,,,,false
640512,13.3440,,,,false
640640,13.3467,,,,false
640768,13.3493,,,,false
640896,13.3520,,,,false
641024,13.3547,,,,false
641152,13.3573,,,,false
641280,13.3600,,,,false
641408,13.3627,,,,false
641536,13.3653,,,,false
641664,13.3680,,,,false
641792,13.3707,,,,false
641920,13.3733,,,,false
642048,13.3760,,,,false
642176,13.3787,,,,false
642304,13.3813,,,,false
642432,13.3840,,,,false
642560,13.3867,126.98,0.9061,47.49,true
642688,13.3893,252.94,0.9488,59.42,true
642816,13.3920,254.02,0.9833,59.49,true
642944,13.3947,253.95,0.9861,59.48,true
643072,13.3973,253.79,0.9901,59.47,true
643200,13.4000,253.78,0.9918,59.47,true
643328,13.4027,253.68,0.9930,59.47,true
643456,13.4053,253.71,0.9935,59.47,true
643584,13.4080,252.94,0.9943,59.42,true
643712,13.4107,252.82,0.9949,59.41,true
643840,13.4133,252.67,0.9956,59.40,true
643968,13.4160,252.62,0.9962,59.39,true
644096,13.4187,252.46,0.9972,59.38,true
644224,13.4213,251.61,0.9966,59.32,true
644352,13.4240,251.56,0.9966,59.32,true
644480,13.4267,251.35,0.9970,59.31,true
644608,13.4293,251.17,0.9964,59.29,true
644736,13.4320,251.04,0.9947,59.28,true
644864,13.4347,250.21,0.9944,59.23,true
644992,13.4373,249.95,0.9933,59.21,true
645120,13.4400,249.68,0.9920,59.19,true
645248,13.4427,248.81,0.9916,59.13,true
645376,13.4453,248.46,0.9906,59.11,true
645504,13.4480,247.58,0.9904,59.04,true
645632,13.4507,247.18,0.9886,59.02,true
645760,13.4533,246.17,0.9912,58.95,true
645888,13.4560,245.86,0.9910,58.92,true
646016,13.4587,244.94,0.9921,58.86,true
646144,13.4613,244.64,0.9920,58.84,true
646272,13.4640,243.72,0.9928,58.77,true
646400,13.4667,243.54,0.9947,58.76,true
646528,13.4693,242.73,0.9939,58.70,true
646656,13.4720,242.60,0.9945,58.69,true
646784,13.4747,242.57,0.9948,58.69,true
646912,13.4773,242.53,0.9945,58.69,true
647040,13.4800,242.45,0.9948,58.68,true
647168,13.4827,242.48,0.9943,58.68,true
647296,13.4853,242.38,0.9937,58.68,true
647424,13.4880,242.24,0.9938,58.67,true
647552,13.4907,241.49,0.9932,58.61,true
647680,13.4933,241.36,0.9926,58.60,true
647808,13.4960,241.05,0.9902,58.58,true
647936,13.4987,240.16,0.9896,58.52,true
648064,13.5013,239.78,0.9862,58.49,true
648192,13.5040,238.70,0.9864,58.41,true
648320,13.5067,237.63,0.9850,58.33,true
648448,13.5093,236.51,0.9842,58.25,true
648576,13.5120,235.35,0.9853,58.17,true
648704,13.5147,234.30,0.9836,58.09,true
648832,13.5173,233.86,0.9852,58.06,true
648960,13.5200,232.92,0.9843,57.99,true
649088,13.5227,232.12,0.9842,57.93,true
649216,13.5253,231.79,0.9801,57.90,true
649344,13.5280,230.96,0.9800,57.84,true
649472,13.5307,230.71,0.9732,57.82,true
649600,13.5333,229.67,0.9708,57.74,true
649728,13.5360,228.79,0.9646,57.68,true
649856,13.5387,227.57,0.9564,57.59,true
649984,13.5413,226.63,0.9543,57.51,true
650112,13.5440,225.29,0.9535,57.41,true
650240,13.5467,224.36,0.9625,57.34,true
650368,13.5493,223.28,0.9655,57.26,true
650496,13.5520,222.32,0.9754,57.18,true
650624,13.5547,222.10,0.9702,57.16,true
650752,13.5573,221.09,0.9668,57.09,true
650880,13.5600,221.03,0.9669,57.08,true
651008,13.5627,220.22,0.9669,57.02,true
651136,13.5653,220.16,0.9723,57.01,true
651264,13.5680,219.21,0.9747,56.94,true
651392,13.5707,218.28,0.9755,56.86,true
651520,13.5733,217.44,0.9731,56.80,true
651648,13.5760,218.04,0.9731,56.84,true
651776,13.5787,218.19,0.9777,56.86,true
651904,13.5813,218.23,0.9777,56.86,true
652032,13.5840,217.95,0.9772,56.84,true
652160,13.5867,217.26,0.9769,56.78,true
652288,13.5893,217.03,0.9774,56.76,true
652416,13.5920,217.01,0.9796,56.76,true
652544,13.5947,216.99,0.9822,56.76,true
652672,13.5973,216.24,0.9885,56.70,true
652800,13.6000,216.06,0.9873,56.69,true
652928,13.6027,215.30,0.9911,56.63,true
653056,13.6053,215.30,0.9871,56.63,true
653184,13.6080,215.24,0.9872,56.62,true
653312,13.6107,215.09,0.9844,56.61,true
653440,13.6133,215.10,0.9814,56.61,true
653568,13.6160,215.05,0.9815,56.61,true
653696,13.6187,214.40,0.9758,56.55,true
653824,13.6213,214.18,0.9785,56.54,true
653952,13.6240,214.06,0.9752,56.53,true
654080,13.6267,213.47,0.9801,56.48,true
654208,13.6293,213.43,0.9796,56.48,true
654336,13.6320,213.50,0.9796,56.48,true
654464,13.6347,213.37,0.9838,56.47,true
654592,13.6373,213.26,0.9822,56.46,true
654720,13.6400,213.12,0.9849,56.45,true
654848,13.6427,212.60,0.9823,56.41,true
654976,13.6453,212.49,0.9851,56.40,true
655104,13.6480,212.62,0.9831,56.41,true
655232,13.6507,212.42,0.9826,56.39,true
655360,13.6533,212.35,0.9830,56.39,true
655488,13.6560,212.16,0.9797,56.37,true
655616,13.6587,211.65,0.9813,56.33,true
655744,13.6613,212.17,0.9779,56.37,true
655872,13.6640,212.16,0.9783,56.37,true
656000,13.6667,211.59,0.9751,56.33,true
656128,13.6693,211.24,0.9761,56.30,true
656256,13.6720,210.76,0.9759,56.26,true
656384,13.6747,210.72,0.9760,56.25,true
656512,13.6773,210.62,0.9833,56.25,true
656640,13.6800,210.43,0.9816,56.23,true
656768,13.6827,210.57,0.9854,56.24,true
656896,13.6853,210.55,0.9871,56.24,true
657024,13.6880,210.62,0.9892,56.25,true
657152,13.6907,210.66,0.9870,56.25,true
657280,13.6933,210.46,0.9871,56.23,true
657408,13.6960,209.74,0.9848,56.17,true
657536,13.6987,209.63,0.9819,56.16,true
657664,13.7013,209.65,0.9828,56.17,true
657792,13.7040,208.83,0.9787,56.10,true
657920,13.7067,208.68,0.9772,56.09,true
658048,13.7093,207.88,0.9731,56.02,true
658176,13.7120,207.58,0.9748,55.99,true
658304,13.7147,206.96,0.9665,55.94,true
658432,13.7173,206.89,0.9596,55.94,true
658560,13.7200,206.06,0.9567,55.87,true
658688,13.7227,205.24,0.9528,55.80,true
658816,13.7253,205.00,0.9554,55.78,true
658944,13.7280,204.94,0.9553,55.77,true
659072,13.7307,205.82,0.9429,55.85,true
659200,13.7333,206.89,0.9384,55.94,true
659328,13.7360,207.80,0.9489,56.01,true
659456,13.7387,208.78,0.9602,56.09,true
659584,13.7413,209.48,0.9735,56.15,true
659712,13.7440,210.40,0.9748,56.23,true
659840,13.7467,210.68,0.9772,56.25,true
659968,13.7493,211.32,0.9752,56.30,true
660096,13.7520,211.26,0.9811,56.30,true
660224,13.7547,211.24,0.9772,56.30,true
660352,13.7573,210.75,0.9753,56.26,true
660480,13.7600,210.70,0.9743,56.25,true
660608,13.7627,211.31,0.9728,56.30,true
660736,13.7653,210.66,0.9768,56.25,true
660864,13.7680,210.45,0.9793,56.23,true
660992,13.7707,209.82,0.9828,56.18,true
661120,13.7733,209.78,0.9840,56.18,true
661248,13.7760,209.65,0.9896,56.17,true
661376,13.7787,209.53,0.9913,56.16,true
661504,13.7813,209.45,0.9929,56.15,true
661632,13.7840,208.89,0.9942,56.10,true
661760,13.7867,208.90,0.9943,56.10,true
661888,13.7893,208.85,0.9930,56.10,true
662016,13.7920,208.91,0.9920,56.10,true
662144,13.7947,209.39,0.9916,56.14,true
662272,13.7973,209.45,0.9906,56.15,true
662400,13.8000,209.58,0.9905,56.16,true
662528,13.8027,209.76,0.9865,56.18,true
662656,13.8053,210.51,0.9755,56.24,true
662784,13.8080,211.67,0.9453,56.33,true
662912,13.8107,213.39,0.9268,56.47,true
663040,13.8133,,,,false
663168,13.8160,,,,false
663296,13.8187,,,,false
663424,13.8213,,,,false
663552,13.8240,,,,false
663680,13.8267,104.13,0.9118,44.05,true
663808,13.8293,104.09,0.9171,44.04,true
663936,13.8320,207.00,0.9347,55.95,true
664064,13.8347,207.84,0.9667,56.02,true
664192,13.8373,208.47,0.9747,56.07,true
664320,13.8400,207.99,0.9766,56.03,true
664448,13.8427,208.47,0.9804,56.07,true
664576,13.8453,208.54,0.9825,56.07,true
664704,13.8480,208.53,0.9832,56.07,true
664832,13.8507,208.02,0.9842,56.03,true
664960,13.8533,208.01,0.9878,56.03,true
665088,13.8560,207.93,0.9874,56.02,true
665216,13.8587,207.87,0.9884,56.02,true
665344,13.8613,207.85,0.9884,56.02,true
665472,13.8640,207.90,0.9866,56.02,true
665600,13.8667,207.80,0.9835,56.01,true
665728,13.8693,207.82,0.9819,56.01,true
665856,13.8720,207.71,0.9832,56.01,true
665984,13.8747,207.69,0.9811,56.00,true
666112,13.8773,207.78,0.9798,56.01,true
666240,13.8800,207.73,0.9793,56.01,true
666368,13.8827,207.73,0.9756,56.01,true
666496,13.8853,207.62,0.9759,56.00,true
666624,13.8880,207.74,0.9768,56.01,true
666752,13.8907,207.60,0.9744,56.00,true
666880,13.8933,207.58,0.9715,55.99,true
667008,13.8960,207.10,0.9724,55.95,true
667136,13.8987,207.02,0.9660,55.95,true
667264,13.9013,207.61,0.9640,56.00,true
667392,13.9040,207.62,0.9667,56.00,true
667520,13.9067,207.68,0.9583,56.00,true
667648,13.9093,207.62,0.9644,56.00,true
667776,13.9120,207.69,0.9693,56.00,true
667904,13.9147,207.61,0.9702,56.00,true
668032,13.9173,207.12,0.9732,55.96,true
668160,13.9200,207.11,0.9810,55.95,true
668288,13.9227,207.02,0.9830,55.95,true
668416,13.9253,206.87,0.9852,55.93,true
668544,13.9280,206.81,0.9928,55.93,true
668672,13.9307,206.73,0.9923,55.92,true
668800,13.9333,206.71,0.9929,55.92,true
668928,13.9360,206.68,0.9916,55.92,true
669056,13.9387,206.68,0.9887,55.92,true
669184,13.9413,206.70,0.9859,55.92,true
669312,13.9440,206.71,0.9817,55.92,true
669440,13.9467,206.82,0.9822,55.93,true
669568,13.9493,206.81,0.9758,55.93,true
669696,13.9520,206.84,0.9756,55.93,true
669824,13.9547,206.92,0.9728,55.94,true
669952,13.9573,207.00,0.9736,55.95,true
670080,13.9600,207.04,0.9750,55.95,true
670208,13.9627,206.99,0.9781,55.94,true
670336,13.9653,207.02,0.9819,55.95,true
670464,13.9680,207.07,0.9810,55.95,true
670592,13.9707,207.65,0.9872,56.00,true
670720,13.9733,207.70,0.9831,56.00,true
670848,13.9760,207.67,0.9835,56.00,true
670976,13.9787,207.62,0.9810,56.00,true
671104,13.9813,207.66,0.9791,56.00,true
671232,13.9840,207.80,0.9753,56.01,true
671360,13.9867,207.79,0.9734,56.01,true
671488,13.9893,207.72,0.9723,56.01,true
671616,13.9920,207.85,0.9647,56.02,true
671744,13.9947,207.81,0.9695,56.01,true
671872,13.9973,207.86,0.9656,56.02,true
672000,14.0000,208.02,0.9626,56.03,true
672128,14.0027,207.98,0.9635,56.03,true
672256,14.0053,208.02,0.9644,56.03,true
672384,14.0080,208.64,0.9655,56.08,true
672512,14.0107,208.73,0.9676,56.09,true
672640,14.0133,208.66,0.9734,56.08,true
672768,14.0160,208.88,0.9738,56.10,true
672896,14.0187,209.60,0.9759,56.16,true
673024,14.0213,209.79,0.9820,56.18,true
673152,14.0240,210.57,0.9785,56.24,true
673280,14.0267,211.27,0.9713,56.30,true
673408,14.0293,211.59,0.9651,56.33,true
673536,14.0320,212.59,0.9525,56.41,true
673664,14.0347,214.27,0.9391,56.54,true
673792,14.0373,215.22,0.9402,56.62,true
673920,14.0400,216.03,0.9340,56.68,true
674048,14.0427,217.29,0.9221,56.79,true
674176,14.0453,219.09,0.9146,56.93,true
674304,14.0480,220.28,0.9168,57.02,true
674432,14.0507,222.03,0.9052,57.16,true
674560,14.0533,,,,false
674688,14.0560,,,,false
674816,14.0587,,,,false
674944,14.0613,,,,false
675072,14.0640,,,,false
675200,14.0667,,,,false
675328,14.0693,,,,false
675456,14.0720,,,,false
675584,14.0747,,,,false
675712,14.0773,,,,false
675840,14.0800,,,,false
675968,14.0827,,,,false
676096,14.0853,,,,false
676224,14.0880,,,,false
676352,14.0907,,,,false
676480,14.0933,,,,false
676608,14.0960,,,,false
676736,14.0987,,,,false
676864,14.1013,255.11,0.9070,59.56,true
676992,14.1040,,,,false
677120,14.1067,257.83,0.9238,59.75,true
677248,14.1093,259.28,0.9299,59.84,true
677376,14.1120,,,,false
677504,14.1147,261.05,0.9028,59.96,true
677632,14.1173,,,,false
677760,14.1200,,,,false
677888,14.1227,,,,false
678016,14.1253,,,,false
678144,14.1280,,,,false
678272,14.1307,,,,false
678400,14.1333,66.75,0.9294,36.35,true
678528,14.1360,66.77,0.9311,36.36,true
678656,14.1387,266.81,0.9080,60.34,true
678784,14.1413,266.91,0.9134,60.35,true
678912,14.1440,266.94,0.9164,60.35,true
679040,14.1467,267.81,0.9264,60.40,true
679168,14.1493,268.01,0.9268,60.42,true
679296,14.1520,268.01,0.9344,60.42,true
679424,14.1547,267.80,0.9339,60.40,true
679552,14.1573,268.03,0.9429,60.42,true
679680,14.1600,267.91,0.9434,60.41,true
679808,14.1627,268.30,0.9499,60.44,true
679936,14.1653,268.49,0.9501,60.45,true
680064,14.1680,269.31,0.9593,60.50,true
680192,14.1707,268.52,0.9634,60.45,true
680320,14.1733,269.48,0.9641,60.51,true
680448,14.1760,269.74,0.9709,60.53,true
680576,14.1787,269.81,0.9693,60.53,true
680704,14.1813,269.98,0.9754,60.54,true
680832,14.1840,270.01,0.9772,60.55,true
680960,14.1867,270.92,0.9806,60.60,true
681088,14.1893,271.17,0.9847,60.62,true
681216,14.1920,271.31,0.9873,60.63,true
681344,14.1947,271.35,0.9881,60.63,true
681472,14.1973,271.50,0.9893,60.64,true
681600,14.2000,272.61,0.9918,60.71,true
681728,14.2027,272.84,0.9920,60.73,true
681856,14.2053,272.91,0.9911,60.73,true
681984,14.2080,272.96,0.9903,60.73,true
682112,14.2107,273.11,0.9885,60.74,true
682240,14.2133,274.08,0.9892,60.81,true
682368,14.2160,274.23,0.9882,60.81,true
682496,14.2187,274.35,0.9882,60.82,true
682624,14.2213,274.24,0.9873,60.82,true
682752,14.2240,274.24,0.9869,60.82,true
682880,14.2267,274.40,0.9892,60.83,true
683008,14.2293,274.40,0.9907,60.83,true
683136,14.2320,274.41,0.9923,60.83,true
683264,14.2347,274.43,0.9930,60.83,true
683392,14.2373,274.38,0.9945,60.82,true
683520,14.2400,274.36,0.9955,60.82,true
683648,14.2427,274.42,0.9969,60.83,true
683776,14.2453,274.41,0.9978,60.83,true
683904,14.2480,274.44,0.9976,60.83,true
684032,14.2507,274.54,0.9974,60.83,true
684160,14.2533,274.58,0.9961,60.84,true
684288,14.2560,274.67,0.9950,60.84,true
684416,14.2587,275.56,0.9949,60.90,true
684544,14.2613,275.67,0.9949,60.91,true
684672,14.2640,275.81,0.9936,60.91,true
684800,14.2667,275.91,0.9942,60.92,true
684928,14.2693,275.89,0.9939,60.92,true
685056,14.2720,276.01,0.9931,60.93,true
685184,14.2747,276.08,0.9936,60.93,true
685312,14.2773,276.03,0.9943,60.93,true
685440,14.2800,276.03,0.9946,60.93,true
685568,14.2827,276.00,0.9951,60.93,true
685696,14.2853,275.98,0.9966,60.92,true
685824,14.2880,276.03,0.9960,60.93,true
685952,14.2907,276.07,0.9957,60.93,true
686080,14.2933,276.00,0.9962,60.93,true
686208,14.2960,275.96,0.9966,60.92,true
686336,14.2987,276.03,0.9962,60.93,true
686464,14.3013,276.01,0.9963,60.93,true
686592,14.3040,276.03,0.9963,60.93,true
686720,14.3067,276.02,0.9961,60.93,true
686848,14.3093,275.99,0.9962,60.93,true
686976,14.3120,276.05,0.9966,60.93,true
687104,14.3147,276.02,0.9964,60.93,true
687232,14.3173,276.04,0.9966,60.93,true
687360,14.3200,276.05,0.9969,60.93,true
687488,14.3227,276.12,0.9969,60.93,true
687616,14.3253,276.11,0.9968,60.93,true
687744,14.3280,276.08,0.9972,60.93,true
687872,14.3307,276.14,0.9974,60.93,true
688000,14.3333,276.08,0.9975,60.93,true
688128,14.3360,276.17,0.9979,60.94,true
688256,14.3387,276.19,0.9980,60.94,true
688384,14.3413,276.16,0.9981,60.94,true
688512,14.3440,276.15,0.9977,60.94,true
688640,14.3467,276.19,0.9977,60.94,true
688768,14.3493,276.23,0.9976,60.94,true
688896,14.3520,276.22,0.9973,60.94,true
689024,14.3547,277.11,0.9972,61.00,true
689152,14.3573,277.09,0.9970,60.99,true
689280,14.3600,277.15,0.9970,61.00,true
689408,14.3627,277.16,0.9962,61.00,true
689536,14.3653,277.23,0.9963,61.00,true
689664,14.3680,277.29,0.9947,61.01,true
689792,14.3707,277.36,0.9945,61.01,true
689920,14.3733,277.37,0.9942,61.01,true
690048,14.3760,277.45,0.9940,61.02,true
690176,14.3787,277.49,0.9939,61.02,true
690304,14.3813,277.49,0.9934,61.02,true
690432,14.3840,277.55,0.9946,61.02,true
690560,14.3867,277.61,0.9948,61.03,true
690688,14.3893,277.61,0.9965,61.03,true
690816,14.3920,277.63,0.9967,61.03,true
690944,14.3947,277.70,0.9977,61.03,true
691072,14.3973,277.67,0.9980,61.03,true
691200,14.4000,277.72,0.9982,61.03,true
691328,14.4027,277.80,0.9984,61.04,true
691456,14.4053,277.82,0.9975,61.04,true
691584,14.4080,277.79,0.9978,61.04,true
691712,14.4107,277.84,0.9973,61.04,true
691840,14.4133,278.68,0.9967,61.09,true
691968,14.4160,278.70,0.9968,61.09,true
692096,14.4187,278.75,0.9963,61.10,true
692224,14.4213,278.76,0.9962,61.10,true
692352,14.4240,278.75,0.9962,61.10,true
692480,14.4267,278.80,0.9970,61.10,true
692608,14.4293,278.92,0.9969,61.11,true
692736,14.4320,278.99,0.9971,61.11,true
692864,14.4347,279.03,0.9977,61.12,true
692992,14.4373,279.16,0.9975,61.12,true
693120,14.4400,279.21,0.9978,61.13,true
693248,14.4427,279.31,0.9967,61.13,true
693376,14.4453,279.44,0.9961,61.14,true
693504,14.4480,280.36,0.9941,61.20,true
693632,14.4507,280.45,0.9931,61.20,true
693760,14.4533,280.58,0.9909,61.21,true
693888,14.4560,280.74,0.9884,61.22,true
694016,14.4587,280.85,0.9870,61.23,true
694144,14.4613,281.08,0.9843,61.24,true
694272,14.4640,282.15,0.9842,61.31,true
694400,14.4667,282.33,0.9825,61.32,true
694528,14.4693,282.61,0.9846,61.34,true
694656,14.4720,283.71,0.9845,61.40,true
694784,14.4747,284.06,0.9867,61.42,true
694912,14.4773,284.24,0.9897,61.44,true
695040,14.4800,285.33,0.9898,61.50,true
695168,14.4827,285.53,0.9935,61.51,true
695296,14.4853,285.66,0.9942,61.52,true
695424,14.4880,285.70,0.9945,61.52,true
695552,14.4907,285.72,0.9951,61.53,true
695680,14.4933,285.76,0.9948,61.53,true
695808,14.4960,285.64,0.9948,61.52,true
695936,14.4987,285.48,0.9933,61.51,true
696064,14.5013,285.45,0.9938,61.51,true
696192,14.5040,285.43,0.9943,61.51,true
696320,14.5067,285.34,0.9940,61.50,true
696448,14.5093,571.49,0.9004,73.53,true
696576,14.5120,571.01,0.9121,73.51,true
696704,14.5147,570.62,0.9191,73.50,true
696832,14.5173,570.67,0.9271,73.50,true
696960,14.5200,571.08,0.9313,73.51,true
697088,14.5227,570.84,0.9366,73.51,true
697216,14.5253,570.48,0.9387,73.50,true
697344,14.5280,570.56,0.9379,73.50,true
697472,14.5307,571.01,0.9395,73.51,true
697600,14.5333,571.05,0.9403,73.51,true
697728,14.5360,570.52,0.9420,73.50,true
697856,14.5387,570.37,0.9421,73.49,true
697984,14.5413,570.94,0.9439,73.51,true
698112,14.5440,570.90,0.9438,73.51,true
698240,14.5467,570.11,0.9396,73.48,true
698368,14.5493,570.09,0.9379,73.48,true
698496,14.5520,570.69,0.9357,73.50,true
698624,14.5547,570.29,0.9337,73.49,true
698752,14.5573,566.29,0.9281,73.37,true
698880,14.5600,566.30,0.9254,73.37,true
699008,14.5627,569.90,0.9209,73.48,true
699136,14.5653,566.32,0.9133,73.37,true
699264,14.5680,565.84,0.9130,73.35,true
699392,14.5707,565.68,0.9070,73.35,true
699520,14.5733,565.87,0.9028,73.36,true
699648,14.5760,282.41,0.9964,61.32,true
699776,14.5787,282.31,0.9944,61.32,true
699904,14.5813,282.21,0.9938,61.31,true
700032,14.5840,282.20,0.9927,61.31,true
700160,14.5867,282.08,0.9903,61.30,true
700288,14.5893,281.97,0.9896,61.30,true
700416,14.5920,281.99,0.9857,61.30,true
700544,14.5947,280.98,0.9859,61.24,true
700672,14.5973,280.90,0.9855,61.23,true
700800,14.6000,280.90,0.9860,61.23,true
700928,14.6027,280.85,0.9862,61.23,true
701056,14.6053,280.69,0.9873,61.22,true
701184,14.6080,280.67,0.9894,61.22,true
701312,14.6107,280.62,0.9893,61.21,true
701440,14.6133,280.37,0.9939,61.20,true
701568,14.6160,280.45,0.9945,61.20,true
701696,14.6187,280.43,0.9935,61.20,true
701824,14.6213,279.47,0.9904,61.14,true
701952,14.6240,279.34,0.9899,61.13,true
702080,14.6267,279.38,0.9863,61.14,true
702208,14.6293,279.38,0.9804,61.14,true
702336,14.6320,279.28,0.9775,61.13,true
702464,14.6347,279.35,0.9738,61.13,true
702592,14.6373,279.20,0.9719,61.13,true
702720,14.6400,279.05,0.9683,61.12,true
702848,14.6427,279.13,0.9694,61.12,true
702976,14.6453,279.03,0.9647,61.11,true
703104,14.6480,278.79,0.9653,61.10,true
703232,14.6507,277.75,0.9734,61.04,true
703360,14.6533,277.71,0.9725,61.03,true
703488,14.6560,277.13,0.9759,61.00,true
703616,14.6587,275.71,0.9708,60.91,true
703744,14.6613,275.48,0.9770,60.89,true
703872,14.6640,275.58,0.9765,60.90,true
704000,14.6667,274.61,0.9773,60.84,true
704128,14.6693,274.41,0.9760,60.83,true
704256,14.6720,275.58,0.9648,60.90,true
704384,14.6747,275.83,0.9628,60.92,true
704512,14.6773,277.19,0.9551,61.00,true
704640,14.6800,277.66,0.9569,61.03,true
704768,14.6827,278.73,0.9490,61.10,true
704896,14.6853,278.81,0.9459,61.10,true
705024,14.6880,279.32,0.9403,61.13,true
705152,14.6907,280.95,0.9357,61.23,true
705280,14.6933,280.57,0.9362,61.21,true
705408,14.6960,280.95,0.9297,61.23,true
705536,14.6987,280.68,0.9269,61.22,true
705664,14.7013,280.98,0.9190,61.24,true
705792,14.7040,281.01,0.9215,61.24,true
705920,14.7067,282.40,0.9205,61.32,true
706048,14.7093,,,,false
706176,14.7120,,,,false
706304,14.7147,,,,false
706432,14.7173,,,,false
706560,14.7200,,,,false
706688,14.7227,,,,false
706816,14.7253,,,,false
706944,14.7280,,,,false
707072,14.7307,,,,false
707200,14.7333,,,,false
707328,14.7360,,,,false
707456,14.7387,,,,false
707584,14.7413,,,,false
707712,14.7440,,,,false
707840,14.7467,,,,false
707968,14.7493,,,,false
708096,14.7520,,,,false
708224,14.7547,,,,false
708352,14.7573,,,,false
708480,14.7600,,,,false
708608,14.7627,,,,false
708736,14.7653,,,,false
708864,14.7680,,,,false
708992,14.7707,,,,false
709120,14.7733,,,,false
709248,14.7760,,,,false
709376,14.7787,,,,false
709504,14.7813,,,,false
709632,14.7840,,,,false
709760,14.7867,,,,false
709888,14.7893,,,,false
710016,14.7920,,,,false
710144,14.7947,,,,false
710272,14.7973,,,,false
710400,14.8000,,,,false
710528,14.8027,,,,false
710656,14.8053,,,,false
710784,14.8080,,,,false
710912,14.8107,,,,false
711040,14.8133,,,,false
711168,14.8160,,,,false
711296,14.8187,,,,false
711424,14.8213,,,,false
711552,14.8240,,,,false
711680,14.8267,,,,false
711808,14.8293,,,,false
711936,14.8320,,,,false
712064,14.8347,,,,false
712192,14.8373,,,,false
712320,14.8400,294.55,0.9157,62.05,true
712448,14.8427,292.73,0.9290,61.94,true
712576,14.8453,291.33,0.9377,61.86,true
712704,14.8480,290.79,0.9474,61.83,true
712832,14.8507,290.86,0.9658,61.83,true
712960,14.8533,289.39,0.9665,61.75,true
713088,14.8560,289.16,0.9749,61.73,true
713216,14.8587,289.18,0.9801,61.73,true
713344,14.8613,289.24,0.9734,61.74,true
713472,14.8640,288.96,0.9720,61.72,true
713600,14.8667,287.29,0.9671,61.62,true
713728,14.8693,286.10,0.9628,61.55,true
713856,14.8720,287.14,0.9597,61.61,true
713984,14.8747,286.12,0.9466,61.55,true
714112,14.8773,287.06,0.9402,61.61,true
714240,14.8800,285.38,0.9306,61.50,true
714368,14.8827,283.70,0.9361,61.40,true
714496,14.8853,282.72,0.9341,61.34,true
714624,14.8880,282.59,0.9373,61.33,true
714752,14.8907,282.21,0.9366,61.31,true
714880,14.8933,280.50,0.9426,61.21,true
715008,14.8960,280.85,0.9521,61.23,true
715136,14.8987,277.47,0.9490,61.02,true
715264,14.9013,275.83,0.9591,60.92,true
715392,14.9040,274.17,0.9502,60.81,true
715520,14.9067,273.10,0.9458,60.74,true
715648,14.9093,272.58,0.9498,60.71,true
715776,14.9120,271.50,0.9452,60.64,true
715904,14.9147,270.92,0.9409,60.60,true
716032,14.9173,269.80,0.9424,60.53,true
716160,14.9200,271.22,0.9153,60.62,true
716288,14.9227,271.13,0.9021,60.62,true
716416,14.9253,,,,false
716544,14.9280,,,,false
716672,14.9307,,,,false
716800,14.9333,,,,false
716928,14.9360,,,,false
717056,14.9387,,,,false
717184,14.9413,,,,false
717312,14.9440,,,,false
717440,14.9467,,,,false
717568,14.9493,,,,false
717696,14.9520,,,,false
717824,14.9547,,,,false
717952,14.9573,,,,false
718080,14.9600,,,,false
718208,14.9627,,,,false
718336,14.9653,,,,false
718464,14.9680,,,,false
718592,14.9707,,,,false
718720,14.9733,,,,false
718848,14.9760,,,,false
718976,14.9787,,,,false
719104,14.9813,,,,false
719232,14.9840,,,,false
719360,14.9867,,,,false
719488,14.9893,,,,false
719616,14.9920,,,,false
719744,14.9947,,,,false
719872,14.9973,,,,false
720000,15.0000,,,,false
720128,15.0027,,,,false
720256,15.0053,,,,false
720384,15.0080,,,,false
720512,15.0107,,,,false
720640,15.0133,,,,false
720768,15.0160,,,,false
720896,15.0187,,,,false
721024,15.0213,,,,false
721152,15.0240,,,,false
721280,15.0267,,,,false
721408,15.0293,,,,false
721536,15.0320,,,,false
