sample_offset,time_seconds,frequency_hz,confidence,midi_note,detected
0,0.0000,,,,false
128,0.0027,,,,false
256,0.0053,,,,false
384,0.0080,,,,false
512,0.0107,,,,false
640,0.0133,,,,false
768,0.0160,,,,false
896,0.0187,,,,false
1024,0.0213,,,,false
1152,0.0240,,,,false
1280,0.0267,,,,false
1408,0.0293,,,,false
1536,0.0320,,,,false
1664,0.0347,,,,false
1792,0.0373,,,,false
1920,0.0400,,,,false
2048,0.0427,,,,false
2176,0.0453,,,,false
2304,0.0480,,,,false
2432,0.0507,,,,false
2560,0.0533,,,,false
2688,0.0560,,,,false
2816,0.0587,,,,false
2944,0.0613,,,,false
3072,0.0640,,,,false
3200,0.0667,,,,false
3328,0.0693,,,,false
3456,0.0720,,,,false
3584,0.0747,,,,false
3712,0.0773,,,,false
3840,0.0800,,,,false
3968,0.0827,,,,false
4096,0.0853,,,,false
4224,0.0880,,,,false
4352,0.0907,,,,false
4480,0.0933,,,,false
4608,0.0960,,,,false
4736,0.0987,,,,false
4864,0.1013,,,,false
4992,0.1040,,,,false
5120,0.1067,,,,false
5248,0.1093,,,,false
5376,0.1120,,,,false
5504,0.1147,,,,false
5632,0.1173,,,,false
5760,0.1200,,,,false
5888,0.1227,,,,false
6016,0.1253,,,,false
6144,0.1280,,,,false
6272,0.1307,,,,false
6400,0.1333,,,,false
6528,0.1360,,,,false
6656,0.1387,,,,false
6784,0.1413,,,,false
6912,0.1440,,,,false
7040,0.1467,,,,false
7168,0.1493,,,,false
7296,0.1520,,,,false
7424,0.1547,,,,false
7552,0.1573,,,,false
7680,0.1600,,,,false
7808,0.1627,,,,false
7936,0.1653,,,,false
8064,0.1680,,,,false
8192,0.1707,,,,false
8320,0.1733,,,,false
8448,0.1760,,,,false
8576,0.1787,,,,false
8704,0.1813,,,,false
8832,0.1840,,,,false
8960,0.1867,,,,false
9088,0.1893,,,,false
9216,0.1920,,,,false
9344,0.1947,,,,false
9472,0.1973,,,,false
9600,0.2000,,,,false
9728,0.2027,,,,false
9856,0.2053,,,,false
9984,0.2080,,,,false
10112,0.2107,,,,false
10240,0.2133,,,,false
10368,0.2160,,,,false
10496,0.2187,,,,false
10624,0.2213,,,,false
10752,0.2240,,,,false
10880,0.2267,,,,false
11008,0.2293,,,,false
11136,0.2320,,,,false
11264,0.2347,,,,false
11392,0.2373,,,,false
11520,0.2400,,,,false
11648,0.2427,,,,false
11776,0.2453,,,,false
11904,0.2480,,,,false
12032,0.2507,,,,false
12160,0.2533,,,,false
12288,0.2560,,,,false
12416,0.2587,,,,false
12544,0.2613,,,,false
12672,0.2640,,,,false
12800,0.2667,,,,false
12928,0.2693,,,,false
13056,0.2720,,,,false
13184,0.2747,,,,false
13312,0.2773,,,,false
13440,0.2800,,,,false
13568,0.2827,,,,false
13696,0.2853,,,,false
13824,0.2880,,,,false
13952,0.2907,,,,false
14080,0.2933,,,,false
14208,0.2960,,,,false
14336,0.2987,,,,false
14464,0.3013,,,,false
14592,0.3040,,,,false
14720,0.3067,,,,false
14848,0.3093,,,,false
14976,0.3120,,,,false
15104,0.3147,,,,false
15232,0.3173,,,,false
15360,0.3200,,,,false
15488,0.3227,,,,false
15616,0.3253,,,,false
15744,0.3280,,,,false
15872,0.3307,,,,false
16000,0.3333,,,,false
16128,0.3360,,,,false
16256,0.3387,,,,false
16384,0.3413,,,,false
16512,0.3440,,,,false
16640,0.3467,,,,false
16768,0.3493,,,,false
16896,0.3520,,,,false
17024,0.3547,,,,false
17152,0.3573,,,,false
17280,0.3600,,,,false
17408,0.3627,,,,false
17536,0.3653,,,,false
17664,0.3680,,,,false
17792,0.3707,,,,false
17920,0.3733,,,,false
18048,0.3760,,,,false
18176,0.3787,,,,false
18304,0.3813,,,,false
18432,0.3840,,,,false
18560,0.3867,239.83,0.9136,58.49,true
18688,0.3893,240.10,0.9077,58.51,true
18816,0.3920,241.22,0.9286,58.59,true
18944,0.3947,242.18,0.9350,58.66,true
19072,0.3973,242.41,0.9350,58.68,true
19200,0.4000,242.71,0.9459,58.70,true
19328,0.4027,243.60,0.9498,58.76,true
19456,0.4053,243.69,0.9570,58.77,true
19584,0.4080,243.83,0.9659,58.78,true
19712,0.4107,243.84,0.9705,58.78,true
19840,0.4133,243.81,0.9744,58.78,true
19968,0.4160,243.75,0.9736,58.77,true
20096,0.4187,243.58,0.9705,58.76,true
20224,0.4213,243.48,0.9699,58.76,true
20352,0.4240,242.67,0.9748,58.70,true
20480,0.4267,242.56,0.9759,58.69,true
20608,0.4293,242.47,0.9784,58.68,true
20736,0.4320,242.38,0.9831,58.68,true
20864,0.4347,242.35,0.9830,58.67,true
20992,0.4373,242.32,0.9850,58.67,true
21120,0.4400,242.24,0.9847,58.67,true
21248,0.4427,242.19,0.9834,58.66,true
21376,0.4453,241.44,0.9846,58.61,true
21504,0.4480,241.38,0.9853,58.61,true
21632,0.4507,241.36,0.9859,58.60,true
21760,0.4533,241.30,0.9868,58.60,true
21888,0.4560,241.24,0.9873,58.60,true
22016,0.4587,241.21,0.9882,58.59,true
22144,0.4613,241.25,0.9883,58.60,true
22272,0.4640,241.22,0.9871,58.59,true
22400,0.4667,241.24,0.9866,58.60,true
22528,0.4693,241.19,0.9870,58.59,true
22656,0.4720,241.16,0.9865,58.59,true
22784,0.4747,241.09,0.9868,58.58,true
22912,0.4773,241.04,0.9873,58.58,true
23040,0.4800,241.04,0.9866,58.58,true
23168,0.4827,241.00,0.9851,58.58,true
23296,0.4853,241.00,0.9849,58.58,true
23424,0.4880,240.98,0.9837,58.58,true
23552,0.4907,240.96,0.9823,58.58,true
23680,0.4933,240.24,0.9809,58.52,true
23808,0.4960,240.21,0.9816,58.52,true
23936,0.4987,240.11,0.9818,58.51,true
24064,0.5013,239.96,0.9812,58.50,true
24192,0.5040,239.86,0.9820,58.50,true
24320,0.5067,239.09,0.9819,58.44,true
24448,0.5093,238.93,0.9810,58.43,true
24576,0.5120,238.80,0.9813,58.42,true
24704,0.5147,238.71,0.9823,58.41,true
24832,0.5173,238.64,0.9829,58.41,true
24960,0.5200,238.59,0.9819,58.40,true
25088,0.5227,237.88,0.9796,58.35,true
25216,0.5253,237.82,0.9794,58.35,true
25344,0.5280,237.82,0.9776,58.35,true
25472,0.5307,237.85,0.9773,58.35,true
25600,0.5333,237.83,0.9758,58.35,true
25728,0.5360,237.88,0.9735,58.35,true
25856,0.5387,237.88,0.9716,58.35,true
25984,0.5413,237.84,0.9712,58.35,true
26112,0.5440,238.65,0.9723,58.41,true
26240,0.5467,238.75,0.9730,58.42,true
26368,0.5493,238.71,0.9718,58.41,true
26496,0.5520,238.99,0.9688,58.43,true
26624,0.5547,239.70,0.9709,58.48,true
26752,0.5573,239.76,0.9697,58.49,true
26880,0.5600,239.92,0.9662,58.50,true
27008,0.5627,240.05,0.9660,58.51,true
27136,0.5653,241.08,0.9521,58.58,true
27264,0.5680,241.41,0.9436,58.61,true
27392,0.5707,242.39,0.9517,58.68,true
27520,0.5733,242.64,0.9515,58.70,true
27648,0.5760,243.61,0.9478,58.76,true
27776,0.5787,244.72,0.9529,58.84,true
27904,0.5813,246.03,0.9395,58.94,true
28032,0.5840,247.21,0.9292,59.02,true
28160,0.5867,247.68,0.9174,59.05,true
28288,0.5893,249.98,0.9083,59.21,true
28416,0.5920,251.23,0.9043,59.30,true
28544,0.5947,252.60,0.9387,59.39,true
28672,0.5973,253.75,0.9499,59.47,true
28800,0.6000,254.30,0.9602,59.51,true
28928,0.6027,255.23,0.9676,59.57,true
29056,0.6053,256.38,0.9583,59.65,true
29184,0.6080,256.73,0.9534,59.67,true
29312,0.6107,257.77,0.9540,59.74,true
29440,0.6133,258.15,0.9531,59.77,true
29568,0.6160,259.31,0.9540,59.85,true
29696,0.6187,260.55,0.9558,59.93,true
29824,0.6213,260.96,0.9606,59.96,true
29952,0.6240,262.07,0.9614,60.03,true
30080,0.6267,262.44,0.9556,60.05,true
30208,0.6293,263.43,0.9554,60.12,true
30336,0.6320,263.68,0.9562,60.14,true
30464,0.6347,264.90,0.9585,60.22,true
30592,0.6373,265.19,0.9584,60.23,true
30720,0.6400,265.50,0.9658,60.25,true
30848,0.6427,266.62,0.9679,60.33,true
30976,0.6453,266.79,0.9731,60.34,true
31104,0.6480,266.78,0.9731,60.34,true
31232,0.6507,267.93,0.9664,60.41,true
31360,0.6533,268.19,0.9650,60.43,true
31488,0.6560,268.48,0.9650,60.45,true
31616,0.6587,269.41,0.9683,60.51,true
31744,0.6613,269.75,0.9671,60.53,true
31872,0.6640,270.81,0.9625,60.60,true
32000,0.6667,271.17,0.9642,60.62,true
32128,0.6693,272.36,0.9684,60.70,true
32256,0.6720,271.56,0.9684,60.65,true
32384,0.6747,272.52,0.9759,60.71,true
32512,0.6773,272.55,0.9731,60.71,true
32640,0.6800,272.58,0.9752,60.71,true
32768,0.6827,272.65,0.9747,60.71,true
32896,0.6853,272.60,0.9767,60.71,true
33024,0.6880,272.56,0.9795,60.71,true
33152,0.6907,272.48,0.9786,60.70,true
33280,0.6933,272.51,0.9783,60.71,true
33408,0.6960,272.52,0.9788,60.71,true
33536,0.6987,272.38,0.9791,60.70,true
33664,0.7013,271.57,0.9801,60.65,true
33792,0.7040,271.42,0.9824,60.64,true
33920,0.7067,271.40,0.9828,60.63,true
34048,0.7093,271.23,0.9833,60.62,true
34176,0.7120,270.99,0.9819,60.61,true
34304,0.7147,270.03,0.9830,60.55,true
34432,0.7173,269.76,0.9853,60.53,true
34560,0.7200,269.56,0.9842,60.52,true
34688,0.7227,269.33,0.9841,60.50,true
34816,0.7253,268.38,0.9848,60.44,true
34944,0.7280,268.07,0.9862,60.42,true
35072,0.7307,266.96,0.9828,60.35,true
35200,0.7333,266.77,0.9836,60.34,true
35328,0.7360,266.49,0.9819,60.32,true
35456,0.7387,265.39,0.9826,60.25,true
35584,0.7413,265.12,0.9835,60.23,true
35712,0.7440,264.84,0.9837,60.21,true
35840,0.7467,263.81,0.9831,60.14,true
35968,0.7493,263.57,0.9837,60.13,true
36096,0.7520,263.46,0.9839,60.12,true
36224,0.7547,262.45,0.9826,60.05,true
36352,0.7573,262.19,0.9815,60.04,true
36480,0.7600,262.03,0.9827,60.03,true
36608,0.7627,261.07,0.9841,59.96,true
36736,0.7653,260.92,0.9846,59.95,true
36864,0.7680,260.85,0.9849,59.95,true
36992,0.7707,260.59,0.9827,59.93,true
37120,0.7733,259.59,0.9836,59.86,true
37248,0.7760,259.43,0.9825,59.85,true
37376,0.7787,259.22,0.9839,59.84,true
37504,0.7813,258.30,0.9857,59.78,true
37632,0.7840,258.09,0.9868,59.76,true
37760,0.7867,257.92,0.9885,59.75,true
37888,0.7893,257.87,0.9900,59.75,true
38016,0.7920,257.76,0.9886,59.74,true
38144,0.7947,257.76,0.9872,59.74,true
38272,0.7973,257.77,0.9866,59.74,true
38400,0.8000,257.02,0.9854,59.69,true
38528,0.8027,257.01,0.9840,59.69,true
38656,0.8053,256.99,0.9834,59.69,true
38784,0.8080,256.99,0.9824,59.69,true
38912,0.8107,256.91,0.9814,59.69,true
39040,0.8133,256.90,0.9822,59.68,true
39168,0.8160,256.98,0.9799,59.69,true
39296,0.8187,257.01,0.9795,59.69,true
39424,0.8213,257.79,0.9800,59.74,true
39552,0.8240,257.93,0.9805,59.75,true
39680,0.8267,258.18,0.9789,59.77,true
39808,0.8293,258.37,0.9764,59.78,true
39936,0.8320,259.29,0.9775,59.84,true
40064,0.8347,259.51,0.9820,59.86,true
40192,0.8373,259.63,0.9839,59.87,true
40320,0.8400,260.56,0.9838,59.93,true
40448,0.8427,260.82,0.9843,59.95,true
40576,0.8453,261.00,0.9846,59.96,true
40704,0.8480,261.17,0.9834,59.97,true
40832,0.8507,262.09,0.9821,60.03,true
40960,0.8533,262.26,0.9828,60.04,true
41088,0.8560,262.53,0.9829,60.06,true
41216,0.8587,263.57,0.9786,60.13,true
41344,0.8613,264.06,0.9772,60.16,true
41472,0.8640,264.98,0.9804,60.22,true
41600,0.8667,265.27,0.9787,60.24,true
41728,0.8693,266.44,0.9775,60.32,true
41856,0.8720,266.75,0.9772,60.34,true
41984,0.8747,266.96,0.9778,60.35,true
42112,0.8773,268.11,0.9765,60.42,true
42240,0.8800,268.50,0.9759,60.45,true
42368,0.8827,269.49,0.9782,60.51,true
42496,0.8853,269.84,0.9772,60.54,true
42624,0.8880,271.15,0.9747,60.62,true
42752,0.8907,271.51,0.9713,60.64,true
42880,0.8933,272.50,0.9726,60.71,true
43008,0.8960,272.72,0.9758,60.72,true
43136,0.8987,273.08,0.9735,60.74,true
43264,0.9013,274.18,0.9751,60.81,true
43392,0.9040,274.27,0.9761,60.82,true
43520,0.9067,274.65,0.9745,60.84,true
43648,0.9093,275.67,0.9753,60.91,true
43776,0.9120,275.83,0.9773,60.92,true
43904,0.9147,275.96,0.9806,60.92,true
44032,0.9173,276.24,0.9831,60.94,true
44160,0.9200,277.24,0.9841,61.00,true
44288,0.9227,277.42,0.9856,61.01,true
44416,0.9253,277.59,0.9874,61.03,true
44544,0.9280,277.69,0.9879,61.03,true
44672,0.9307,277.76,0.9871,61.04,true
44800,0.9333,277.76,0.9873,61.04,true
44928,0.9360,277.75,0.9875,61.04,true
45056,0.9387,277.72,0.9871,61.03,true
45184,0.9413,277.50,0.9859,61.02,true
45312,0.9440,277.36,0.9865,61.01,true
45440,0.9467,277.06,0.9832,60.99,true
45568,0.9493,275.92,0.9840,60.92,true
45696,0.9520,275.71,0.9866,60.91,true
45824,0.9547,275.66,0.9865,60.90,true
45952,0.9573,274.56,0.9866,60.84,true
46080,0.9600,274.27,0.9878,60.82,true
46208,0.9627,274.06,0.9862,60.80,true
46336,0.9653,273.91,0.9851,60.79,true
46464,0.9680,272.79,0.9860,60.72,true
46592,0.9707,272.51,0.9822,60.71,true
46720,0.9733,271.57,0.9830,60.65,true
46848,0.9760,271.31,0.9862,60.63,true
46976,0.9787,271.03,0.9856,60.61,true
47104,0.9813,270.82,0.9845,60.60,true
47232,0.9840,269.90,0.9873,60.54,true
47360,0.9867,269.70,0.9874,60.53,true
47488,0.9893,269.41,0.9844,60.51,true
47616,0.9920,268.53,0.9831,60.45,true
47744,0.9947,268.28,0.9794,60.44,true
47872,0.9973,267.91,0.9730,60.41,true
48000,1.0000,266.80,0.9695,60.34,true
48128,1.0027,266.44,0.9663,60.32,true
48256,1.0053,265.21,0.9661,60.24,true
48384,1.0080,264.00,0.9708,60.16,true
48512,1.0107,263.73,0.9762,60.14,true
48640,1.0133,263.54,0.9781,60.13,true
48768,1.0160,262.50,0.9801,60.06,true
48896,1.0187,262.35,0.9819,60.05,true
49024,1.0213,262.13,0.9813,60.03,true
49152,1.0240,261.21,0.9756,59.97,true
49280,1.0267,261.04,0.9762,59.96,true
49408,1.0293,260.82,0.9780,59.95,true
49536,1.0320,260.61,0.9755,59.93,true
49664,1.0347,259.67,0.9740,59.87,true
49792,1.0373,259.30,0.9740,59.85,true
49920,1.0400,258.40,0.9737,59.79,true
50048,1.0427,258.16,0.9741,59.77,true
50176,1.0453,258.11,0.9742,59.77,true
50304,1.0480,258.02,0.9767,59.76,true
50432,1.0507,257.87,0.9769,59.75,true
50560,1.0533,257.81,0.9779,59.75,true
50688,1.0560,257.76,0.9802,59.74,true
50816,1.0587,257.00,0.9802,59.69,true
50944,1.0613,256.94,0.9800,59.69,true
51072,1.0640,256.96,0.9794,59.69,true
51200,1.0667,257.02,0.9762,59.69,true
51328,1.0693,257.00,0.9732,59.69,true
51456,1.0720,257.80,0.9727,59.74,true
51584,1.0747,257.88,0.9693,59.75,true
51712,1.0773,257.93,0.9663,59.75,true
51840,1.0800,258.08,0.9694,59.76,true
51968,1.0827,258.24,0.9706,59.77,true
52096,1.0853,259.17,0.9730,59.84,true
52224,1.0880,259.28,0.9758,59.84,true
52352,1.0907,259.46,0.9775,59.86,true
52480,1.0933,259.77,0.9739,59.88,true
52608,1.0960,260.56,0.9750,59.93,true
52736,1.0987,260.83,0.9776,59.95,true
52864,1.1013,261.11,0.9783,59.97,true
52992,1.1040,261.96,0.9797,60.02,true
53120,1.1067,262.10,0.9816,60.03,true
53248,1.1093,262.32,0.9820,60.05,true
53376,1.1120,262.59,0.9795,60.06,true
53504,1.1147,263.44,0.9796,60.12,true
53632,1.1173,263.63,0.9788,60.13,true
53760,1.1200,263.84,0.9796,60.15,true
53888,1.1227,263.93,0.9805,60.15,true
54016,1.1253,264.85,0.9817,60.21,true
54144,1.1280,265.06,0.9830,60.23,true
54272,1.1307,265.27,0.9841,60.24,true
54400,1.1333,265.44,0.9833,60.25,true
54528,1.1360,266.43,0.9827,60.32,true
54656,1.1387,266.68,0.9835,60.33,true
54784,1.1413,266.92,0.9834,60.35,true
54912,1.1440,267.90,0.9837,60.41,true
55040,1.1467,268.15,0.9839,60.43,true
55168,1.1493,268.30,0.9821,60.44,true
55296,1.1520,268.52,0.9796,60.45,true
55424,1.1547,269.50,0.9791,60.51,true
55552,1.1573,269.74,0.9777,60.53,true
55680,1.1600,269.94,0.9794,60.54,true
55808,1.1627,270.04,0.9794,60.55,true
55936,1.1653,271.04,0.9789,60.61,true
56064,1.1680,271.29,0.9811,60.63,true
56192,1.1707,271.39,0.9816,60.63,true
56320,1.1733,272.36,0.9803,60.70,true
56448,1.1760,272.40,0.9833,60.70,true
56576,1.1787,272.50,0.9852,60.71,true
56704,1.1813,272.53,0.9873,60.71,true
56832,1.1840,272.55,0.9876,60.71,true
56960,1.1867,272.55,0.9887,60.71,true
57088,1.1893,272.62,0.9901,60.71,true
57216,1.1920,272.72,0.9900,60.72,true
57344,1.1947,272.66,0.9902,60.72,true
57472,1.1973,272.68,0.9901,60.72,true
57600,1.2000,272.69,0.9898,60.72,true
57728,1.2027,272.67,0.9889,60.72,true
57856,1.2053,272.69,0.9889,60.72,true
57984,1.2080,272.61,0.9874,60.71,true
58112,1.2107,272.61,0.9879,60.71,true
58240,1.2133,272.47,0.9880,60.70,true
58368,1.2160,272.40,0.9858,60.70,true
58496,1.2187,271.54,0.9846,60.64,true
58624,1.2213,271.38,0.9852,60.63,true
58752,1.2240,271.19,0.9852,60.62,true
58880,1.2267,271.06,0.9844,60.61,true
59008,1.2293,270.94,0.9838,60.61,true
59136,1.2320,269.95,0.9835,60.54,true
59264,1.2347,269.74,0.9851,60.53,true
59392,1.2373,269.67,0.9858,60.52,true
59520,1.2400,269.55,0.9865,60.52,true
59648,1.2427,269.39,0.9849,60.51,true
59776,1.2453,268.44,0.9847,60.45,true
59904,1.2480,268.28,0.9855,60.43,true
60032,1.2507,268.07,0.9840,60.42,true
60160,1.2533,267.91,0.9830,60.41,true
60288,1.2560,267.80,0.9825,60.40,true
60416,1.2587,266.87,0.9838,60.34,true
60544,1.2613,266.69,0.9849,60.33,true
60672,1.2640,266.57,0.9858,60.32,true
60800,1.2667,266.42,0.9851,60.31,true
60928,1.2693,266.31,0.9836,60.31,true
61056,1.2720,265.42,0.9829,60.25,true
61184,1.2747,265.26,0.9850,60.24,true
61312,1.2773,265.16,0.9862,60.23,true
61440,1.2800,265.04,0.9865,60.22,true
61568,1.2827,264.92,0.9855,60.22,true
61696,1.2853,264.85,0.9858,60.21,true
61824,1.2880,263.99,0.9867,60.16,true
61952,1.2907,263.92,0.9868,60.15,true
62080,1.2933,263.91,0.9879,60.15,true
62208,1.2960,263.88,0.9887,60.15,true
62336,1.2987,263.83,0.9896,60.14,true
62464,1.3013,263.79,0.9894,60.14,true
62592,1.3040,263.68,0.9895,60.14,true
62720,1.3067,263.61,0.9891,60.13,true
62848,1.3093,263.59,0.9886,60.13,true
62976,1.3120,263.55,0.9889,60.13,true
63104,1.3147,263.55,0.9879,60.13,true
63232,1.3173,263.54,0.9870,60.13,true
63360,1.3200,263.53,0.9864,60.13,true
63488,1.3227,263.56,0.9866,60.13,true
63616,1.3253,263.68,0.9879,60.14,true
63744,1.3280,263.73,0.9880,60.14,true
63872,1.3307,263.70,0.9886,60.14,true
64000,1.3333,263.74,0.9883,60.14,true
64128,1.3360,263.84,0.9880,60.15,true
64256,1.3387,263.90,0.9882,60.15,true
64384,1.3413,263.99,0.9876,60.16,true
64512,1.3440,264.88,0.9871,60.21,true
64640,1.3467,264.95,0.9872,60.22,true
64768,1.3493,265.10,0.9881,60.23,true
64896,1.3520,265.41,0.9882,60.25,true
65024,1.3547,265.55,0.9883,60.26,true
65152,1.3573,266.41,0.9882,60.31,true
65280,1.3600,266.62,0.9873,60.33,true
65408,1.3627,267.79,0.9852,60.40,true
65536,1.3653,267.96,0.9857,60.41,true
65664,1.3680,268.06,0.9845,60.42,true
65792,1.3707,268.31,0.9822,60.44,true
65920,1.3733,269.31,0.9794,60.50,true
66048,1.3760,269.57,0.9790,60.52,true
66176,1.3787,269.81,0.9785,60.53,true
66304,1.3813,270.02,0.9771,60.55,true
66432,1.3840,270.88,0.9769,60.60,true
66560,1.3867,271.04,0.9777,60.61,true
66688,1.3893,271.28,0.9812,60.63,true
66816,1.3920,271.37,0.9820,60.63,true
66944,1.3947,271.43,0.9823,60.64,true
67072,1.3973,271.56,0.9812,60.65,true
67200,1.4000,272.51,0.9824,60.71,true
67328,1.4027,272.73,0.9843,60.72,true
67456,1.4053,272.81,0.9860,60.72,true
67584,1.4080,272.97,0.9858,60.73,true
67712,1.4107,273.11,0.9854,60.74,true
67840,1.4133,274.10,0.9870,60.81,true
67968,1.4160,274.25,0.9887,60.82,true
68096,1.4187,274.35,0.9885,60.82,true
68224,1.4213,274.49,0.9881,60.83,true
68352,1.4240,274.55,0.9870,60.83,true
68480,1.4267,274.61,0.9865,60.84,true
68608,1.4293,275.53,0.9855,60.90,true
68736,1.4320,275.65,0.9853,60.90,true
68864,1.4347,275.71,0.9865,60.91,true
68992,1.4373,275.73,0.9868,60.91,true
69120,1.4400,275.82,0.9875,60.91,true
69248,1.4427,275.83,0.9876,60.92,true
69376,1.4453,275.80,0.9885,60.91,true
69504,1.4480,275.81,0.9878,60.91,true
69632,1.4507,275.68,0.9867,60.91,true
69760,1.4533,275.50,0.9867,60.89,true
69888,1.4560,274.66,0.9876,60.84,true
70016,1.4587,274.51,0.9871,60.83,true
70144,1.4613,274.28,0.9870,60.82,true
70272,1.4640,274.23,0.9876,60.81,true
70400,1.4667,274.12,0.9876,60.81,true
70528,1.4693,273.10,0.9859,60.74,true
70656,1.4720,272.95,0.9865,60.73,true
70784,1.4747,272.78,0.9880,60.72,true
70912,1.4773,272.54,0.9871,60.71,true
71040,1.4800,272.35,0.9846,60.70,true
71168,1.4827,271.43,0.9852,60.64,true
71296,1.4853,271.22,0.9859,60.62,true
71424,1.4880,270.86,0.9823,60.60,true
71552,1.4907,269.80,0.9817,60.53,true
71680,1.4933,269.58,0.9822,60.52,true
71808,1.4960,268.41,0.9776,60.44,true
71936,1.4987,268.04,0.9748,60.42,true
72064,1.5013,267.79,0.9728,60.40,true
72192,1.5040,266.80,0.9746,60.34,true
72320,1.5067,266.46,0.9752,60.32,true
72448,1.5093,265.47,0.9764,60.25,true
72576,1.5120,265.23,0.9810,60.24,true
72704,1.5147,265.11,0.9838,60.23,true
72832,1.5173,264.95,0.9836,60.22,true
72960,1.5200,264.94,0.9825,60.22,true
73088,1.5227,264.89,0.9832,60.21,true
73216,1.5253,264.03,0.9829,60.16,true
73344,1.5280,263.89,0.9809,60.15,true
73472,1.5307,263.74,0.9811,60.14,true
73600,1.5333,263.59,0.9794,60.13,true
73728,1.5360,263.48,0.9774,60.12,true
73856,1.5387,263.41,0.9776,60.12,true
73984,1.5413,262.54,0.9798,60.06,true
74112,1.5440,262.44,0.9810,60.05,true
74240,1.5467,262.39,0.9818,60.05,true
74368,1.5493,262.40,0.9819,60.05,true
74496,1.5520,262.35,0.9800,60.05,true
74624,1.5547,262.25,0.9802,60.04,true
74752,1.5573,262.16,0.9822,60.04,true
74880,1.5600,262.07,0.9825,60.03,true
75008,1.5627,262.02,0.9821,60.03,true
75136,1.5653,261.21,0.9831,59.97,true
75264,1.5680,262.09,0.9832,60.03,true
75392,1.5707,262.15,0.9842,60.03,true
75520,1.5733,262.22,0.9866,60.04,true
75648,1.5760,262.37,0.9885,60.05,true
75776,1.5787,262.48,0.9882,60.06,true
75904,1.5813,262.57,0.9885,60.06,true
76032,1.5840,262.62,0.9894,60.07,true
76160,1.5867,263.47,0.9895,60.12,true
76288,1.5893,263.46,0.9896,60.12,true
76416,1.5920,263.50,0.9905,60.12,true
76544,1.5947,263.57,0.9907,60.13,true
76672,1.5973,263.58,0.9896,60.13,true
76800,1.6000,263.63,0.9900,60.13,true
76928,1.6027,263.79,0.9899,60.14,true
77056,1.6053,263.93,0.9899,60.15,true
77184,1.6080,264.03,0.9891,60.16,true
77312,1.6107,264.92,0.9889,60.22,true
77440,1.6133,265.05,0.9881,60.23,true
77568,1.6160,265.28,0.9868,60.24,true
77696,1.6187,265.37,0.9880,60.25,true
77824,1.6213,265.55,0.9860,60.26,true
77952,1.6240,266.57,0.9851,60.32,true
78080,1.6267,266.82,0.9833,60.34,true
78208,1.6293,267.03,0.9828,60.35,true
78336,1.6320,268.03,0.9811,60.42,true
78464,1.6347,268.33,0.9829,60.44,true
78592,1.6373,269.34,0.9825,60.50,true
78720,1.6400,269.63,0.9808,60.52,true
78848,1.6427,270.86,0.9810,60.60,true
78976,1.6453,271.09,0.9827,60.62,true
79104,1.6480,271.24,0.9845,60.62,true
79232,1.6507,271.30,0.9842,60.63,true
79360,1.6533,271.47,0.9826,60.64,true
79488,1.6560,272.39,0.9826,60.70,true
79616,1.6587,272.45,0.9843,60.70,true
79744,1.6613,272.68,0.9852,60.72,true
79872,1.6640,272.86,0.9851,60.73,true
80000,1.6667,272.95,0.9852,60.73,true
80128,1.6693,273.91,0.9853,60.79,true
80256,1.6720,274.24,0.9854,60.82,true
80384,1.6747,274.47,0.9846,60.83,true
80512,1.6773,274.67,0.9835,60.84,true
80640,1.6800,275.77,0.9858,60.91,true
80768,1.6827,276.03,0.9860,60.93,true
80896,1.6853,276.25,0.9854,60.94,true
81024,1.6880,277.07,0.9846,60.99,true
81152,1.6907,277.52,0.9842,61.02,true
81280,1.6933,277.72,0.9828,61.03,true
81408,1.6960,277.80,0.9810,61.04,true
81536,1.6987,278.70,0.9819,61.09,true
81664,1.7013,278.85,0.9850,61.10,true
81792,1.7040,278.79,0.9844,61.10,true
81920,1.7067,278.75,0.9854,61.10,true
82048,1.7093,278.77,0.9876,61.10,true
82176,1.7120,277.83,0.9870,61.04,true
82304,1.7147,277.75,0.9881,61.04,true
82432,1.7173,277.69,0.9892,61.03,true
82560,1.7200,277.48,0.9892,61.02,true
82688,1.7227,277.20,0.9885,61.00,true
82816,1.7253,277.10,0.9883,61.00,true
82944,1.7280,276.12,0.9889,60.93,true
83072,1.7307,275.86,0.9894,60.92,true
83200,1.7333,275.62,0.9885,60.90,true
83328,1.7360,274.66,0.9887,60.84,true
83456,1.7387,274.57,0.9892,60.84,true
83584,1.7413,274.36,0.9892,60.82,true
83712,1.7440,274.22,0.9886,60.81,true
83840,1.7467,274.03,0.9871,60.80,true
83968,1.7493,273.10,0.9866,60.74,true
84096,1.7520,272.89,0.9885,60.73,true
84224,1.7547,272.78,0.9891,60.72,true
84352,1.7573,272.72,0.9895,60.72,true
84480,1.7600,272.54,0.9894,60.71,true
84608,1.7627,271.50,0.9880,60.64,true
84736,1.7653,271.40,0.9885,60.64,true
84864,1.7680,271.31,0.9895,60.63,true
84992,1.7707,271.16,0.9886,60.62,true
85120,1.7733,270.88,0.9861,60.60,true
85248,1.7760,269.94,0.9882,60.54,true
85376,1.7787,269.80,0.9886,60.53,true
85504,1.7813,269.56,0.9860,60.52,true
85632,1.7840,269.37,0.9831,60.50,true
85760,1.7867,268.49,0.9801,60.45,true
85888,1.7893,268.24,0.9811,60.43,true
86016,1.7920,267.87,0.9786,60.41,true
86144,1.7947,266.95,0.9769,60.35,true
86272,1.7973,266.79,0.9783,60.34,true
86400,1.8000,266.55,0.9835,60.32,true
86528,1.8027,266.47,0.9844,60.32,true
86656,1.8053,266.39,0.9841,60.31,true
86784,1.8080,266.31,0.9851,60.31,true
86912,1.8107,265.37,0.9858,60.25,true
87040,1.8133,265.34,0.9860,60.24,true
87168,1.8160,265.20,0.9863,60.23,true
87296,1.8187,265.09,0.9861,60.23,true
87424,1.8213,265.01,0.9846,60.22,true
87552,1.8240,264.90,0.9845,60.22,true
87680,1.8267,264.03,0.9838,60.16,true
87808,1.8293,263.95,0.9843,60.15,true
87936,1.8320,263.86,0.9847,60.15,true
88064,1.8347,263.81,0.9851,60.14,true
88192,1.8373,263.93,0.9851,60.15,true
88320,1.8400,263.99,0.9851,60.16,true
88448,1.8427,264.01,0.9855,60.16,true
88576,1.8453,263.94,0.9855,60.15,true
88704,1.8480,264.01,0.9855,60.16,true
88832,1.8507,264.02,0.9861,60.16,true
88960,1.8533,264.10,0.9859,60.16,true
89088,1.8560,264.05,0.9851,60.16,true
89216,1.8587,263.95,0.9848,60.15,true
89344,1.8613,264.89,0.9834,60.21,true
89472,1.8640,264.91,0.9825,60.22,true
89600,1.8667,265.08,0.9828,60.23,true
89728,1.8693,265.25,0.9815,60.24,true
89856,1.8720,265.39,0.9792,60.25,true
89984,1.8747,265.52,0.9761,60.26,true
90112,1.8773,266.48,0.9784,60.32,true
90240,1.8800,266.63,0.9791,60.33,true
90368,1.8827,266.91,0.9771,60.35,true
90496,1.8853,267.85,0.9783,60.41,true
90624,1.8880,268.02,0.9785,60.42,true
90752,1.8907,268.28,0.9789,60.44,true
90880,1.8933,268.41,0.9794,60.44,true
91008,1.8960,268.44,0.9797,60.44,true
91136,1.8987,269.32,0.9802,60.50,true
91264,1.9013,269.67,0.9809,60.52,true
91392,1.9040,269.88,0.9814,60.54,true
91520,1.9067,269.99,0.9813,60.54,true
91648,1.9093,270.86,0.9820,60.60,true
91776,1.9120,271.15,0.9803,60.62,true
91904,1.9147,271.30,0.9802,60.63,true
92032,1.9173,271.43,0.9800,60.64,true
92160,1.9200,272.60,0.9803,60.71,true
92288,1.9227,272.90,0.9799,60.73,true
92416,1.9253,273.08,0.9802,60.74,true
92544,1.9280,274.12,0.9802,60.81,true
92672,1.9307,274.22,0.9810,60.81,true
92800,1.9333,274.34,0.9811,60.82,true
92928,1.9360,274.48,0.9812,60.83,true
93056,1.9387,275.48,0.9826,60.89,true
93184,1.9413,275.59,0.9822,60.90,true
93312,1.9440,275.60,0.9825,60.90,true
93440,1.9467,275.62,0.9842,60.90,true
93568,1.9493,275.64,0.9842,60.90,true
93696,1.9520,275.77,0.9845,60.91,true
93824,1.9547,275.80,0.9854,60.91,true
93952,1.9573,275.75,0.9860,60.91,true
94080,1.9600,275.86,0.9848,60.92,true
94208,1.9627,275.83,0.9857,60.92,true
94336,1.9653,275.86,0.9866,60.92,true
94464,1.9680,275.84,0.9862,60.92,true
94592,1.9707,275.80,0.9875,60.91,true
94720,1.9733,275.70,0.9876,60.91,true
94848,1.9760,275.65,0.9876,60.90,true
94976,1.9787,275.60,0.9873,60.90,true
95104,1.9813,275.50,0.9884,60.89,true
95232,1.9840,274.60,0.9891,60.84,true
95360,1.9867,274.56,0.9897,60.84,true
95488,1.9893,274.56,0.9894,60.84,true
95616,1.9920,274.53,0.9899,60.83,true
95744,1.9947,274.50,0.9902,60.83,true
95872,1.9973,274.35,0.9894,60.82,true
96000,2.0000,274.24,0.9892,60.82,true
96128,2.0027,274.15,0.9891,60.81,true
96256,2.0053,274.07,0.9892,60.80,true
96384,2.0080,273.91,0.9877,60.79,true
96512,2.0107,272.93,0.9889,60.73,true
96640,2.0133,272.81,0.9903,60.72,true
96768,2.0160,272.74,0.9917,60.72,true
96896,2.0187,272.64,0.9913,60.71,true
97024,2.0213,272.46,0.9871,60.70,true
97152,2.0240,271.55,0.9849,60.64,true
97280,2.0267,271.36,0.9861,60.63,true
97408,2.0293,271.11,0.9844,60.62,true
97536,2.0320,270.89,0.9820,60.60,true
97664,2.0347,269.88,0.9833,60.54,true
97792,2.0373,269.51,0.9778,60.51,true
97920,2.0400,268.39,0.9780,60.44,true
98048,2.0427,268.25,0.9782,60.43,true
98176,2.0453,267.97,0.9749,60.41,true
98304,2.0480,266.78,0.9769,60.34,true
98432,2.0507,266.51,0.9781,60.32,true
98560,2.0533,265.52,0.9780,60.26,true
98688,2.0560,265.22,0.9847,60.24,true
98816,2.0587,264.97,0.9870,60.22,true
98944,2.0613,264.09,0.9880,60.16,true
99072,2.0640,263.99,0.9893,60.16,true
99200,2.0667,263.85,0.9886,60.15,true
99328,2.0693,263.76,0.9877,60.14,true
99456,2.0720,263.53,0.9864,60.13,true
99584,2.0747,262.64,0.9857,60.07,true
99712,2.0773,262.43,0.9876,60.05,true
99840,2.0800,262.28,0.9888,60.04,true
99968,2.0827,262.13,0.9899,60.03,true
100096,2.0853,262.03,0.9904,60.03,true
100224,2.0880,261.95,0.9903,60.02,true
100352,2.0907,261.11,0.9909,59.97,true
100480,2.0933,261.02,0.9905,59.96,true
100608,2.0960,260.97,0.9903,59.96,true
100736,2.0987,260.89,0.9907,59.95,true
100864,2.1013,260.76,0.9900,59.94,true
100992,2.1040,260.72,0.9892,59.94,true
101120,2.1067,260.69,0.9896,59.94,true
101248,2.1093,260.73,0.9897,59.94,true
101376,2.1120,260.82,0.9905,59.95,true
101504,2.1147,260.95,0.9910,59.96,true
101632,2.1173,260.95,0.9911,59.96,true
101760,2.1200,261.05,0.9899,59.96,true
101888,2.1227,261.16,0.9904,59.97,true
102016,2.1253,261.17,0.9907,59.97,true
102144,2.1280,261.21,0.9900,59.97,true
102272,2.1307,262.00,0.9905,60.02,true
102400,2.1333,262.06,0.9912,60.03,true
102528,2.1360,262.07,0.9904,60.03,true
102656,2.1387,262.27,0.9906,60.04,true
102784,2.1413,262.34,0.9912,60.05,true
102912,2.1440,262.34,0.9915,60.05,true
103040,2.1467,262.47,0.9909,60.06,true
103168,2.1493,262.55,0.9890,60.06,true
103296,2.1520,262.62,0.9870,60.07,true
103424,2.1547,263.45,0.9863,60.12,true
103552,2.1573,263.54,0.9859,60.13,true
103680,2.1600,263.53,0.9870,60.13,true
103808,2.1627,263.66,0.9873,60.13,true
103936,2.1653,263.84,0.9867,60.15,true
104064,2.1680,263.93,0.9870,60.15,true
104192,2.1707,263.98,0.9874,60.15,true
104320,2.1733,264.93,0.9879,60.22,true
104448,2.1760,265.01,0.9887,60.22,true
104576,2.1787,265.14,0.9904,60.23,true
104704,2.1813,265.30,0.9903,60.24,true
104832,2.1840,265.54,0.9888,60.26,true
104960,2.1867,266.37,0.9872,60.31,true
105088,2.1893,266.63,0.9858,60.33,true
105216,2.1920,266.96,0.9845,60.35,true
105344,2.1947,267.86,0.9841,60.41,true
105472,2.1973,268.07,0.9832,60.42,true
105600,2.2000,268.39,0.9823,60.44,true
105728,2.2027,269.52,0.9843,60.51,true
105856,2.2053,269.68,0.9830,60.52,true
105984,2.2080,269.87,0.9824,60.54,true
106112,2.2107,270.82,0.9820,60.60,true
106240,2.2133,271.01,0.9827,60.61,true
106368,2.2160,271.05,0.9837,60.61,true
106496,2.2187,271.15,0.9846,60.62,true
106624,2.2213,271.18,0.9851,60.62,true
106752,2.2240,271.17,0.9858,60.62,true
106880,2.2267,271.22,0.9876,60.62,true
107008,2.2293,271.18,0.9891,60.62,true
107136,2.2320,271.18,0.9902,60.62,true
107264,2.2347,271.13,0.9911,60.62,true
107392,2.2373,271.07,0.9914,60.61,true
107520,2.2400,270.99,0.9913,60.61,true
107648,2.2427,270.97,0.9911,60.61,true
107776,2.2453,270.92,0.9904,60.60,true
107904,2.2480,270.00,0.9897,60.55,true
108032,2.2507,269.90,0.9904,60.54,true
108160,2.2533,269.84,0.9906,60.53,true
108288,2.2560,269.77,0.9892,60.53,true
108416,2.2587,269.59,0.9872,60.52,true
108544,2.2613,269.44,0.9859,60.51,true
108672,2.2640,268.48,0.9853,60.45,true
108800,2.2667,268.34,0.9865,60.44,true
108928,2.2693,268.20,0.9882,60.43,true
109056,2.2720,268.04,0.9876,60.42,true
109184,2.2747,267.92,0.9881,60.41,true
109312,2.2773,267.88,0.9888,60.41,true
109440,2.2800,267.87,0.9890,60.41,true
109568,2.2827,267.78,0.9887,60.40,true
109696,2.2853,267.00,0.9889,60.35,true
109824,2.2880,266.91,0.9904,60.35,true
109952,2.2907,266.86,0.9910,60.34,true
110080,2.2933,266.87,0.9913,60.34,true
110208,2.2960,266.76,0.9905,60.34,true
110336,2.2987,266.66,0.9911,60.33,true
110464,2.3013,266.52,0.9916,60.32,true
110592,2.3040,266.47,0.9920,60.32,true
110720,2.3067,266.42,0.9925,60.31,true
110848,2.3093,266.38,0.9925,60.31,true
110976,2.3120,265.43,0.9917,60.25,true
111104,2.3147,265.30,0.9922,60.24,true
111232,2.3173,265.29,0.9930,60.24,true
111360,2.3200,265.29,0.9931,60.24,true
111488,2.3227,265.13,0.9917,60.23,true
111616,2.3253,265.03,0.9908,60.22,true
111744,2.3280,264.93,0.9906,60.22,true
111872,2.3307,264.02,0.9907,60.16,true
112000,2.3333,264.03,0.9900,60.16,true
112128,2.3360,264.01,0.9896,60.16,true
112256,2.3387,263.94,0.9892,60.15,true
112384,2.3413,263.85,0.9902,60.15,true
112512,2.3440,263.91,0.9896,60.15,true
112640,2.3467,263.81,0.9905,60.14,true
112768,2.3493,263.78,0.9909,60.14,true
112896,2.3520,263.73,0.9908,60.14,true
113024,2.3547,263.60,0.9904,60.13,true
113152,2.3573,263.61,0.9900,60.13,true
113280,2.3600,263.65,0.9893,60.13,true
113408,2.3627,263.62,0.9884,60.13,true
113536,2.3653,263.63,0.9878,60.13,true
113664,2.3680,263.61,0.9860,60.13,true
113792,2.3707,263.56,0.9837,60.13,true
113920,2.3733,263.63,0.9845,60.13,true
114048,2.3760,263.70,0.9856,60.14,true
114176,2.3787,263.73,0.9864,60.14,true
114304,2.3813,263.74,0.9879,60.14,true
114432,2.3840,263.80,0.9889,60.14,true
114560,2.3867,263.88,0.9894,60.15,true
114688,2.3893,263.98,0.9910,60.16,true
114816,2.3920,264.07,0.9921,60.16,true
114944,2.3947,264.88,0.9929,60.21,true
115072,2.3973,265.04,0.9935,60.22,true
115200,2.4000,265.11,0.9940,60.23,true
115328,2.4027,265.22,0.9935,60.24,true
115456,2.4053,265.36,0.9927,60.25,true
115584,2.4080,265.43,0.9926,60.25,true
115712,2.4107,265.54,0.9917,60.26,true
115840,2.4133,266.41,0.9913,60.31,true
115968,2.4160,266.53,0.9917,60.32,true
116096,2.4187,266.64,0.9919,60.33,true
116224,2.4213,266.83,0.9904,60.34,true
116352,2.4240,267.03,0.9895,60.35,true
116480,2.4267,267.87,0.9900,60.41,true
116608,2.4293,267.97,0.9902,60.41,true
116736,2.4320,268.21,0.9898,60.43,true
116864,2.4347,268.39,0.9885,60.44,true
116992,2.4373,269.32,0.9891,60.50,true
117120,2.4400,269.46,0.9889,60.51,true
117248,2.4427,269.55,0.9876,60.52,true
117376,2.4453,269.62,0.9871,60.52,true
117504,2.4480,269.69,0.9877,60.53,true
117632,2.4507,269.78,0.9882,60.53,true
117760,2.4533,269.78,0.9886,60.53,true
117888,2.4560,269.76,0.9900,60.53,true
118016,2.4587,269.84,0.9895,60.54,true
118144,2.4613,270.02,0.9885,60.55,true
118272,2.4640,270.84,0.9897,60.60,true
118400,2.4667,270.84,0.9905,60.60,true
118528,2.4693,270.98,0.9915,60.61,true
118656,2.4720,271.02,0.9917,60.61,true
118784,2.4747,271.08,0.9919,60.61,true
118912,2.4773,271.17,0.9924,60.62,true
119040,2.4800,271.19,0.9919,60.62,true
119168,2.4827,271.16,0.9918,60.62,true
119296,2.4853,271.17,0.9923,60.62,true
119424,2.4880,271.16,0.9931,60.62,true
119552,2.4907,271.03,0.9927,60.61,true
119680,2.4933,270.99,0.9930,60.61,true
119808,2.4960,270.97,0.9934,60.61,true
119936,2.4987,270.04,0.9922,60.55,true
120064,2.5013,270.81,0.9921,60.60,true
120192,2.5040,270.02,0.9925,60.55,true
120320,2.5067,269.88,0.9924,60.54,true
120448,2.5093,269.81,0.9923,60.53,true
120576,2.5120,269.84,0.9919,60.54,true
120704,2.5147,269.84,0.9919,60.53,true
120832,2.5173,269.70,0.9918,60.53,true
120960,2.5200,269.68,0.9920,60.52,true
121088,2.5227,269.64,0.9930,60.52,true
121216,2.5253,269.49,0.9935,60.51,true
121344,2.5280,269.55,0.9936,60.52,true
121472,2.5307,269.53,0.9934,60.52,true
121600,2.5333,269.36,0.9923,60.50,true
121728,2.5360,269.32,0.9920,60.50,true
121856,2.5387,268.51,0.9918,60.45,true
121984,2.5413,268.45,0.9921,60.45,true
122112,2.5440,268.33,0.9928,60.44,true
122240,2.5467,268.24,0.9919,60.43,true
122368,2.5493,268.13,0.9929,60.42,true
122496,2.5520,268.06,0.9930,60.42,true
122624,2.5547,267.97,0.9918,60.42,true
122752,2.5573,267.01,0.9921,60.35,true
122880,2.5600,266.93,0.9921,60.35,true
123008,2.5627,266.77,0.9925,60.34,true
123136,2.5653,266.51,0.9927,60.32,true
123264,2.5680,266.41,0.9927,60.31,true
123392,2.5707,265.53,0.9926,60.26,true
123520,2.5733,265.36,0.9937,60.25,true
123648,2.5760,265.23,0.9936,60.24,true
123776,2.5787,265.11,0.9938,60.23,true
123904,2.5813,265.00,0.9936,60.22,true
124032,2.5840,264.09,0.9929,60.16,true
124160,2.5867,263.99,0.9934,60.16,true
124288,2.5893,263.81,0.9935,60.14,true
124416,2.5920,263.66,0.9932,60.13,true
124544,2.5947,263.59,0.9937,60.13,true
124672,2.5973,263.47,0.9937,60.12,true
124800,2.6000,262.63,0.9931,60.07,true
124928,2.6027,262.49,0.9945,60.06,true
125056,2.6053,262.40,0.9949,60.05,true
125184,2.6080,262.35,0.9948,60.05,true
125312,2.6107,262.30,0.9946,60.04,true
125440,2.6133,262.26,0.9948,60.04,true
125568,2.6160,262.20,0.9950,60.04,true
125696,2.6187,262.21,0.9949,60.04,true
125824,2.6213,262.17,0.9945,60.04,true
125952,2.6240,262.08,0.9941,60.03,true
126080,2.6267,262.10,0.9941,60.03,true
126208,2.6293,262.14,0.9941,60.03,true
126336,2.6320,262.20,0.9944,60.04,true
126464,2.6347,262.20,0.9945,60.04,true
126592,2.6373,262.25,0.9944,60.04,true
126720,2.6400,262.29,0.9944,60.04,true
126848,2.6427,262.45,0.9943,60.05,true
126976,2.6453,262.62,0.9947,60.07,true
127104,2.6480,263.43,0.9948,60.12,true
127232,2.6507,263.47,0.9952,60.12,true
127360,2.6533,263.58,0.9950,60.13,true
127488,2.6560,263.76,0.9956,60.14,true
127616,2.6587,263.90,0.9954,60.15,true
127744,2.6613,263.99,0.9952,60.16,true
127872,2.6640,264.04,0.9946,60.16,true
128000,2.6667,264.09,0.9944,60.16,true
128128,2.6693,264.88,0.9941,60.21,true
128256,2.6720,265.13,0.9941,60.23,true
128384,2.6747,265.25,0.9939,60.24,true
128512,2.6773,265.31,0.9941,60.24,true
128640,2.6800,265.37,0.9941,60.25,true
128768,2.6827,266.30,0.9926,60.31,true
128896,2.6853,266.45,0.9932,60.32,true
129024,2.6880,266.64,0.9921,60.33,true
129152,2.6907,266.79,0.9924,60.34,true
129280,2.6933,266.84,0.9913,60.34,true
129408,2.6960,266.94,0.9900,60.35,true
129536,2.6987,267.82,0.9882,60.41,true
129664,2.7013,268.06,0.9886,60.42,true
129792,2.7040,268.12,0.9873,60.42,true
129920,2.7067,268.03,0.9867,60.42,true
130048,2.7093,267.98,0.9868,60.42,true
130176,2.7120,267.99,0.9860,60.42,true
130304,2.7147,267.96,0.9858,60.41,true
130432,2.7173,267.90,0.9858,60.41,true
130560,2.7200,267.03,0.9857,60.35,true
130688,2.7227,266.85,0.9872,60.34,true
130816,2.7253,266.90,0.9880,60.35,true
130944,2.7280,266.96,0.9878,60.35,true
131072,2.7307,266.88,0.9883,60.34,true
131200,2.7333,266.83,0.9897,60.34,true
131328,2.7360,266.78,0.9908,60.34,true
131456,2.7387,266.79,0.9918,60.34,true
131584,2.7413,266.79,0.9922,60.34,true
131712,2.7440,266.75,0.9929,60.34,true
131840,2.7467,266.76,0.9929,60.34,true
131968,2.7493,266.79,0.9929,60.34,true
132096,2.7520,266.85,0.9937,60.34,true
132224,2.7547,266.92,0.9938,60.35,true
132352,2.7573,266.94,0.9940,60.35,true
132480,2.7600,266.90,0.9943,60.35,true
132608,2.7627,267.00,0.9937,60.35,true
132736,2.7653,267.81,0.9939,60.40,true
132864,2.7680,267.79,0.9934,60.40,true
132992,2.7707,267.02,0.9937,60.35,true
133120,2.7733,266.97,0.9932,60.35,true
133248,2.7760,266.94,0.9930,60.35,true
133376,2.7787,266.93,0.9929,60.35,true
133504,2.7813,266.90,0.9929,60.35,true
133632,2.7840,266.75,0.9936,60.34,true
133760,2.7867,266.75,0.9933,60.34,true
133888,2.7893,266.65,0.9941,60.33,true
134016,2.7920,266.49,0.9932,60.32,true
134144,2.7947,266.44,0.9930,60.32,true
134272,2.7973,266.40,0.9930,60.31,true
134400,2.8000,266.30,0.9920,60.31,true
134528,2.8027,265.35,0.9926,60.25,true
134656,2.8053,265.19,0.9934,60.23,true
134784,2.8080,265.11,0.9939,60.23,true
134912,2.8107,264.95,0.9936,60.22,true
135040,2.8133,264.84,0.9926,60.21,true
135168,2.8160,264.03,0.9939,60.16,true
135296,2.8187,263.91,0.9944,60.15,true
135424,2.8213,263.86,0.9948,60.15,true
135552,2.8240,263.82,0.9949,60.14,true
135680,2.8267,263.68,0.9943,60.14,true
135808,2.8293,263.47,0.9938,60.12,true
135936,2.8320,262.64,0.9934,60.07,true
136064,2.8347,262.47,0.9939,60.06,true
136192,2.8373,262.37,0.9938,60.05,true
136320,2.8400,262.27,0.9944,60.04,true
136448,2.8427,262.16,0.9953,60.04,true
136576,2.8453,262.02,0.9947,60.03,true
136704,2.8480,261.21,0.9940,59.97,true
136832,2.8507,261.19,0.9941,59.97,true
136960,2.8533,261.08,0.9938,59.96,true
137088,2.8560,261.11,0.9929,59.97,true
137216,2.8587,261.08,0.9928,59.96,true
137344,2.8613,260.97,0.9930,59.96,true
137472,2.8640,260.92,0.9931,59.95,true
137600,2.8667,260.95,0.9928,59.96,true
137728,2.8693,260.95,0.9932,59.95,true
137856,2.8720,260.89,0.9934,59.95,true
137984,2.8747,260.89,0.9933,59.95,true
138112,2.8773,260.76,0.9937,59.94,true
138240,2.8800,260.71,0.9939,59.94,true
138368,2.8827,260.72,0.9940,59.94,true
138496,2.8853,260.66,0.9939,59.94,true
138624,2.8880,260.60,0.9941,59.93,true
138752,2.8907,259.80,0.9938,59.88,true
138880,2.8933,259.75,0.9944,59.88,true
139008,2.8960,259.71,0.9944,59.87,true
139136,2.8987,259.75,0.9936,59.88,true
139264,2.9013,259.78,0.9918,59.88,true
139392,2.9040,260.52,0.9913,59.93,true
139520,2.9067,260.57,0.9911,59.93,true
139648,2.9093,260.63,0.9907,59.93,true
139776,2.9120,260.70,0.9909,59.94,true
139904,2.9147,260.77,0.9911,59.94,true
140032,2.9173,260.91,0.9921,59.95,true
140160,2.9200,260.98,0.9928,59.96,true
140288,2.9227,261.03,0.9936,59.96,true
140416,2.9253,261.05,0.9938,59.96,true
140544,2.9280,261.13,0.9941,59.97,true
140672,2.9307,261.18,0.9938,59.97,true
140800,2.9333,262.00,0.9936,60.02,true
140928,2.9360,262.07,0.9940,60.03,true
141056,2.9387,262.17,0.9944,60.04,true
141184,2.9413,262.34,0.9934,60.05,true
141312,2.9440,262.50,0.9920,60.06,true
141440,2.9467,262.63,0.9924,60.07,true
141568,2.9493,263.51,0.9925,60.12,true
141696,2.9520,263.72,0.9927,60.14,true
141824,2.9547,263.86,0.9931,60.15,true
141952,2.9573,263.93,0.9937,60.15,true
142080,2.9600,264.86,0.9935,60.21,true
142208,2.9627,264.96,0.9944,60.22,true
142336,2.9653,265.03,0.9946,60.22,true
142464,2.9680,265.17,0.9946,60.23,true
142592,2.9707,265.31,0.9943,60.24,true
142720,2.9733,265.39,0.9941,60.25,true
142848,2.9760,266.34,0.9927,60.31,true
142976,2.9787,266.59,0.9929,60.33,true
143104,2.9813,266.70,0.9925,60.33,true
143232,2.9840,266.78,0.9918,60.34,true
143360,2.9867,267.01,0.9907,60.35,true
143488,2.9893,268.01,0.9908,60.42,true
143616,2.9920,268.20,0.9917,60.43,true
143744,2.9947,268.35,0.9917,60.44,true
143872,2.9973,268.50,0.9912,60.45,true
144000,3.0000,269.36,0.9918,60.50,true
144128,3.0027,269.48,0.9923,60.51,true
144256,3.0053,269.55,0.9928,60.52,true
144384,3.0080,269.62,0.9925,60.52,true
144512,3.0107,269.69,0.9913,60.53,true
144640,3.0133,269.72,0.9917,60.53,true
144768,3.0160,269.79,0.9917,60.53,true
144896,3.0187,269.82,0.9919,60.53,true
145024,3.0213,269.84,0.9922,60.54,true
145152,3.0240,269.90,0.9926,60.54,true
145280,3.0267,270.03,0.9919,60.55,true
145408,3.0293,270.85,0.9924,60.60,true
145536,3.0320,270.93,0.9937,60.61,true
145664,3.0347,270.88,0.9934,60.60,true
145792,3.0373,270.98,0.9930,60.61,true
145920,3.0400,271.03,0.9928,60.61,true
146048,3.0427,271.06,0.9925,60.61,true
146176,3.0453,271.04,0.9918,60.61,true
146304,3.0480,270.97,0.9912,60.61,true
146432,3.0507,271.00,0.9910,60.61,true
146560,3.0533,270.93,0.9904,60.61,true
146688,3.0560,271.03,0.9909,60.61,true
146816,3.0587,270.91,0.9903,60.60,true
146944,3.0613,270.88,0.9907,60.60,true
147072,3.0640,270.81,0.9907,60.60,true
147200,3.0667,270.01,0.9914,60.55,true
147328,3.0693,269.95,0.9919,60.54,true
147456,3.0720,269.83,0.9932,60.53,true
147584,3.0747,269.76,0.9933,60.53,true
147712,3.0773,269.65,0.9933,60.52,true
147840,3.0800,269.57,0.9936,60.52,true
147968,3.0827,269.46,0.9927,60.51,true
148096,3.0853,269.32,0.9920,60.50,true
148224,3.0880,268.47,0.9922,60.45,true
148352,3.0907,268.37,0.9922,60.44,true
148480,3.0933,268.20,0.9921,60.43,true
148608,3.0960,268.04,0.9919,60.42,true
148736,3.0987,267.91,0.9922,60.41,true
148864,3.1013,267.79,0.9905,60.40,true
148992,3.1040,266.88,0.9904,60.34,true
149120,3.1067,266.72,0.9900,60.33,true
149248,3.1093,266.52,0.9894,60.32,true
149376,3.1120,266.31,0.9873,60.31,true
149504,3.1147,265.40,0.9880,60.25,true
149632,3.1173,265.25,0.9893,60.24,true
149760,3.1200,265.04,0.9880,60.22,true
149888,3.1227,264.95,0.9880,60.22,true
150016,3.1253,264.89,0.9879,60.21,true
150144,3.1280,264.06,0.9877,60.16,true
150272,3.1307,263.89,0.9878,60.15,true
150400,3.1333,263.89,0.9892,60.15,true
150528,3.1360,263.87,0.9898,60.15,true
150656,3.1387,263.80,0.9901,60.14,true
150784,3.1413,263.82,0.9915,60.14,true
150912,3.1440,263.72,0.9926,60.14,true
151040,3.1467,263.68,0.9922,60.14,true
151168,3.1493,263.63,0.9924,60.13,true
151296,3.1520,263.64,0.9932,60.13,true
151424,3.1547,263.61,0.9932,60.13,true
151552,3.1573,263.58,0.9931,60.13,true
151680,3.1600,263.55,0.9933,60.13,true
151808,3.1627,263.56,0.9936,60.13,true
151936,3.1653,263.63,0.9939,60.13,true
152064,3.1680,263.65,0.9943,60.13,true
152192,3.1707,263.70,0.9947,60.14,true
152320,3.1733,263.81,0.9941,60.14,true
152448,3.1760,263.94,0.9926,60.15,true
152576,3.1787,263.98,0.9924,60.16,true
152704,3.1813,264.03,0.9920,60.16,true
152832,3.1840,264.87,0.9920,60.21,true
152960,3.1867,264.92,0.9921,60.22,true
153088,3.1893,265.00,0.9927,60.22,true
153216,3.1920,265.14,0.9928,60.23,true
153344,3.1947,265.25,0.9929,60.24,true
153472,3.1973,265.33,0.9930,60.24,true
153600,3.2000,265.40,0.9928,60.25,true
153728,3.2027,266.36,0.9925,60.31,true
153856,3.2053,266.48,0.9928,60.32,true
153984,3.2080,266.59,0.9929,60.33,true
154112,3.2107,266.90,0.9907,60.35,true
154240,3.2133,267.04,0.9898,60.35,true
154368,3.2160,267.94,0.9895,60.41,true
154496,3.2187,268.13,0.9884,60.43,true
154624,3.2213,268.45,0.9885,60.45,true
154752,3.2240,269.35,0.9888,60.50,true
154880,3.2267,269.49,0.9889,60.51,true
155008,3.2293,269.75,0.9904,60.53,true
155136,3.2320,269.86,0.9905,60.54,true
155264,3.2347,270.01,0.9906,60.55,true
155392,3.2373,270.92,0.9895,60.60,true
155520,3.2400,271.12,0.9889,60.62,true
155648,3.2427,271.38,0.9882,60.63,true
155776,3.2453,271.47,0.9881,60.64,true
155904,3.2480,272.42,0.9880,60.70,true
156032,3.2507,272.57,0.9871,60.71,true
156160,3.2533,272.65,0.9866,60.71,true
156288,3.2560,272.81,0.9865,60.72,true
156416,3.2587,272.95,0.9857,60.73,true
156544,3.2613,273.01,0.9859,60.74,true
156672,3.2640,273.08,0.9861,60.74,true
156800,3.2667,273.95,0.9869,60.80,true
156928,3.2693,274.07,0.9879,60.80,true
157056,3.2720,274.10,0.9892,60.81,true
157184,3.2747,274.08,0.9900,60.81,true
157312,3.2773,274.00,0.9890,60.80,true
157440,3.2800,273.98,0.9899,60.80,true
157568,3.2827,273.99,0.9896,60.80,true
157696,3.2853,273.98,0.9900,60.80,true
157824,3.2880,273.93,0.9896,60.80,true
157952,3.2907,273.93,0.9889,60.80,true
158080,3.2933,273.96,0.9895,60.80,true
158208,3.2960,273.97,0.9897,60.80,true
158336,3.2987,274.00,0.9909,60.80,true
158464,3.3013,273.96,0.9909,60.80,true
158592,3.3040,273.97,0.9907,60.80,true
158720,3.3067,273.96,0.9884,60.80,true
158848,3.3093,273.11,0.9864,60.74,true
158976,3.3120,272.94,0.9861,60.73,true
159104,3.3147,272.77,0.9865,60.72,true
159232,3.3173,272.52,0.9857,60.71,true
159360,3.3200,272.37,0.9836,60.70,true
159488,3.3227,271.54,0.9837,60.64,true
159616,3.3253,271.37,0.9846,60.63,true
159744,3.3280,271.18,0.9857,60.62,true
159872,3.3307,271.03,0.9857,60.61,true
160000,3.3333,270.89,0.9861,60.60,true
160128,3.3360,269.81,0.9850,60.53,true
160256,3.3387,269.42,0.9844,60.51,true
160384,3.3413,268.49,0.9854,60.45,true
160512,3.3440,268.23,0.9859,60.43,true
160640,3.3467,267.96,0.9856,60.41,true
160768,3.3493,267.03,0.9848,60.35,true
160896,3.3520,266.89,0.9863,60.34,true
161024,3.3547,266.68,0.9870,60.33,true
161152,3.3573,266.51,0.9879,60.32,true
161280,3.3600,266.36,0.9874,60.31,true
161408,3.3627,265.45,0.9877,60.25,true
161536,3.3653,265.21,0.9882,60.24,true
161664,3.3680,265.11,0.9880,60.23,true
161792,3.3707,264.96,0.9879,60.22,true
161920,3.3733,263.99,0.9866,60.16,true
162048,3.3760,263.71,0.9873,60.14,true
162176,3.3787,263.56,0.9883,60.13,true
162304,3.3813,263.43,0.9889,60.12,true
162432,3.3840,262.58,0.9894,60.06,true
162560,3.3867,262.50,0.9896,60.06,true
162688,3.3893,262.45,0.9905,60.05,true
162816,3.3920,262.33,0.9913,60.05,true
162944,3.3947,262.35,0.9905,60.05,true
163072,3.3973,262.22,0.9903,60.04,true
163200,3.4000,261.99,0.9903,60.02,true
163328,3.4027,261.18,0.9889,59.97,true
163456,3.4053,260.98,0.9898,59.96,true
163584,3.4080,260.92,0.9903,59.95,true
163712,3.4107,260.84,0.9897,59.95,true
163840,3.4133,260.78,0.9892,59.94,true
163968,3.4160,260.85,0.9900,59.95,true
164096,3.4187,260.91,0.9898,59.95,true
164224,3.4213,260.96,0.9899,59.96,true
164352,3.4240,260.99,0.9912,59.96,true
164480,3.4267,261.04,0.9914,59.96,true
164608,3.4293,261.07,0.9911,59.96,true
164736,3.4320,261.05,0.9920,59.96,true
164864,3.4347,261.12,0.9917,59.97,true
164992,3.4373,261.18,0.9912,59.97,true
165120,3.4400,261.20,0.9915,59.97,true
165248,3.4427,262.00,0.9915,60.02,true
165376,3.4453,262.06,0.9915,60.03,true
165504,3.4480,262.13,0.9922,60.03,true
165632,3.4507,262.14,0.9920,60.03,true
165760,3.4533,262.19,0.9919,60.04,true
165888,3.4560,262.19,0.9921,60.04,true
166016,3.4587,262.22,0.9921,60.04,true
166144,3.4613,262.27,0.9920,60.04,true
166272,3.4640,262.33,0.9908,60.05,true
166400,3.4667,262.44,0.9910,60.05,true
166528,3.4693,262.55,0.9900,60.06,true
166656,3.4720,262.62,0.9900,60.07,true
166784,3.4747,263.39,0.9902,60.12,true
166912,3.4773,263.62,0.9900,60.13,true
167040,3.4800,263.84,0.9899,60.15,true
167168,3.4827,264.08,0.9905,60.16,true
167296,3.4853,264.87,0.9909,60.21,true
167424,3.4880,265.08,0.9914,60.23,true
167552,3.4907,265.24,0.9918,60.24,true
167680,3.4933,265.39,0.9927,60.25,true
167808,3.4960,266.38,0.9906,60.31,true
167936,3.4987,266.55,0.9912,60.32,true
168064,3.5013,266.76,0.9903,60.34,true
168192,3.5040,266.94,0.9889,60.35,true
168320,3.5067,268.11,0.9868,60.42,true
168448,3.5093,268.40,0.9857,60.44,true
168576,3.5120,269.40,0.9844,60.51,true
168704,3.5147,269.75,0.9827,60.53,true
168832,3.5173,270.86,0.9787,60.60,true
168960,3.5200,271.45,0.9792,60.64,true
169088,3.5227,272.40,0.9811,60.70,true
169216,3.5253,272.62,0.9832,60.71,true
169344,3.5280,272.73,0.9842,60.72,true
169472,3.5307,272.92,0.9841,60.73,true
169600,3.5333,273.00,0.9843,60.74,true
169728,3.5360,273.96,0.9849,60.80,true
169856,3.5387,274.13,0.9870,60.81,true
169984,3.5413,274.17,0.9878,60.81,true
170112,3.5440,274.44,0.9870,60.83,true
170240,3.5467,274.67,0.9859,60.84,true
170368,3.5493,275.61,0.9878,60.90,true
170496,3.5520,275.68,0.9878,60.91,true
170624,3.5547,275.83,0.9878,60.92,true
170752,3.5573,275.96,0.9870,60.92,true
170880,3.5600,276.00,0.9859,60.93,true
171008,3.5627,276.07,0.9853,60.93,true
171136,3.5653,276.09,0.9853,60.93,true
171264,3.5680,276.17,0.9848,60.94,true
171392,3.5707,276.25,0.9844,60.94,true
171520,3.5733,277.11,0.9862,61.00,true
171648,3.5760,276.19,0.9854,60.94,true
171776,3.5787,275.97,0.9867,60.92,true
171904,3.5813,275.92,0.9878,60.92,true
172032,3.5840,275.62,0.9877,60.90,true
172160,3.5867,274.61,0.9871,60.84,true
172288,3.5893,274.38,0.9884,60.82,true
172416,3.5920,274.23,0.9895,60.81,true
172544,3.5947,274.05,0.9905,60.80,true
172672,3.5973,273.90,0.9898,60.79,true
172800,3.6000,272.90,0.9913,60.73,true
172928,3.6027,272.75,0.9913,60.72,true
173056,3.6053,272.52,0.9894,60.71,true
173184,3.6080,272.38,0.9882,60.70,true
173312,3.6107,271.53,0.9885,60.64,true
173440,3.6133,271.33,0.9883,60.63,true
173568,3.6160,270.98,0.9871,60.61,true
173696,3.6187,270.84,0.9865,60.60,true
173824,3.6213,269.84,0.9871,60.54,true
173952,3.6240,269.51,0.9858,60.51,true
174080,3.6267,268.39,0.9842,60.44,true
174208,3.6293,268.26,0.9848,60.43,true
174336,3.6320,268.06,0.9846,60.42,true
174464,3.6347,266.98,0.9824,60.35,true
174592,3.6373,266.73,0.9831,60.33,true
174720,3.6400,266.53,0.9832,60.32,true
174848,3.6427,266.36,0.9840,60.31,true
174976,3.6453,265.53,0.9854,60.26,true
175104,3.6480,265.44,0.9875,60.25,true
175232,3.6507,265.36,0.9886,60.25,true
175360,3.6533,265.28,0.9876,60.24,true
175488,3.6560,265.20,0.9864,60.24,true
175616,3.6587,265.08,0.9857,60.23,true
175744,3.6613,264.92,0.9831,60.22,true
175872,3.6640,264.00,0.9807,60.16,true
176000,3.6667,263.75,0.9808,60.14,true
176128,3.6693,263.56,0.9799,60.13,true
176256,3.6720,262.65,0.9779,60.07,true
176384,3.6747,262.63,0.9776,60.07,true
176512,3.6773,262.52,0.9779,60.06,true
176640,3.6800,262.33,0.9791,60.05,true
176768,3.6827,262.15,0.9808,60.03,true
176896,3.6853,262.08,0.9818,60.03,true
177024,3.6880,261.22,0.9808,59.97,true
177152,3.6907,261.08,0.9801,59.96,true
177280,3.6933,261.04,0.9808,59.96,true
177408,3.6960,260.92,0.9808,59.95,true
177536,3.6987,260.80,0.9818,59.95,true
177664,3.7013,260.79,0.9821,59.94,true
177792,3.7040,261.07,0.9810,59.96,true
177920,3.7067,261.13,0.9795,59.97,true
178048,3.7093,261.98,0.9793,60.02,true
178176,3.7120,262.02,0.9813,60.03,true
178304,3.7147,262.05,0.9825,60.03,true
178432,3.7173,262.07,0.9842,60.03,true
178560,3.7200,262.21,0.9850,60.04,true
178688,3.7227,262.26,0.9849,60.04,true
178816,3.7253,262.28,0.9853,60.04,true
178944,3.7280,262.40,0.9872,60.05,true
179072,3.7307,262.45,0.9882,60.05,true
179200,3.7333,262.63,0.9879,60.07,true
179328,3.7360,263.43,0.9875,60.12,true
179456,3.7387,263.53,0.9878,60.13,true
179584,3.7413,263.70,0.9857,60.14,true
179712,3.7440,263.86,0.9861,60.15,true
179840,3.7467,264.01,0.9861,60.16,true
179968,3.7493,264.10,0.9852,60.16,true
180096,3.7520,265.02,0.9842,60.22,true
180224,3.7547,265.14,0.9845,60.23,true
180352,3.7573,265.37,0.9841,60.25,true
180480,3.7600,266.44,0.9814,60.32,true
180608,3.7627,266.69,0.9809,60.33,true
180736,3.7653,267.79,0.9820,60.40,true
180864,3.7680,268.22,0.9808,60.43,true
180992,3.7707,268.44,0.9801,60.44,true
181120,3.7733,268.51,0.9779,60.45,true
181248,3.7760,269.64,0.9735,60.52,true
181376,3.7787,270.00,0.9715,60.55,true
181504,3.7813,271.01,0.9689,60.61,true
181632,3.7840,271.24,0.9690,60.62,true
181760,3.7867,271.46,0.9707,60.64,true
181888,3.7893,271.39,0.9717,60.63,true
182016,3.7920,272.35,0.9730,60.70,true
182144,3.7947,272.40,0.9761,60.70,true
182272,3.7973,272.40,0.9811,60.70,true
182400,3.8000,272.56,0.9841,60.71,true
182528,3.8027,272.53,0.9864,60.71,true
182656,3.8053,272.58,0.9880,60.71,true
182784,3.8080,272.68,0.9873,60.72,true
182912,3.8107,272.84,0.9873,60.73,true
183040,3.8133,272.91,0.9869,60.73,true
183168,3.8160,272.93,0.9850,60.73,true
183296,3.8187,273.03,0.9832,60.74,true
183424,3.8213,273.02,0.9830,60.74,true
183552,3.8240,273.03,0.9835,60.74,true
183680,3.8267,273.08,0.9833,60.74,true
183808,3.8293,273.00,0.9843,60.74,true
183936,3.8320,272.97,0.9851,60.73,true
184064,3.8347,272.85,0.9870,60.73,true
184192,3.8373,272.74,0.9889,60.72,true
184320,3.8400,272.61,0.9906,60.71,true
184448,3.8427,272.56,0.9911,60.71,true
184576,3.8453,272.46,0.9905,60.70,true
184704,3.8480,271.49,0.9894,60.64,true
184832,3.8507,271.34,0.9898,60.63,true
184960,3.8533,271.25,0.9913,60.63,true
185088,3.8560,271.12,0.9916,60.62,true
185216,3.8587,270.93,0.9906,60.60,true
185344,3.8613,270.04,0.9900,60.55,true
185472,3.8640,269.93,0.9903,60.54,true
185600,3.8667,269.77,0.9913,60.53,true
185728,3.8693,269.60,0.9915,60.52,true
185856,3.8720,269.46,0.9910,60.51,true
185984,3.8747,268.49,0.9907,60.45,true
186112,3.8773,268.24,0.9917,60.43,true
186240,3.8800,268.16,0.9910,60.43,true
186368,3.8827,268.07,0.9898,60.42,true
186496,3.8853,267.80,0.9883,60.40,true
186624,3.8880,266.84,0.9889,60.34,true
186752,3.8907,266.73,0.9891,60.33,true
186880,3.8933,266.66,0.9887,60.33,true
187008,3.8960,266.50,0.9885,60.32,true
187136,3.8987,266.42,0.9876,60.31,true
187264,3.9013,265.53,0.9869,60.26,true
187392,3.9040,265.33,0.9887,60.24,true
187520,3.9067,265.22,0.9886,60.24,true
187648,3.9093,265.03,0.9894,60.22,true
187776,3.9120,264.94,0.9887,60.22,true
187904,3.9147,264.09,0.9893,60.16,true
188032,3.9173,264.02,0.9900,60.16,true
188160,3.9200,263.92,0.9908,60.15,true
188288,3.9227,263.96,0.9913,60.15,true
188416,3.9253,263.92,0.9915,60.15,true
188544,3.9280,263.71,0.9910,60.14,true
188672,3.9307,263.71,0.9912,60.14,true
188800,3.9333,263.64,0.9916,60.13,true
188928,3.9360,263.52,0.9908,60.13,true
189056,3.9387,262.65,0.9891,60.07,true
189184,3.9413,262.56,0.9881,60.06,true
189312,3.9440,262.35,0.9893,60.05,true
189440,3.9467,262.33,0.9896,60.05,true
189568,3.9493,262.44,0.9891,60.05,true
189696,3.9520,262.34,0.9891,60.05,true
189824,3.9547,262.32,0.9893,60.05,true
189952,3.9573,262.39,0.9891,60.05,true
190080,3.9600,262.42,0.9897,60.05,true
190208,3.9627,262.45,0.9904,60.05,true
190336,3.9653,262.50,0.9904,60.06,true
190464,3.9680,262.46,0.9905,60.06,true
190592,3.9707,262.42,0.9919,60.05,true
190720,3.9733,262.48,0.9925,60.06,true
190848,3.9760,262.56,0.9924,60.06,true
190976,3.9787,262.59,0.9932,60.06,true
191104,3.9813,262.62,0.9938,60.07,true
191232,3.9840,263.43,0.9945,60.12,true
191360,3.9867,263.45,0.9945,60.12,true
191488,3.9893,263.57,0.9954,60.13,true
191616,3.9920,263.60,0.9947,60.13,true
191744,3.9947,263.67,0.9942,60.13,true
191872,3.9973,263.68,0.9940,60.14,true
192000,4.0000,263.68,0.9937,60.14,true
192128,4.0027,263.78,0.9928,60.14,true
192256,4.0053,263.81,0.9919,60.14,true
192384,4.0080,263.89,0.9917,60.15,true
192512,4.0107,263.93,0.9911,60.15,true
192640,4.0133,264.04,0.9909,60.16,true
192768,4.0160,264.88,0.9909,60.21,true
192896,4.0187,264.98,0.9911,60.22,true
193024,4.0213,265.18,0.9914,60.23,true
193152,4.0240,265.22,0.9916,60.24,true
193280,4.0267,265.32,0.9914,60.24,true
193408,4.0293,265.48,0.9902,60.25,true
193536,4.0320,266.35,0.9889,60.31,true
193664,4.0347,266.59,0.9881,60.33,true
193792,4.0373,266.92,0.9855,60.35,true
193920,4.0400,268.11,0.9869,60.42,true
194048,4.0427,268.31,0.9859,60.44,true
194176,4.0453,268.43,0.9842,60.44,true
194304,4.0480,269.49,0.9862,60.51,true
194432,4.0507,269.71,0.9879,60.53,true
194560,4.0533,269.91,0.9870,60.54,true
194688,4.0560,270.00,0.9855,60.55,true
194816,4.0587,270.86,0.9849,60.60,true
194944,4.0613,270.93,0.9841,60.61,true
195072,4.0640,270.94,0.9857,60.61,true
195200,4.0667,270.93,0.9858,60.61,true
195328,4.0693,270.98,0.9866,60.61,true
195456,4.0720,270.96,0.9873,60.61,true
195584,4.0747,270.92,0.9893,60.60,true
195712,4.0773,270.92,0.9897,60.60,true
195840,4.0800,270.91,0.9904,60.60,true
195968,4.0827,270.87,0.9913,60.60,true
196096,4.0853,270.91,0.9908,60.60,true
196224,4.0880,270.84,0.9903,60.60,true
196352,4.0907,270.83,0.9902,60.60,true
196480,4.0933,270.84,0.9900,60.60,true
196608,4.0960,270.87,0.9891,60.60,true
196736,4.0987,270.84,0.9893,60.60,true
196864,4.1013,270.81,0.9887,60.60,true
196992,4.1040,270.81,0.9887,60.60,true
197120,4.1067,269.93,0.9898,60.54,true
197248,4.1093,269.91,0.9899,60.54,true
197376,4.1120,269.83,0.9901,60.53,true
197504,4.1147,269.67,0.9900,60.52,true
197632,4.1173,269.49,0.9910,60.51,true
197760,4.1200,269.40,0.9910,60.51,true
197888,4.1227,268.52,0.9910,60.45,true
198016,4.1253,268.36,0.9919,60.44,true
198144,4.1280,268.25,0.9928,60.43,true
198272,4.1307,268.17,0.9924,60.43,true
198400,4.1333,268.01,0.9911,60.42,true
198528,4.1360,267.82,0.9899,60.41,true
198656,4.1387,266.96,0.9902,60.35,true
198784,4.1413,266.79,0.9904,60.34,true
198912,4.1440,266.64,0.9903,60.33,true
199040,4.1467,266.55,0.9894,60.32,true
199168,4.1493,266.40,0.9890,60.31,true
199296,4.1520,265.49,0.9881,60.25,true
199424,4.1547,265.39,0.9887,60.25,true
199552,4.1573,265.32,0.9899,60.24,true
199680,4.1600,265.22,0.9905,60.24,true
199808,4.1627,265.12,0.9898,60.23,true
199936,4.1653,265.07,0.9899,60.23,true
200064,4.1680,265.00,0.9908,60.22,true
200192,4.1707,264.91,0.9889,60.22,true
200320,4.1733,264.91,0.9893,60.22,true
200448,4.1760,264.89,0.9904,60.21,true
200576,4.1787,264.09,0.9900,60.16,true
200704,4.1813,264.00,0.9900,60.16,true
200832,4.1840,263.99,0.9902,60.16,true
200960,4.1867,263.94,0.9896,60.15,true
201088,4.1893,263.79,0.9886,60.14,true
201216,4.1920,263.78,0.9889,60.14,true
201344,4.1947,263.67,0.9891,60.13,true
201472,4.1973,263.55,0.9885,60.13,true
201600,4.2000,263.49,0.9879,60.12,true
201728,4.2027,263.40,0.9867,60.12,true
201856,4.2053,263.43,0.9866,60.12,true
201984,4.2080,262.63,0.9871,60.07,true
202112,4.2107,263.40,0.9875,60.12,true
202240,4.2133,263.38,0.9887,60.12,true
202368,4.2160,262.64,0.9884,60.07,true
202496,4.2187,262.61,0.9887,60.07,true
202624,4.2213,262.65,0.9894,60.07,true
202752,4.2240,263.46,0.9912,60.12,true
202880,4.2267,263.41,0.9912,60.12,true
203008,4.2293,263.44,0.9921,60.12,true
203136,4.2320,263.48,0.9922,60.12,true
203264,4.2347,263.59,0.9916,60.13,true
203392,4.2373,263.65,0.9928,60.13,true
203520,4.2400,263.59,0.9931,60.13,true
203648,4.2427,263.65,0.9926,60.13,true
203776,4.2453,263.71,0.9921,60.14,true
203904,4.2480,263.79,0.9923,60.14,true
204032,4.2507,263.78,0.9908,60.14,true
204160,4.2533,263.83,0.9906,60.15,true
204288,4.2560,263.84,0.9911,60.15,true
204416,4.2587,263.89,0.9904,60.15,true
204544,4.2613,264.02,0.9896,60.16,true
204672,4.2640,264.05,0.9893,60.16,true
204800,4.2667,264.03,0.9886,60.16,true
204928,4.2693,264.03,0.9884,60.16,true
205056,4.2720,264.87,0.9892,60.21,true
205184,4.2747,264.94,0.9877,60.22,true
205312,4.2773,264.98,0.9875,60.22,true
205440,4.2800,265.08,0.9855,60.23,true
205568,4.2827,265.19,0.9856,60.23,true
205696,4.2853,265.28,0.9855,60.24,true
205824,4.2880,265.53,0.9851,60.26,true
205952,4.2907,266.43,0.9847,60.32,true
206080,4.2933,266.69,0.9832,60.33,true
206208,4.2960,266.86,0.9819,60.34,true
206336,4.2987,268.08,0.9835,60.42,true
206464,4.3013,268.22,0.9832,60.43,true
206592,4.3040,268.45,0.9824,60.45,true
206720,4.3067,269.48,0.9836,60.51,true
206848,4.3093,269.70,0.9821,60.53,true
206976,4.3120,269.83,0.9827,60.53,true
207104,4.3147,269.90,0.9823,60.54,true
207232,4.3173,270.84,0.9812,60.60,true
207360,4.3200,270.83,0.9794,60.60,true
207488,4.3227,270.83,0.9800,60.60,true
207616,4.3253,270.86,0.9796,60.60,true
207744,4.3280,270.95,0.9812,60.61,true
207872,4.3307,270.92,0.9829,60.60,true
208000,4.3333,271.00,0.9843,60.61,true
208128,4.3360,270.95,0.9846,60.61,true
208256,4.3387,270.87,0.9858,60.60,true
208384,4.3413,270.92,0.9886,60.60,true
208512,4.3440,270.91,0.9890,60.60,true
208640,4.3467,270.89,0.9902,60.60,true
208768,4.3493,270.89,0.9906,60.60,true
208896,4.3520,270.92,0.9908,60.60,true
209024,4.3547,270.89,0.9906,60.60,true
209152,4.3573,270.92,0.9905,60.60,true
209280,4.3600,270.94,0.9912,60.61,true
209408,4.3627,270.88,0.9901,60.60,true
209536,4.3653,270.88,0.9895,60.60,true
209664,4.3680,270.90,0.9892,60.60,true
209792,4.3707,270.03,0.9866,60.55,true
209920,4.3733,269.93,0.9866,60.54,true
210048,4.3760,269.82,0.9871,60.53,true
210176,4.3787,269.78,0.9881,60.53,true
210304,4.3813,269.75,0.9884,60.53,true
210432,4.3840,269.65,0.9885,60.52,true
210560,4.3867,269.56,0.9893,60.52,true
210688,4.3893,269.48,0.9896,60.51,true
210816,4.3920,269.45,0.9910,60.51,true
210944,4.3947,269.44,0.9903,60.51,true
211072,4.3973,269.39,0.9891,60.51,true
211200,4.4000,269.32,0.9878,60.50,true
211328,4.4027,268.38,0.9867,60.44,true
211456,4.4053,268.34,0.9859,60.44,true
211584,4.4080,268.28,0.9866,60.43,true
211712,4.4107,268.12,0.9863,60.42,true
211840,4.4133,267.93,0.9861,60.41,true
211968,4.4160,266.97,0.9870,60.35,true
212096,4.4187,266.85,0.9887,60.34,true
212224,4.4213,266.63,0.9897,60.33,true
212352,4.4240,266.57,0.9900,60.32,true
212480,4.4267,266.49,0.9915,60.32,true
212608,4.4293,266.39,0.9910,60.31,true
212736,4.4320,265.52,0.9900,60.26,true
212864,4.4347,265.48,0.9895,60.25,true
212992,4.4373,265.40,0.9879,60.25,true
213120,4.4400,265.29,0.9870,60.24,true
213248,4.4427,265.29,0.9863,60.24,true
213376,4.4453,265.22,0.9861,60.24,true
213504,4.4480,264.98,0.9850,60.22,true
213632,4.4507,264.90,0.9849,60.22,true
213760,4.4533,264.06,0.9858,60.16,true
213888,4.4560,263.96,0.9863,60.15,true
214016,4.4587,263.93,0.9879,60.15,true
214144,4.4613,263.88,0.9898,60.15,true
214272,4.4640,263.77,0.9903,60.14,true
214400,4.4667,263.71,0.9910,60.14,true
214528,4.4693,263.69,0.9909,60.14,true
214656,4.4720,263.59,0.9914,60.13,true
214784,4.4747,263.51,0.9905,60.12,true
214912,4.4773,263.47,0.9895,60.12,true
215040,4.4800,262.63,0.9890,60.07,true
215168,4.4827,262.55,0.9898,60.06,true
215296,4.4853,262.54,0.9898,60.06,true
215424,4.4880,262.48,0.9904,60.06,true
215552,4.4907,262.40,0.9907,60.05,true
215680,4.4933,262.44,0.9902,60.05,true
215808,4.4960,262.51,0.9899,60.06,true
215936,4.4987,262.47,0.9908,60.06,true
216064,4.5013,262.48,0.9910,60.06,true
216192,4.5040,262.46,0.9910,60.05,true
216320,4.5067,262.45,0.9917,60.05,true
216448,4.5093,262.55,0.9909,60.06,true
216576,4.5120,262.64,0.9906,60.07,true
216704,4.5147,262.60,0.9915,60.06,true
216832,4.5173,262.63,0.9913,60.07,true
216960,4.5200,263.44,0.9911,60.12,true
217088,4.5227,263.49,0.9916,60.12,true
217216,4.5253,263.59,0.9913,60.13,true
217344,4.5280,263.69,0.9911,60.14,true
217472,4.5307,263.69,0.9906,60.14,true
217600,4.5333,263.75,0.9913,60.14,true
217728,4.5360,263.84,0.9915,60.15,true
217856,4.5387,263.86,0.9917,60.15,true
217984,4.5413,263.91,0.9920,60.15,true
218112,4.5440,263.93,0.9921,60.15,true
218240,4.5467,264.07,0.9914,60.16,true
218368,4.5493,264.89,0.9909,60.21,true
218496,4.5520,265.02,0.9911,60.22,true
218624,4.5547,265.20,0.9900,60.23,true
218752,4.5573,265.43,0.9892,60.25,true
218880,4.5600,266.34,0.9883,60.31,true
219008,4.5627,266.54,0.9884,60.32,true
219136,4.5653,266.79,0.9889,60.34,true
219264,4.5680,266.85,0.9869,60.34,true
219392,4.5707,266.99,0.9847,60.35,true
219520,4.5733,267.99,0.9825,60.42,true
219648,4.5760,268.48,0.9812,60.45,true
219776,4.5787,269.48,0.9810,60.51,true
219904,4.5813,269.65,0.9808,60.52,true
220032,4.5840,269.89,0.9821,60.54,true
220160,4.5867,270.04,0.9819,60.55,true
220288,4.5893,270.84,0.9840,60.60,true
220416,4.5920,270.83,0.9839,60.60,true
220544,4.5947,270.82,0.9845,60.60,true
220672,4.5973,270.88,0.9859,60.60,true
220800,4.6000,270.98,0.9873,60.61,true
220928,4.6027,271.02,0.9881,60.61,true
221056,4.6053,270.99,0.9878,60.61,true
221184,4.6080,270.96,0.9885,60.61,true
221312,4.6107,270.97,0.9895,60.61,true
221440,4.6133,271.02,0.9904,60.61,true
221568,4.6160,271.07,0.9911,60.61,true
221696,4.6187,271.06,0.9918,60.61,true
221824,4.6213,271.11,0.9916,60.62,true
221952,4.6240,271.11,0.9914,60.62,true
222080,4.6267,271.14,0.9916,60.62,true
222208,4.6293,271.29,0.9915,60.63,true
222336,4.6320,271.40,0.9908,60.64,true
222464,4.6347,271.43,0.9896,60.64,true
222592,4.6373,271.41,0.9898,60.64,true
222720,4.6400,271.42,0.9885,60.64,true
222848,4.6427,271.35,0.9887,60.63,true
222976,4.6453,271.35,0.9892,60.63,true
223104,4.6480,271.27,0.9896,60.63,true
223232,4.6507,271.13,0.9901,60.62,true
223360,4.6533,271.02,0.9902,60.61,true
223488,4.6560,270.96,0.9913,60.61,true
223616,4.6587,270.87,0.9907,60.60,true
223744,4.6613,270.81,0.9908,60.60,true
223872,4.6640,270.82,0.9909,60.60,true
224000,4.6667,269.94,0.9902,60.54,true
224128,4.6693,269.85,0.9895,60.54,true
224256,4.6720,269.73,0.9893,60.53,true
224384,4.6747,269.67,0.9895,60.52,true
224512,4.6773,269.53,0.9890,60.52,true
224640,4.6800,268.45,0.9873,60.45,true
224768,4.6827,268.25,0.9885,60.43,true
224896,4.6853,268.13,0.9894,60.43,true
225024,4.6880,267.97,0.9893,60.41,true
225152,4.6907,267.80,0.9898,60.40,true
225280,4.6933,266.95,0.9909,60.35,true
225408,4.6960,266.80,0.9920,60.34,true
225536,4.6987,266.63,0.9910,60.33,true
225664,4.7013,266.59,0.9895,60.33,true
225792,4.7040,266.53,0.9894,60.32,true
225920,4.7067,265.50,0.9873,60.25,true
226048,4.7093,265.23,0.9884,60.24,true
226176,4.7120,265.11,0.9889,60.23,true
226304,4.7147,264.97,0.9886,60.22,true
226432,4.7173,264.03,0.9872,60.16,true
226560,4.7200,263.94,0.9888,60.15,true
226688,4.7227,263.92,0.9889,60.15,true
226816,4.7253,263.73,0.9902,60.14,true
226944,4.7280,263.74,0.9900,60.14,true
227072,4.7307,263.74,0.9891,60.14,true
227200,4.7333,263.63,0.9889,60.13,true
227328,4.7360,263.60,0.9881,60.13,true
227456,4.7387,263.64,0.9885,60.13,true
227584,4.7413,263.52,0.9866,60.12,true
227712,4.7440,263.40,0.9861,60.12,true
227840,4.7467,263.38,0.9856,60.12,true
227968,4.7493,262.62,0.9854,60.07,true
228096,4.7520,262.59,0.9846,60.06,true
228224,4.7547,262.55,0.9826,60.06,true
228352,4.7573,262.51,0.9830,60.06,true
228480,4.7600,262.62,0.9806,60.07,true
228608,4.7627,263.47,0.9817,60.12,true
228736,4.7653,263.52,0.9816,60.13,true
228864,4.7680,263.60,0.9824,60.13,true
228992,4.7707,263.69,0.9841,60.14,true
229120,4.7733,263.72,0.9856,60.14,true
229248,4.7760,263.76,0.9872,60.14,true
229376,4.7787,263.89,0.9882,60.15,true
229504,4.7813,263.93,0.9897,60.15,true
229632,4.7840,264.04,0.9902,60.16,true
229760,4.7867,264.84,0.9909,60.21,true
229888,4.7893,264.92,0.9916,60.22,true
230016,4.7920,265.02,0.9917,60.22,true
230144,4.7947,265.10,0.9924,60.23,true
230272,4.7973,265.20,0.9936,60.24,true
230400,4.8000,265.23,0.9933,60.24,true
230528,4.8027,265.35,0.9932,60.24,true
230656,4.8053,265.53,0.9912,60.26,true
230784,4.8080,266.54,0.9915,60.32,true
230912,4.8107,266.67,0.9917,60.33,true
231040,4.8133,266.75,0.9917,60.34,true
231168,4.8160,266.97,0.9897,60.35,true
231296,4.8187,267.82,0.9903,60.41,true
231424,4.8213,267.92,0.9914,60.41,true
231552,4.8240,268.16,0.9903,60.43,true
231680,4.8267,268.26,0.9893,60.43,true
231808,4.8293,268.33,0.9888,60.44,true
231936,4.8320,268.46,0.9882,60.45,true
232064,4.8347,269.50,0.9889,60.51,true
232192,4.8373,269.55,0.9891,60.52,true
232320,4.8400,269.69,0.9897,60.53,true
232448,4.8427,269.76,0.9898,60.53,true
232576,4.8453,269.78,0.9896,60.53,true
232704,4.8480,269.81,0.9898,60.53,true
232832,4.8507,269.77,0.9897,60.53,true
232960,4.8533,269.87,0.9895,60.54,true
233088,4.8560,269.91,0.9895,60.54,true
233216,4.8587,269.95,0.9896,60.54,true
233344,4.8613,270.02,0.9889,60.55,true
233472,4.8640,270.90,0.9890,60.60,true
233600,4.8667,270.94,0.9899,60.61,true
233728,4.8693,271.02,0.9909,60.61,true
233856,4.8720,271.18,0.9929,60.62,true
233984,4.8747,271.23,0.9924,60.62,true
234112,4.8773,271.29,0.9926,60.63,true
234240,4.8800,271.29,0.9913,60.63,true
234368,4.8827,271.31,0.9910,60.63,true
234496,4.8853,271.28,0.9916,60.63,true
234624,4.8880,271.27,0.9924,60.63,true
234752,4.8907,271.17,0.9920,60.62,true
234880,4.8933,271.10,0.9916,60.62,true
235008,4.8960,271.06,0.9922,60.61,true
235136,4.8987,271.01,0.9924,60.61,true
235264,4.9013,270.93,0.9921,60.60,true
235392,4.9040,270.83,0.9912,60.60,true
235520,4.9067,269.95,0.9910,60.54,true
235648,4.9093,269.80,0.9906,60.53,true
235776,4.9120,269.71,0.9890,60.53,true
235904,4.9147,269.58,0.9880,60.52,true
236032,4.9173,269.50,0.9879,60.51,true
236160,4.9200,269.31,0.9871,60.50,true
236288,4.9227,268.46,0.9877,60.45,true
236416,4.9253,268.33,0.9882,60.44,true
236544,4.9280,268.17,0.9872,60.43,true
236672,4.9307,268.00,0.9867,60.42,true
236800,4.9333,267.93,0.9880,60.41,true
236928,4.9360,267.86,0.9872,60.41,true
237056,4.9387,266.94,0.9882,60.35,true
237184,4.9413,266.86,0.9890,60.34,true
237312,4.9440,266.74,0.9894,60.34,true
237440,4.9467,266.64,0.9901,60.33,true
237568,4.9493,266.59,0.9907,60.33,true
237696,4.9520,266.51,0.9913,60.32,true
237824,4.9547,266.48,0.9902,60.32,true
237952,4.9573,266.42,0.9896,60.31,true
238080,4.9600,265.54,0.9884,60.26,true
238208,4.9627,265.42,0.9893,60.25,true
238336,4.9653,265.28,0.9893,60.24,true
238464,4.9680,265.09,0.9885,60.23,true
238592,4.9707,264.96,0.9892,60.22,true
238720,4.9733,264.09,0.9887,60.16,true
238848,4.9760,263.85,0.9886,60.15,true
238976,4.9787,263.68,0.9890,60.14,true
239104,4.9813,263.58,0.9888,60.13,true
239232,4.9840,262.60,0.9870,60.06,true
239360,4.9867,262.36,0.9862,60.05,true
239488,4.9893,262.11,0.9852,60.03,true
239616,4.9920,262.02,0.9851,60.03,true
239744,4.9947,261.10,0.9867,59.97,true
239872,4.9973,261.08,0.9875,59.96,true
240000,5.0000,261.08,0.9872,59.96,true
240128,5.0027,261.05,0.9882,59.96,true
240256,5.0053,261.05,0.9894,59.96,true
240384,5.0080,261.08,0.9906,59.96,true
240512,5.0107,261.16,0.9903,59.97,true
240640,5.0133,261.08,0.9909,59.96,true
240768,5.0160,261.13,0.9909,59.97,true
240896,5.0187,261.18,0.9902,59.97,true
241024,5.0213,261.97,0.9894,60.02,true
241152,5.0240,262.02,0.9899,60.03,true
241280,5.0267,262.07,0.9898,60.03,true
241408,5.0293,262.07,0.9893,60.03,true
241536,5.0320,262.12,0.9898,60.03,true
241664,5.0347,262.08,0.9900,60.03,true
241792,5.0373,262.07,0.9897,60.03,true
241920,5.0400,262.06,0.9902,60.03,true
242048,5.0427,261.21,0.9911,59.97,true
242176,5.0453,261.19,0.9902,59.97,true
242304,5.0480,261.14,0.9903,59.97,true
242432,5.0507,261.19,0.9903,59.97,true
242560,5.0533,261.12,0.9895,59.97,true
242688,5.0560,261.19,0.9875,59.97,true
242816,5.0587,261.95,0.9866,60.02,true
242944,5.0613,262.06,0.9857,60.03,true
243072,5.0640,262.20,0.9854,60.04,true
243200,5.0667,262.26,0.9863,60.04,true
243328,5.0693,262.39,0.9864,60.05,true
243456,5.0720,262.56,0.9851,60.06,true
243584,5.0747,263.52,0.9869,60.13,true
243712,5.0773,263.68,0.9898,60.14,true
243840,5.0800,263.80,0.9914,60.14,true
243968,5.0827,264.04,0.9917,60.16,true
244096,5.0853,264.85,0.9921,60.21,true
244224,5.0880,264.92,0.9921,60.22,true
244352,5.0907,265.04,0.9904,60.22,true
244480,5.0933,265.08,0.9899,60.23,true
244608,5.0960,265.23,0.9899,60.24,true
244736,5.0987,265.43,0.9885,60.25,true
244864,5.1013,266.40,0.9878,60.31,true
244992,5.1040,266.50,0.9881,60.32,true
245120,5.1067,266.72,0.9877,60.33,true
245248,5.1093,267.00,0.9876,60.35,true
245376,5.1120,267.79,0.9884,60.40,true
245504,5.1147,267.92,0.9896,60.41,true
245632,5.1173,268.02,0.9880,60.42,true
245760,5.1200,268.18,0.9868,60.43,true
245888,5.1227,268.32,0.9869,60.44,true
246016,5.1253,268.49,0.9854,60.45,true
246144,5.1280,269.44,0.9854,60.51,true
246272,5.1307,269.64,0.9833,60.52,true
246400,5.1333,269.74,0.9827,60.53,true
246528,5.1360,269.95,0.9819,60.54,true
246656,5.1387,270.89,0.9827,60.60,true
246784,5.1413,270.90,0.9843,60.60,true
246912,5.1440,270.88,0.9842,60.60,true
247040,5.1467,270.91,0.9846,60.60,true
247168,5.1493,270.98,0.9844,60.61,true
247296,5.1520,270.88,0.9859,60.60,true
247424,5.1547,270.82,0.9856,60.60,true
247552,5.1573,270.00,0.9851,60.55,true
247680,5.1600,269.92,0.9868,60.54,true
247808,5.1627,269.89,0.9869,60.54,true
247936,5.1653,269.79,0.9875,60.53,true
248064,5.1680,269.76,0.9881,60.53,true
248192,5.1707,269.68,0.9892,60.52,true
248320,5.1733,269.59,0.9887,60.52,true
248448,5.1760,269.52,0.9893,60.51,true
248576,5.1787,269.49,0.9905,60.51,true
248704,5.1813,269.41,0.9907,60.51,true
248832,5.1840,268.51,0.9904,60.45,true
248960,5.1867,268.42,0.9896,60.44,true
249088,5.1893,268.29,0.9898,60.44,true
249216,5.1920,268.28,0.9889,60.43,true
249344,5.1947,268.21,0.9877,60.43,true
249472,5.1973,268.09,0.9868,60.42,true
249600,5.2000,267.87,0.9867,60.41,true
249728,5.2027,266.98,0.9858,60.35,true
249856,5.2053,266.89,0.9857,60.34,true
249984,5.2080,266.86,0.9868,60.34,true
250112,5.2107,266.84,0.9875,60.34,true
250240,5.2133,266.60,0.9893,60.33,true
250368,5.2160,266.51,0.9900,60.32,true
250496,5.2187,266.43,0.9908,60.32,true
250624,5.2213,266.40,0.9907,60.31,true
250752,5.2240,266.33,0.9899,60.31,true
250880,5.2267,265.43,0.9910,60.25,true
251008,5.2293,265.32,0.9907,60.24,true
251136,5.2320,265.19,0.9911,60.23,true
251264,5.2347,265.18,0.9897,60.23,true
251392,5.2373,265.08,0.9887,60.23,true
251520,5.2400,264.98,0.9881,60.22,true
251648,5.2427,264.88,0.9876,60.21,true
251776,5.2453,264.85,0.9885,60.21,true
251904,5.2480,264.10,0.9883,60.16,true
252032,5.2507,264.08,0.9892,60.16,true
252160,5.2533,264.04,0.9898,60.16,true
252288,5.2560,264.04,0.9913,60.16,true
252416,5.2587,264.09,0.9909,60.16,true
252544,5.2613,264.02,0.9902,60.16,true
252672,5.2640,263.93,0.9904,60.15,true
252800,5.2667,263.90,0.9902,60.15,true
252928,5.2693,263.85,0.9902,60.15,true
253056,5.2720,263.78,0.9903,60.14,true
253184,5.2747,263.72,0.9905,60.14,true
253312,5.2773,263.71,0.9908,60.14,true
253440,5.2800,263.67,0.9910,60.14,true
253568,5.2827,263.71,0.9914,60.14,true
253696,5.2853,263.73,0.9911,60.14,true
253824,5.2880,263.69,0.9904,60.14,true
253952,5.2907,263.72,0.9905,60.14,true
254080,5.2933,263.76,0.9900,60.14,true
254208,5.2960,263.90,0.9893,60.15,true
254336,5.2987,263.86,0.9888,60.15,true
254464,5.3013,263.90,0.9888,60.15,true
254592,5.3040,263.92,0.9894,60.15,true
254720,5.3067,263.99,0.9900,60.16,true
254848,5.3093,264.03,0.9907,60.16,true
254976,5.3120,264.06,0.9891,60.16,true
255104,5.3147,264.85,0.9886,60.21,true
255232,5.3173,264.07,0.9886,60.16,true
255360,5.3200,264.92,0.9886,60.22,true
255488,5.3227,265.02,0.9885,60.22,true
255616,5.3253,265.10,0.9883,60.23,true
255744,5.3280,265.21,0.9879,60.24,true
255872,5.3307,265.33,0.9875,60.24,true
256000,5.3333,265.46,0.9883,60.25,true
256128,5.3360,266.34,0.9887,60.31,true
256256,5.3387,266.53,0.9900,60.32,true
256384,5.3413,266.68,0.9909,60.33,true
256512,5.3440,266.74,0.9907,60.33,true
256640,5.3467,266.94,0.9889,60.35,true
256768,5.3493,266.96,0.9876,60.35,true
256896,5.3520,267.03,0.9876,60.35,true
257024,5.3547,267.84,0.9881,60.41,true
257152,5.3573,267.94,0.9879,60.41,true
257280,5.3600,268.02,0.9883,60.42,true
257408,5.3627,268.07,0.9879,60.42,true
257536,5.3653,268.12,0.9889,60.42,true
257664,5.3680,268.11,0.9898,60.42,true
257792,5.3707,268.20,0.9911,60.43,true
257920,5.3733,268.22,0.9919,60.43,true
258048,5.3760,268.23,0.9921,60.43,true
258176,5.3787,268.24,0.9902,60.43,true
258304,5.3813,268.29,0.9888,60.44,true
258432,5.3840,268.22,0.9879,60.43,true
258560,5.3867,268.36,0.9873,60.44,true
258688,5.3893,268.43,0.9873,60.44,true
258816,5.3920,268.45,0.9881,60.45,true
258944,5.3947,269.29,0.9872,60.50,true
259072,5.3973,269.42,0.9869,60.51,true
259200,5.4000,269.43,0.9876,60.51,true
259328,5.4027,269.44,0.9894,60.51,true
259456,5.4053,269.45,0.9897,60.51,true
259584,5.4080,269.36,0.9885,60.50,true
259712,5.4107,269.33,0.9882,60.50,true
259840,5.4133,269.35,0.9878,60.50,true
259968,5.4160,268.51,0.9877,60.45,true
260096,5.4187,268.46,0.9893,60.45,true
260224,5.4213,268.34,0.9898,60.44,true
260352,5.4240,268.15,0.9891,60.43,true
260480,5.4267,268.17,0.9897,60.43,true
260608,5.4293,268.19,0.9904,60.43,true
260736,5.4320,268.08,0.9887,60.42,true
260864,5.4347,267.97,0.9875,60.41,true
260992,5.4373,267.88,0.9864,60.41,true
261120,5.4400,267.03,0.9861,60.35,true
261248,5.4427,267.02,0.9861,60.35,true
261376,5.4453,267.03,0.9864,60.35,true
261504,5.4480,266.92,0.9871,60.35,true
261632,5.4507,266.79,0.9875,60.34,true
261760,5.4533,266.70,0.9890,60.33,true
261888,5.4560,266.63,0.9907,60.33,true
262016,5.4587,266.51,0.9903,60.32,true
262144,5.4613,266.46,0.9904,60.32,true
262272,5.4640,266.34,0.9896,60.31,true
262400,5.4667,265.47,0.9908,60.25,true
262528,5.4693,265.35,0.9907,60.24,true
262656,5.4720,265.22,0.9913,60.24,true
262784,5.4747,265.11,0.9918,60.23,true
262912,5.4773,265.05,0.9917,60.23,true
263040,5.4800,264.99,0.9910,60.22,true
263168,5.4827,264.85,0.9913,60.21,true
263296,5.4853,264.03,0.9922,60.16,true
263424,5.4880,263.90,0.9915,60.15,true
263552,5.4907,263.85,0.9907,60.15,true
263680,5.4933,263.81,0.9906,60.14,true
263808,5.4960,263.71,0.9890,60.14,true
263936,5.4987,263.59,0.9885,60.13,true
264064,5.5013,263.51,0.9885,60.12,true
264192,5.5040,262.63,0.9867,60.07,true
264320,5.5067,262.53,0.9868,60.06,true
264448,5.5093,262.53,0.9867,60.06,true
264576,5.5120,262.52,0.9868,60.06,true
264704,5.5147,262.49,0.9868,60.06,true
264832,5.5173,262.48,0.9870,60.06,true
264960,5.5200,262.39,0.9883,60.05,true
265088,5.5227,262.48,0.9882,60.06,true
265216,5.5253,262.54,0.9892,60.06,true
265344,5.5280,262.54,0.9892,60.06,true
265472,5.5307,262.58,0.9893,60.06,true
265600,5.5333,262.64,0.9884,60.07,true
265728,5.5360,263.43,0.9889,60.12,true
265856,5.5387,263.44,0.9897,60.12,true
265984,5.5413,263.52,0.9906,60.12,true
266112,5.5440,263.45,0.9904,60.12,true
266240,5.5467,263.52,0.9903,60.12,true
266368,5.5493,263.48,0.9909,60.12,true
266496,5.5520,263.55,0.9909,60.13,true
266624,5.5547,263.59,0.9923,60.13,true
266752,5.5573,263.54,0.9921,60.13,true
266880,5.5600,263.58,0.9921,60.13,true
267008,5.5627,263.57,0.9922,60.13,true
267136,5.5653,263.57,0.9927,60.13,true
267264,5.5680,263.59,0.9926,60.13,true
267392,5.5707,263.75,0.9928,60.14,true
267520,5.5733,263.72,0.9924,60.14,true
267648,5.5760,263.73,0.9926,60.14,true
267776,5.5787,263.86,0.9922,60.15,true
267904,5.5813,263.93,0.9920,60.15,true
268032,5.5840,264.04,0.9916,60.16,true
268160,5.5867,264.90,0.9917,60.22,true
268288,5.5893,264.92,0.9910,60.22,true
268416,5.5920,264.96,0.9903,60.22,true
268544,5.5947,265.05,0.9896,60.23,true
268672,5.5973,265.20,0.9884,60.23,true
268800,5.6000,265.21,0.9883,60.24,true
268928,5.6027,265.34,0.9878,60.24,true
269056,5.6053,265.45,0.9864,60.25,true
269184,5.6080,266.60,0.9845,60.33,true
269312,5.6107,266.90,0.9851,60.35,true
269440,5.6133,267.03,0.9846,60.35,true
269568,5.6160,267.89,0.9856,60.41,true
269696,5.6187,267.96,0.9856,60.41,true
269824,5.6213,268.12,0.9848,60.42,true
269952,5.6240,268.33,0.9831,60.44,true
270080,5.6267,268.45,0.9823,60.45,true
270208,5.6293,268.53,0.9823,60.45,true
270336,5.6320,269.43,0.9810,60.51,true
270464,5.6347,269.74,0.9816,60.53,true
270592,5.6373,269.74,0.9817,60.53,true
270720,5.6400,269.84,0.9827,60.54,true
270848,5.6427,269.70,0.9835,60.53,true
270976,5.6453,269.66,0.9823,60.52,true
271104,5.6480,269.78,0.9839,60.53,true
271232,5.6507,269.85,0.9847,60.54,true
271360,5.6533,269.91,0.9848,60.54,true
271488,5.6560,269.91,0.9864,60.54,true
271616,5.6587,269.90,0.9884,60.54,true
271744,5.6613,269.86,0.9881,60.54,true
271872,5.6640,270.84,0.9885,60.60,true
272000,5.6667,270.90,0.9901,60.60,true
272128,5.6693,270.93,0.9907,60.61,true
272256,5.6720,270.91,0.9903,60.60,true
272384,5.6747,270.91,0.9900,60.60,true
272512,5.6773,270.92,0.9892,60.60,true
272640,5.6800,270.99,0.9889,60.61,true
272768,5.6827,270.94,0.9888,60.61,true
272896,5.6853,270.88,0.9887,60.60,true
273024,5.6880,270.01,0.9890,60.55,true
273152,5.6907,269.88,0.9892,60.54,true
273280,5.6933,269.82,0.9884,60.53,true
273408,5.6960,269.65,0.9891,60.52,true
273536,5.6987,269.63,0.9898,60.52,true
273664,5.7013,269.50,0.9896,60.51,true
273792,5.7040,269.52,0.9892,60.51,true
273920,5.7067,269.38,0.9872,60.51,true
274048,5.7093,268.43,0.9862,60.44,true
274176,5.7120,268.34,0.9852,60.44,true
274304,5.7147,268.23,0.9855,60.43,true
274432,5.7173,268.05,0.9839,60.42,true
274560,5.7200,266.94,0.9834,60.35,true
274688,5.7227,266.72,0.9850,60.33,true
274816,5.7253,266.54,0.9854,60.32,true
274944,5.7280,266.33,0.9857,60.31,true
275072,5.7307,265.50,0.9863,60.25,true
275200,5.7333,265.45,0.9878,60.25,true
275328,5.7360,265.31,0.9872,60.24,true
275456,5.7387,265.20,0.9865,60.24,true
275584,5.7413,265.14,0.9870,60.23,true
275712,5.7440,265.07,0.9862,60.23,true
275840,5.7467,264.97,0.9847,60.22,true
275968,5.7493,264.92,0.9843,60.22,true
276096,5.7520,264.03,0.9851,60.16,true
276224,5.7547,263.86,0.9857,60.15,true
276352,5.7573,263.78,0.9871,60.14,true
276480,5.7600,263.74,0.9880,60.14,true
276608,5.7627,263.59,0.9888,60.13,true
276736,5.7653,263.43,0.9856,60.12,true
276864,5.7680,262.58,0.9857,60.06,true
276992,5.7707,262.48,0.9837,60.06,true
277120,5.7733,262.26,0.9830,60.04,true
277248,5.7760,262.23,0.9821,60.04,true
277376,5.7787,262.19,0.9817,60.04,true
277504,5.7813,262.05,0.9803,60.03,true
277632,5.7840,261.19,0.9804,59.97,true
277760,5.7867,261.97,0.9834,60.02,true
277888,5.7893,262.00,0.9853,60.02,true
278016,5.7920,261.95,0.9871,60.02,true
278144,5.7947,262.02,0.9888,60.03,true
278272,5.7973,261.17,0.9895,59.97,true
278400,5.8000,261.11,0.9898,59.97,true
278528,5.8027,261.12,0.9915,59.97,true
278656,5.8053,261.13,0.9921,59.97,true
278784,5.8080,261.07,0.9923,59.96,true
278912,5.8107,261.10,0.9920,59.96,true
279040,5.8133,261.10,0.9925,59.97,true
279168,5.8160,261.08,0.9923,59.96,true
279296,5.8187,261.17,0.9915,59.97,true
279424,5.8213,261.14,0.9920,59.97,true
279552,5.8240,261.06,0.9903,59.96,true
279680,5.8267,261.04,0.9890,59.96,true
279808,5.8293,261.02,0.9884,59.96,true
279936,5.8320,260.97,0.9881,59.96,true
280064,5.8347,260.90,0.9875,59.95,true
280192,5.8373,260.82,0.9874,59.95,true
280320,5.8400,260.76,0.9884,59.94,true
280448,5.8427,260.74,0.9879,59.94,true
280576,5.8453,260.84,0.9885,59.95,true
280704,5.8480,260.86,0.9898,59.95,true
280832,5.8507,260.95,0.9890,59.96,true
280960,5.8533,260.98,0.9888,59.96,true
281088,5.8560,261.05,0.9888,59.96,true
281216,5.8587,261.18,0.9885,59.97,true
281344,5.8613,262.04,0.9882,60.03,true
281472,5.8640,262.25,0.9904,60.04,true
281600,5.8667,262.33,0.9922,60.05,true
281728,5.8693,262.42,0.9922,60.05,true
281856,5.8720,262.47,0.9922,60.06,true
281984,5.8747,262.65,0.9919,60.07,true
282112,5.8773,263.43,0.9923,60.12,true
282240,5.8800,263.44,0.9920,60.12,true
282368,5.8827,263.47,0.9929,60.12,true
282496,5.8853,263.60,0.9927,60.13,true
282624,5.8880,263.78,0.9919,60.14,true
282752,5.8907,263.92,0.9920,60.15,true
282880,5.8933,264.04,0.9918,60.16,true
283008,5.8960,264.87,0.9904,60.21,true
283136,5.8987,264.99,0.9909,60.22,true
283264,5.9013,265.15,0.9922,60.23,true
283392,5.9040,265.33,0.9918,60.24,true
283520,5.9067,265.52,0.9909,60.26,true
283648,5.9093,266.31,0.9912,60.31,true
283776,5.9120,266.44,0.9919,60.32,true
283904,5.9147,266.73,0.9905,60.33,true
284032,5.9173,266.87,0.9902,60.34,true
284160,5.9200,267.01,0.9892,60.35,true
284288,5.9227,268.06,0.9881,60.42,true
284416,5.9253,268.38,0.9868,60.44,true
284544,5.9280,269.31,0.9857,60.50,true
284672,5.9307,269.42,0.9862,60.51,true
284800,5.9333,269.68,0.9867,60.52,true
284928,5.9360,269.82,0.9871,60.53,true
285056,5.9387,269.89,0.9880,60.54,true
285184,5.9413,269.92,0.9877,60.54,true
285312,5.9440,269.97,0.9880,60.54,true
285440,5.9467,270.84,0.9874,60.60,true
285568,5.9493,270.83,0.9888,60.60,true
285696,5.9520,270.90,0.9901,60.60,true
285824,5.9547,270.95,0.9909,60.61,true
285952,5.9573,271.00,0.9915,60.61,true
286080,5.9600,271.04,0.9921,60.61,true
286208,5.9627,271.07,0.9928,60.61,true
286336,5.9653,271.06,0.9929,60.61,true
286464,5.9680,271.01,0.9936,60.61,true
286592,5.9707,270.97,0.9935,60.61,true
286720,5.9733,270.91,0.9930,60.60,true
286848,5.9760,270.84,0.9920,60.60,true
286976,5.9787,269.99,0.9913,60.54,true
287104,5.9813,269.95,0.9898,60.54,true
287232,5.9840,269.92,0.9896,60.54,true
287360,5.9867,269.87,0.9900,60.54,true
287488,5.9893,269.81,0.9891,60.53,true
287616,5.9920,269.69,0.9890,60.53,true
287744,5.9947,269.62,0.9885,60.52,true
287872,5.9973,269.57,0.9901,60.52,true
288000,6.0000,269.58,0.9903,60.52,true
288128,6.0027,269.43,0.9907,60.51,true
288256,6.0053,269.31,0.9906,60.50,true
288384,6.0080,268.46,0.9900,60.45,true
288512,6.0107,268.30,0.9902,60.44,true
288640,6.0133,268.22,0.9891,60.43,true
288768,6.0160,268.11,0.9898,60.42,true
288896,6.0187,267.97,0.9891,60.41,true
289024,6.0213,266.97,0.9904,60.35,true
289152,6.0240,266.96,0.9904,60.35,true
289280,6.0267,266.91,0.9906,60.35,true
289408,6.0293,266.72,0.9909,60.33,true
289536,6.0320,266.65,0.9917,60.33,true
289664,6.0347,266.59,0.9927,60.33,true
289792,6.0373,266.39,0.9908,60.31,true
289920,6.0400,265.51,0.9912,60.26,true
290048,6.0427,265.45,0.9914,60.25,true
290176,6.0453,265.43,0.9916,60.25,true
290304,6.0480,265.25,0.9918,60.24,true
290432,6.0507,265.27,0.9918,60.24,true
290560,6.0533,265.20,0.9918,60.24,true
290688,6.0560,265.07,0.9916,60.23,true
290816,6.0587,265.09,0.9918,60.23,true
290944,6.0613,265.02,0.9915,60.22,true
291072,6.0640,264.90,0.9900,60.22,true
291200,6.0667,264.08,0.9892,60.16,true
291328,6.0693,264.09,0.9887,60.16,true
291456,6.0720,263.93,0.9882,60.15,true
291584,6.0747,263.82,0.9887,60.14,true
291712,6.0773,263.73,0.9886,60.14,true
291840,6.0800,263.67,0.9884,60.13,true
291968,6.0827,263.52,0.9877,60.13,true
292096,6.0853,263.48,0.9874,60.12,true
292224,6.0880,263.38,0.9872,60.12,true
292352,6.0907,263.47,0.9861,60.12,true
292480,6.0933,263.51,0.9857,60.12,true
292608,6.0960,263.49,0.9851,60.12,true
292736,6.0987,263.50,0.9857,60.12,true
292864,6.1013,263.48,0.9862,60.12,true
292992,6.1040,263.53,0.9867,60.13,true
293120,6.1067,263.55,0.9881,60.13,true
293248,6.1093,263.56,0.9886,60.13,true
293376,6.1120,263.47,0.9898,60.12,true
293504,6.1147,263.43,0.9904,60.12,true
293632,6.1173,263.54,0.9904,60.13,true
293760,6.1200,263.57,0.9904,60.13,true
293888,6.1227,263.66,0.9904,60.13,true
294016,6.1253,263.76,0.9909,60.14,true
294144,6.1280,263.81,0.9908,60.14,true
294272,6.1307,263.81,0.9907,60.14,true
294400,6.1333,263.85,0.9915,60.15,true
294528,6.1360,263.99,0.9915,60.16,true
294656,6.1387,263.97,0.9916,60.15,true
294784,6.1413,264.02,0.9918,60.16,true
294912,6.1440,264.08,0.9912,60.16,true
295040,6.1467,264.89,0.9912,60.21,true
295168,6.1493,264.98,0.9917,60.22,true
295296,6.1520,265.07,0.9926,60.23,true
295424,6.1547,265.15,0.9921,60.23,true
295552,6.1573,265.18,0.9911,60.23,true
295680,6.1600,265.28,0.9907,60.24,true
295808,6.1627,265.33,0.9898,60.24,true
295936,6.1653,265.41,0.9881,60.25,true
296064,6.1680,265.53,0.9863,60.26,true
296192,6.1707,266.46,0.9857,60.32,true
296320,6.1733,266.89,0.9833,60.35,true
296448,6.1760,267.82,0.9823,60.41,true
296576,6.1787,267.98,0.9824,60.42,true
296704,6.1813,268.27,0.9810,60.43,true
296832,6.1840,268.53,0.9821,60.45,true
296960,6.1867,269.29,0.9822,60.50,true
297088,6.1893,269.32,0.9807,60.50,true
297216,6.1920,269.41,0.9796,60.51,true
297344,6.1947,269.57,0.9786,60.52,true
297472,6.1973,269.67,0.9802,60.52,true
297600,6.2000,269.68,0.9822,60.53,true
297728,6.2027,269.68,0.9836,60.53,true
297856,6.2053,269.67,0.9848,60.52,true
297984,6.2080,269.70,0.9862,60.53,true
298112,6.2107,269.73,0.9881,60.53,true
298240,6.2133,269.76,0.9899,60.53,true
298368,6.2160,269.69,0.9912,60.53,true
298496,6.2187,269.67,0.9910,60.52,true
298624,6.2213,269.76,0.9905,60.53,true
298752,6.2240,269.78,0.9901,60.53,true
298880,6.2267,269.78,0.9903,60.53,true
299008,6.2293,269.80,0.9888,60.53,true
299136,6.2320,269.87,0.9881,60.54,true
299264,6.2347,269.95,0.9874,60.54,true
299392,6.2373,270.82,0.9868,60.60,true
299520,6.2400,270.04,0.9869,60.55,true
299648,6.2427,269.96,0.9871,60.54,true
299776,6.2453,270.03,0.9876,60.55,true
299904,6.2480,270.81,0.9872,60.60,true
300032,6.2507,269.99,0.9883,60.54,true
300160,6.2533,269.95,0.9890,60.54,true
300288,6.2560,269.92,0.9899,60.54,true
300416,6.2587,269.75,0.9900,60.53,true
300544,6.2613,269.75,0.9900,60.53,true
300672,6.2640,269.71,0.9904,60.53,true
300800,6.2667,269.50,0.9880,60.51,true
300928,6.2693,269.35,0.9868,60.50,true
301056,6.2720,269.31,0.9871,60.50,true
301184,6.2747,268.49,0.9872,60.45,true
301312,6.2773,268.34,0.9880,60.44,true
301440,6.2800,268.25,0.9880,60.43,true
301568,6.2827,268.13,0.9877,60.43,true
301696,6.2853,267.96,0.9869,60.41,true
301824,6.2880,267.85,0.9870,60.41,true
301952,6.2907,266.99,0.9872,60.35,true
302080,6.2933,266.91,0.9881,60.35,true
302208,6.2960,266.71,0.9881,60.33,true
302336,6.2987,266.56,0.9884,60.32,true
302464,6.3013,266.53,0.9888,60.32,true
302592,6.3040,265.49,0.9875,60.25,true
302720,6.3067,265.21,0.9885,60.24,true
302848,6.3093,265.14,0.9891,60.23,true
302976,6.3120,265.04,0.9891,60.22,true
303104,6.3147,264.86,0.9883,60.21,true
303232,6.3173,264.06,0.9874,60.16,true
303360,6.3200,263.99,0.9884,60.16,true
303488,6.3227,263.87,0.9885,60.15,true
303616,6.3253,263.84,0.9878,60.15,true
303744,6.3280,263.85,0.9882,60.15,true
303872,6.3307,263.74,0.9885,60.14,true
304000,6.3333,263.59,0.9874,60.13,true
304128,6.3360,263.44,0.9871,60.12,true
304256,6.3387,263.46,0.9879,60.12,true
304384,6.3413,262.61,0.9877,60.06,true
304512,6.3440,262.48,0.9884,60.06,true
304640,6.3467,262.46,0.9887,60.05,true
304768,6.3493,262.44,0.9883,60.05,true
304896,6.3520,262.36,0.9883,60.05,true
305024,6.3547,262.42,0.9893,60.05,true
305152,6.3573,262.46,0.9892,60.06,true
305280,6.3600,262.38,0.9900,60.05,true
305408,6.3627,262.37,0.9902,60.05,true
305536,6.3653,262.46,0.9906,60.06,true
305664,6.3680,262.46,0.9902,60.06,true
305792,6.3707,262.47,0.9900,60.06,true
305920,6.3733,262.55,0.9910,60.06,true
306048,6.3760,263.38,0.9905,60.12,true
306176,6.3787,263.49,0.9915,60.12,true
306304,6.3813,263.58,0.9923,60.13,true
306432,6.3840,263.75,0.9924,60.14,true
306560,6.3867,263.81,0.9929,60.14,true
306688,6.3893,263.87,0.9940,60.15,true
306816,6.3920,263.96,0.9943,60.15,true
306944,6.3947,264.07,0.9937,60.16,true
307072,6.3973,264.84,0.9935,60.21,true
307200,6.4000,264.85,0.9937,60.21,true
307328,6.4027,264.93,0.9931,60.22,true
307456,6.4053,264.92,0.9927,60.22,true
307584,6.4080,265.00,0.9925,60.22,true
307712,6.4107,265.10,0.9914,60.23,true
307840,6.4133,265.14,0.9905,60.23,true
307968,6.4160,265.23,0.9897,60.24,true
308096,6.4187,265.40,0.9883,60.25,true
308224,6.4213,265.48,0.9879,60.25,true
308352,6.4240,266.39,0.9880,60.31,true
308480,6.4267,266.51,0.9891,60.32,true
308608,6.4293,266.58,0.9892,60.32,true
308736,6.4320,266.80,0.9880,60.34,true
308864,6.4347,267.03,0.9866,60.35,true
308992,6.4373,267.84,0.9857,60.41,true
309120,6.4400,267.96,0.9825,60.41,true
309248,6.4427,268.15,0.9829,60.43,true
309376,6.4453,268.22,0.9812,60.43,true
309504,6.4480,268.37,0.9806,60.44,true
309632,6.4507,268.51,0.9804,60.45,true
309760,6.4533,268.49,0.9797,60.45,true
309888,6.4560,268.49,0.9804,60.45,true
310016,6.4587,269.43,0.9817,60.51,true
310144,6.4613,269.47,0.9848,60.51,true
310272,6.4640,269.59,0.9870,60.52,true
310400,6.4667,269.58,0.9879,60.52,true
310528,6.4693,269.54,0.9876,60.52,true
310656,6.4720,269.53,0.9876,60.52,true
310784,6.4747,269.53,0.9890,60.52,true
310912,6.4773,269.55,0.9897,60.52,true
311040,6.4800,269.46,0.9904,60.51,true
311168,6.4827,269.45,0.9905,60.51,true
311296,6.4853,269.40,0.9903,60.51,true
311424,6.4880,269.47,0.9900,60.51,true
311552,6.4907,269.45,0.9890,60.51,true
311680,6.4933,269.37,0.9871,60.51,true
311808,6.4960,269.45,0.9867,60.51,true
311936,6.4987,269.38,0.9854,60.51,true
312064,6.5013,269.38,0.9855,60.51,true
312192,6.5040,268.50,0.9852,60.45,true
312320,6.5067,268.47,0.9848,60.45,true
312448,6.5093,268.35,0.9855,60.44,true
312576,6.5120,268.31,0.9871,60.44,true
312704,6.5147,268.28,0.9886,60.43,true
312832,6.5173,268.04,0.9897,60.42,true
312960,6.5200,267.96,0.9909,60.41,true
313088,6.5227,267.89,0.9910,60.41,true
313216,6.5253,267.86,0.9907,60.41,true
313344,6.5280,267.79,0.9905,60.40,true
313472,6.5307,266.93,0.9908,60.35,true
313600,6.5333,266.84,0.9899,60.34,true
313728,6.5360,266.63,0.9895,60.33,true
313856,6.5387,266.54,0.9890,60.32,true
313984,6.5413,266.40,0.9880,60.31,true
314112,6.5440,265.52,0.9881,60.26,true
314240,6.5467,265.31,0.9874,60.24,true
314368,6.5493,265.15,0.9879,60.23,true
314496,6.5520,265.12,0.9881,60.23,true
314624,6.5547,265.01,0.9875,60.22,true
314752,6.5573,264.97,0.9876,60.22,true
314880,6.5600,264.92,0.9877,60.22,true
315008,6.5627,264.09,0.9873,60.16,true
315136,6.5653,263.96,0.9878,60.15,true
315264,6.5680,263.92,0.9892,60.15,true
315392,6.5707,263.76,0.9877,60.14,true
315520,6.5733,263.61,0.9886,60.13,true
315648,6.5760,263.55,0.9901,60.13,true
315776,6.5787,263.53,0.9897,60.13,true
315904,6.5813,262.61,0.9893,60.07,true
316032,6.5840,262.50,0.9898,60.06,true
316160,6.5867,262.45,0.9897,60.05,true
316288,6.5893,262.39,0.9892,60.05,true
316416,6.5920,262.43,0.9890,60.05,true
316544,6.5947,262.36,0.9891,60.05,true
316672,6.5973,262.36,0.9884,60.05,true
316800,6.6000,262.25,0.9892,60.04,true
316928,6.6027,262.31,0.9903,60.05,true
317056,6.6053,262.39,0.9905,60.05,true
317184,6.6080,262.43,0.9908,60.05,true
317312,6.6107,262.49,0.9911,60.06,true
317440,6.6133,262.51,0.9921,60.06,true
317568,6.6160,262.59,0.9921,60.06,true
317696,6.6187,262.59,0.9930,60.06,true
317824,6.6213,263.41,0.9929,60.12,true
317952,6.6240,263.46,0.9928,60.12,true
318080,6.6267,262.64,0.9923,60.07,true
318208,6.6293,262.64,0.9928,60.07,true
318336,6.6320,263.39,0.9927,60.12,true
318464,6.6347,263.39,0.9921,60.12,true
318592,6.6373,263.38,0.9917,60.12,true
318720,6.6400,263.45,0.9914,60.12,true
318848,6.6427,263.42,0.9913,60.12,true
318976,6.6453,263.38,0.9908,60.12,true
319104,6.6480,263.43,0.9915,60.12,true
319232,6.6507,263.45,0.9910,60.12,true
319360,6.6533,263.40,0.9911,60.12,true
319488,6.6560,263.40,0.9916,60.12,true
319616,6.6587,262.65,0.9917,60.07,true
319744,6.6613,262.60,0.9925,60.06,true
319872,6.6640,262.64,0.9929,60.07,true
320000,6.6667,263.42,0.9937,60.12,true
320128,6.6693,263.42,0.9933,60.12,true
320256,6.6720,263.46,0.9933,60.12,true
320384,6.6747,263.54,0.9936,60.13,true
320512,6.6773,263.52,0.9928,60.13,true
320640,6.6800,263.56,0.9930,60.13,true
320768,6.6827,263.64,0.9931,60.13,true
320896,6.6853,263.71,0.9925,60.14,true
321024,6.6880,263.83,0.9909,60.15,true
321152,6.6907,264.00,0.9913,60.16,true
321280,6.6933,264.83,0.9913,60.21,true
321408,6.6960,264.95,0.9911,60.22,true
321536,6.6987,265.15,0.9929,60.23,true
321664,6.7013,265.28,0.9933,60.24,true
321792,6.7040,265.45,0.9917,60.25,true
321920,6.7067,266.37,0.9916,60.31,true
322048,6.7093,266.49,0.9919,60.32,true
322176,6.7120,266.74,0.9906,60.34,true
322304,6.7147,267.01,0.9890,60.35,true
322432,6.7173,268.08,0.9891,60.42,true
322560,6.7200,268.33,0.9880,60.44,true
322688,6.7227,269.43,0.9862,60.51,true
322816,6.7253,269.61,0.9858,60.52,true
322944,6.7280,269.86,0.9865,60.54,true
323072,6.7307,270.82,0.9842,60.60,true
323200,6.7333,270.95,0.9845,60.61,true
323328,6.7360,271.01,0.9847,60.61,true
323456,6.7387,271.03,0.9846,60.61,true
323584,6.7413,270.96,0.9852,60.61,true
323712,6.7440,270.94,0.9861,60.61,true
323840,6.7467,271.03,0.9871,60.61,true
323968,6.7493,271.02,0.9875,60.61,true
324096,6.7520,270.91,0.9888,60.60,true
324224,6.7547,270.89,0.9895,60.60,true
324352,6.7573,270.90,0.9901,60.60,true
324480,6.7600,270.82,0.9901,60.60,true
324608,6.7627,270.82,0.9905,60.60,true
324736,6.7653,270.04,0.9905,60.55,true
324864,6.7680,270.01,0.9914,60.55,true
324992,6.7707,269.99,0.9914,60.54,true
325120,6.7733,269.89,0.9914,60.54,true
325248,6.7760,269.81,0.9908,60.53,true
325376,6.7787,269.74,0.9906,60.53,true
325504,6.7813,269.72,0.9909,60.53,true
325632,6.7840,269.62,0.9900,60.52,true
325760,6.7867,269.54,0.9904,60.52,true
325888,6.7893,269.39,0.9896,60.51,true
326016,6.7920,268.46,0.9902,60.45,true
326144,6.7947,268.39,0.9904,60.44,true
326272,6.7973,268.37,0.9912,60.44,true
326400,6.8000,268.31,0.9905,60.44,true
326528,6.8027,268.15,0.9900,60.43,true
326656,6.8053,268.05,0.9902,60.42,true
326784,6.8080,268.03,0.9897,60.42,true
326912,6.8107,267.88,0.9882,60.41,true
327040,6.8133,267.80,0.9872,60.40,true
327168,6.8160,266.94,0.9878,60.35,true
327296,6.8187,266.64,0.9882,60.33,true
327424,6.8213,266.36,0.9890,60.31,true
327552,6.8240,265.52,0.9898,60.26,true
327680,6.8267,265.37,0.9897,60.25,true
327808,6.8293,265.15,0.9920,60.23,true
327936,6.8320,265.12,0.9924,60.23,true
328064,6.8347,265.00,0.9925,60.22,true
328192,6.8373,264.06,0.9920,60.16,true
328320,6.8400,263.95,0.9918,60.15,true
328448,6.8427,263.90,0.9920,60.15,true
328576,6.8453,263.79,0.9914,60.14,true
328704,6.8480,263.76,0.9912,60.14,true
328832,6.8507,263.64,0.9910,60.13,true
328960,6.8533,263.55,0.9901,60.13,true
329088,6.8560,263.46,0.9893,60.12,true
329216,6.8587,263.41,0.9889,60.12,true
329344,6.8613,262.51,0.9898,60.06,true
329472,6.8640,262.45,0.9895,60.05,true
329600,6.8667,262.37,0.9891,60.05,true
329728,6.8693,262.43,0.9810,60.05,true
329856,6.8720,262.35,0.9726,60.05,true
329984,6.8747,262.32,0.9719,60.05,true
330112,6.8773,262.25,0.9648,60.04,true
330240,6.8800,262.26,0.9666,60.04,true
330368,6.8827,262.33,0.9659,60.05,true
330496,6.8853,262.31,0.9669,60.05,true
330624,6.8880,262.31,0.9675,60.05,true
330752,6.8907,262.25,0.9755,60.04,true
330880,6.8933,262.27,0.9827,60.04,true
331008,6.8960,262.31,0.9848,60.04,true
331136,6.8987,262.33,0.9903,60.05,true
331264,6.9013,262.43,0.9896,60.05,true
331392,6.9040,262.49,0.9902,60.06,true
331520,6.9067,262.54,0.9899,60.06,true
331648,6.9093,262.60,0.9909,60.06,true
331776,6.9120,262.64,0.9904,60.07,true
331904,6.9147,263.39,0.9905,60.12,true
332032,6.9173,263.41,0.9904,60.12,true
332160,6.9200,263.48,0.9912,60.12,true
332288,6.9227,263.39,0.9914,60.12,true
332416,6.9253,263.40,0.9914,60.12,true
332544,6.9280,263.40,0.9915,60.12,true
332672,6.9307,263.44,0.9910,60.12,true
332800,6.9333,263.49,0.9912,60.12,true
332928,6.9360,263.55,0.9916,60.13,true
333056,6.9387,263.60,0.9913,60.13,true
333184,6.9413,263.72,0.9927,60.14,true
333312,6.9440,263.90,0.9921,60.15,true
333440,6.9467,263.96,0.9920,60.15,true
333568,6.9493,264.02,0.9919,60.16,true
333696,6.9520,264.87,0.9902,60.21,true
333824,6.9547,265.03,0.9897,60.22,true
333952,6.9573,265.12,0.9898,60.23,true
334080,6.9600,265.26,0.9890,60.24,true
334208,6.9627,265.40,0.9870,60.25,true
334336,6.9653,265.49,0.9863,60.25,true
334464,6.9680,266.38,0.9853,60.31,true
334592,6.9707,266.54,0.9853,60.32,true
334720,6.9733,266.82,0.9860,60.34,true
334848,6.9760,266.95,0.9860,60.35,true
334976,6.9787,267.84,0.9853,60.41,true
335104,6.9813,268.04,0.9855,60.42,true
335232,6.9840,268.21,0.9870,60.43,true
335360,6.9867,268.38,0.9881,60.44,true
335488,6.9893,268.40,0.9880,60.44,true
335616,6.9920,269.29,0.9860,60.50,true
335744,6.9947,269.36,0.9869,60.50,true
335872,6.9973,269.37,0.9857,60.51,true
336000,7.0000,269.45,0.9867,60.51,true
336128,7.0027,269.43,0.9870,60.51,true
336256,7.0053,269.48,0.9877,60.51,true
336384,7.0080,269.53,0.9885,60.52,true
336512,7.0107,269.49,0.9884,60.51,true
336640,7.0133,269.46,0.9898,60.51,true
336768,7.0160,269.39,0.9906,60.51,true
336896,7.0187,269.37,0.9907,60.51,true
337024,7.0213,269.30,0.9901,60.50,true
337152,7.0240,268.44,0.9904,60.45,true
337280,7.0267,268.39,0.9902,60.44,true
337408,7.0293,268.24,0.9907,60.43,true
337536,7.0320,268.21,0.9909,60.43,true
337664,7.0347,268.19,0.9913,60.43,true
337792,7.0373,268.09,0.9909,60.42,true
337920,7.0400,268.05,0.9914,60.42,true
338048,7.0427,268.04,0.9923,60.42,true
338176,7.0453,268.02,0.9919,60.42,true
338304,7.0480,268.03,0.9926,60.42,true
338432,7.0507,268.02,0.9920,60.42,true
338560,7.0533,268.00,0.9911,60.42,true
338688,7.0560,267.83,0.9901,60.41,true
338816,7.0587,267.01,0.9904,60.35,true
338944,7.0613,266.88,0.9909,60.34,true
339072,7.0640,266.80,0.9905,60.34,true
339200,7.0667,266.74,0.9902,60.34,true
339328,7.0693,266.60,0.9907,60.33,true
339456,7.0720,266.45,0.9904,60.32,true
339584,7.0747,266.31,0.9914,60.31,true
339712,7.0773,265.48,0.9913,60.25,true
339840,7.0800,265.38,0.9918,60.25,true
339968,7.0827,265.35,0.9922,60.24,true
340096,7.0853,265.17,0.9928,60.23,true
340224,7.0880,265.08,0.9932,60.23,true
340352,7.0907,265.04,0.9928,60.22,true
340480,7.0933,265.00,0.9909,60.22,true
340608,7.0960,264.92,0.9899,60.22,true
340736,7.0987,264.10,0.9885,60.16,true
340864,7.1013,264.83,0.9876,60.21,true
340992,7.1040,263.89,0.9879,60.15,true
341120,7.1067,263.78,0.9877,60.14,true
341248,7.1093,263.75,0.9863,60.14,true
341376,7.1120,263.50,0.9857,60.12,true
341504,7.1147,263.49,0.9870,60.12,true
341632,7.1173,263.41,0.9872,60.12,true
341760,7.1200,262.64,0.9870,60.07,true
341888,7.1227,262.41,0.9892,60.05,true
342016,7.1253,262.37,0.9904,60.05,true
342144,7.1280,262.35,0.9900,60.05,true
342272,7.1307,262.31,0.9912,60.05,true
342400,7.1333,262.32,0.9909,60.05,true
342528,7.1360,262.36,0.9898,60.05,true
342656,7.1387,262.32,0.9897,60.05,true
342784,7.1413,262.37,0.9894,60.05,true
342912,7.1440,262.40,0.9893,60.05,true
343040,7.1467,262.38,0.9892,60.05,true
343168,7.1493,262.41,0.9895,60.05,true
343296,7.1520,262.51,0.9891,60.06,true
343424,7.1547,262.57,0.9896,60.06,true
343552,7.1573,262.56,0.9905,60.06,true
343680,7.1600,262.64,0.9905,60.07,true
343808,7.1627,262.54,0.9914,60.06,true
343936,7.1653,263.44,0.9909,60.12,true
344064,7.1680,263.50,0.9909,60.12,true
344192,7.1707,263.56,0.9909,60.13,true
344320,7.1733,263.61,0.9910,60.13,true
344448,7.1760,263.66,0.9904,60.13,true
344576,7.1787,263.73,0.9904,60.14,true
344704,7.1813,263.79,0.9889,60.14,true
344832,7.1840,264.01,0.9898,60.16,true
344960,7.1867,264.00,0.9897,60.16,true
345088,7.1893,264.03,0.9902,60.16,true
345216,7.1920,264.10,0.9901,60.16,true
345344,7.1947,264.86,0.9898,60.21,true
345472,7.1973,264.97,0.9907,60.22,true
345600,7.2000,265.04,0.9908,60.22,true
345728,7.2027,265.16,0.9920,60.23,true
345856,7.2053,265.24,0.9920,60.24,true
345984,7.2080,265.30,0.9909,60.24,true
346112,7.2107,265.55,0.9878,60.26,true
346240,7.2133,266.45,0.9862,60.32,true
346368,7.2160,266.60,0.9852,60.33,true
346496,7.2187,266.77,0.9838,60.34,true
346624,7.2213,266.96,0.9820,60.35,true
346752,7.2240,267.91,0.9809,60.41,true
346880,7.2267,268.15,0.9793,60.43,true
347008,7.2293,268.42,0.9803,60.44,true
347136,7.2320,268.39,0.9783,60.44,true
347264,7.2347,268.47,0.9780,60.45,true
347392,7.2373,269.44,0.9772,60.51,true
347520,7.2400,269.63,0.9770,60.52,true
347648,7.2427,269.57,0.9763,60.52,true
347776,7.2453,269.60,0.9764,60.52,true
347904,7.2480,269.55,0.9760,60.52,true
348032,7.2507,269.61,0.9752,60.52,true
348160,7.2533,269.61,0.9781,60.52,true
348288,7.2560,269.54,0.9793,60.52,true
348416,7.2587,269.51,0.9816,60.51,true
348544,7.2613,269.41,0.9822,60.51,true
348672,7.2640,269.36,0.9822,60.50,true
348800,7.2667,268.45,0.9839,60.45,true
348928,7.2693,268.36,0.9864,60.44,true
349056,7.2720,268.19,0.9889,60.43,true
349184,7.2747,268.13,0.9892,60.43,true
349312,7.2773,268.04,0.9892,60.42,true
349440,7.2800,267.86,0.9888,60.41,true
349568,7.2827,266.98,0.9892,60.35,true
349696,7.2853,266.88,0.9901,60.34,true
349824,7.2880,266.80,0.9905,60.34,true
349952,7.2907,266.75,0.9907,60.34,true
350080,7.2933,266.70,0.9896,60.33,true
350208,7.2960,266.64,0.9898,60.33,true
350336,7.2987,266.56,0.9907,60.32,true
350464,7.3013,266.55,0.9907,60.32,true
350592,7.3040,266.42,0.9887,60.31,true
350720,7.3067,266.31,0.9886,60.31,true
350848,7.3093,266.34,0.9891,60.31,true
350976,7.3120,265.51,0.9887,60.26,true
351104,7.3147,265.43,0.9882,60.25,true
351232,7.3173,265.33,0.9895,60.24,true
351360,7.3200,265.26,0.9894,60.24,true
351488,7.3227,265.19,0.9896,60.23,true
351616,7.3253,265.19,0.9894,60.23,true
351744,7.3280,265.10,0.9880,60.23,true
351872,7.3307,265.01,0.9884,60.22,true
352000,7.3333,265.03,0.9880,60.22,true
352128,7.3360,265.01,0.9893,60.22,true
352256,7.3387,264.95,0.9891,60.22,true
352384,7.3413,264.93,0.9888,60.22,true
352512,7.3440,264.92,0.9894,60.22,true
352640,7.3467,264.98,0.9908,60.22,true
352768,7.3493,264.99,0.9918,60.22,true
352896,7.3520,264.94,0.9918,60.22,true
353024,7.3547,264.85,0.9914,60.21,true
353152,7.3573,264.06,0.9900,60.16,true
353280,7.3600,264.04,0.9888,60.16,true
353408,7.3627,263.99,0.9891,60.16,true
353536,7.3653,263.92,0.9899,60.15,true
353664,7.3680,263.79,0.9906,60.14,true
353792,7.3707,263.71,0.9907,60.14,true
353920,7.3733,263.61,0.9911,60.13,true
354048,7.3760,263.56,0.9913,60.13,true
354176,7.3787,263.51,0.9918,60.12,true
354304,7.3813,263.47,0.9921,60.12,true
354432,7.3840,263.38,0.9912,60.12,true
354560,7.3867,262.51,0.9919,60.06,true
354688,7.3893,262.46,0.9926,60.05,true
354816,7.3920,262.38,0.9925,60.05,true
354944,7.3947,262.31,0.9922,60.05,true
355072,7.3973,262.27,0.9927,60.04,true
355200,7.4000,262.21,0.9930,60.04,true
355328,7.4027,262.15,0.9940,60.03,true
355456,7.4053,262.17,0.9940,60.04,true
355584,7.4080,262.15,0.9936,60.03,true
355712,7.4107,262.12,0.9929,60.03,true
355840,7.4133,262.11,0.9929,60.03,true
355968,7.4160,262.09,0.9929,60.03,true
356096,7.4187,262.12,0.9921,60.03,true
356224,7.4213,262.11,0.9906,60.03,true
356352,7.4240,262.08,0.9897,60.03,true
356480,7.4267,262.07,0.9894,60.03,true
356608,7.4293,262.13,0.9887,60.03,true
356736,7.4320,262.14,0.9882,60.03,true
356864,7.4347,262.18,0.9887,60.04,true
356992,7.4373,262.35,0.9883,60.05,true
357120,7.4400,262.36,0.9884,60.05,true
357248,7.4427,262.48,0.9894,60.06,true
357376,7.4453,262.60,0.9891,60.06,true
357504,7.4480,263.46,0.9895,60.12,true
357632,7.4507,263.47,0.9904,60.12,true
357760,7.4533,263.47,0.9914,60.12,true
357888,7.4560,263.67,0.9917,60.13,true
358016,7.4587,263.76,0.9912,60.14,true
358144,7.4613,263.83,0.9915,60.15,true
358272,7.4640,263.90,0.9914,60.15,true
358400,7.4667,264.00,0.9908,60.16,true
358528,7.4693,264.08,0.9898,60.16,true
358656,7.4720,265.03,0.9894,60.22,true
358784,7.4747,265.33,0.9897,60.24,true
358912,7.4773,265.40,0.9886,60.25,true
359040,7.4800,265.55,0.9882,60.26,true
359168,7.4827,266.55,0.9882,60.32,true
359296,7.4853,266.84,0.9891,60.34,true
359424,7.4880,266.99,0.9887,60.35,true
359552,7.4907,267.91,0.9901,60.41,true
359680,7.4933,268.11,0.9895,60.42,true
359808,7.4960,268.23,0.9896,60.43,true
359936,7.4987,268.29,0.9897,60.44,true
360064,7.5013,269.32,0.9884,60.50,true
360192,7.5040,269.41,0.9890,60.51,true
360320,7.5067,269.56,0.9890,60.52,true
360448,7.5093,269.66,0.9885,60.52,true
360576,7.5120,269.86,0.9875,60.54,true
360704,7.5147,269.86,0.9866,60.54,true
360832,7.5173,269.79,0.9873,60.53,true
360960,7.5200,269.83,0.9888,60.53,true
361088,7.5227,269.81,0.9891,60.53,true
361216,7.5253,269.76,0.9896,60.53,true
361344,7.5280,269.72,0.9904,60.53,true
361472,7.5307,269.61,0.9910,60.52,true
361600,7.5333,269.50,0.9920,60.51,true
361728,7.5360,269.47,0.9926,60.51,true
361856,7.5387,269.39,0.9920,60.51,true
361984,7.5413,269.29,0.9911,60.50,true
362112,7.5440,268.41,0.9912,60.44,true
362240,7.5467,268.30,0.9909,60.44,true
362368,7.5493,268.13,0.9913,60.43,true
362496,7.5520,268.02,0.9905,60.42,true
362624,7.5547,267.84,0.9892,60.41,true
362752,7.5573,266.95,0.9882,60.35,true
362880,7.5600,266.79,0.9884,60.34,true
363008,7.5627,266.68,0.9888,60.33,true
363136,7.5653,266.63,0.9877,60.33,true
363264,7.5680,266.56,0.9875,60.32,true
363392,7.5707,266.49,0.9858,60.32,true
363520,7.5733,266.49,0.9856,60.32,true
363648,7.5760,266.52,0.9837,60.32,true
363776,7.5787,266.46,0.9842,60.32,true
363904,7.5813,266.38,0.9853,60.31,true
364032,7.5840,266.33,0.9861,60.31,true
364160,7.5867,266.32,0.9867,60.31,true
364288,7.5893,265.51,0.9872,60.26,true
364416,7.5920,265.49,0.9896,60.25,true
364544,7.5947,265.38,0.9905,60.25,true
364672,7.5973,265.26,0.9915,60.24,true
364800,7.6000,265.21,0.9908,60.24,true
364928,7.6027,265.16,0.9903,60.23,true
365056,7.6053,265.05,0.9891,60.22,true
365184,7.6080,264.99,0.9894,60.22,true
365312,7.6107,264.95,0.9896,60.22,true
365440,7.6133,264.07,0.9891,60.16,true
365568,7.6160,263.99,0.9892,60.16,true
365696,7.6187,263.93,0.9907,60.15,true
365824,7.6213,263.81,0.9911,60.14,true
365952,7.6240,263.72,0.9911,60.14,true
366080,7.6267,263.64,0.9915,60.13,true
366208,7.6293,263.61,0.9914,60.13,true
366336,7.6320,263.50,0.9906,60.12,true
366464,7.6347,263.42,0.9909,60.12,true
366592,7.6373,263.43,0.9914,60.12,true
366720,7.6400,263.39,0.9907,60.12,true
366848,7.6427,262.60,0.9910,60.06,true
366976,7.6453,262.57,0.9915,60.06,true
367104,7.6480,262.54,0.9919,60.06,true
367232,7.6507,262.51,0.9920,60.06,true
367360,7.6533,262.47,0.9927,60.06,true
367488,7.6560,262.52,0.9918,60.06,true
367616,7.6587,262.47,0.9914,60.06,true
367744,7.6613,262.52,0.9915,60.06,true
367872,7.6640,262.58,0.9920,60.06,true
368000,7.6667,262.53,0.9924,60.06,true
368128,7.6693,262.55,0.9925,60.06,true
368256,7.6720,262.61,0.9920,60.06,true
368384,7.6747,262.61,0.9918,60.07,true
368512,7.6773,262.58,0.9922,60.06,true
368640,7.6800,262.60,0.9926,60.06,true
368768,7.6827,263.39,0.9919,60.12,true
368896,7.6853,263.39,0.9918,60.12,true
369024,7.6880,263.49,0.9920,60.12,true
369152,7.6907,263.54,0.9917,60.13,true
369280,7.6933,263.55,0.9914,60.13,true
369408,7.6960,263.59,0.9912,60.13,true
369536,7.6987,263.58,0.9915,60.13,true
369664,7.7013,263.66,0.9913,60.13,true
369792,7.7040,263.62,0.9913,60.13,true
369920,7.7067,263.70,0.9916,60.14,true
370048,7.7093,263.77,0.9914,60.14,true
370176,7.7120,263.82,0.9918,60.14,true
370304,7.7147,263.84,0.9919,60.15,true
370432,7.7173,264.04,0.9914,60.16,true
370560,7.7200,264.96,0.9913,60.22,true
370688,7.7227,265.06,0.9918,60.23,true
370816,7.7253,265.21,0.9922,60.24,true
370944,7.7280,265.35,0.9923,60.24,true
371072,7.7307,265.54,0.9909,60.26,true
371200,7.7333,266.42,0.9926,60.31,true
371328,7.7360,266.56,0.9928,60.32,true
371456,7.7387,266.68,0.9907,60.33,true
371584,7.7413,266.76,0.9902,60.34,true
371712,7.7440,266.88,0.9892,60.34,true
371840,7.7467,267.83,0.9881,60.41,true
371968,7.7493,268.13,0.9883,60.42,true
372096,7.7520,268.22,0.9884,60.43,true
372224,7.7547,268.43,0.9864,60.44,true
372352,7.7573,269.53,0.9883,60.52,true
372480,7.7600,269.64,0.9876,60.52,true
372608,7.7627,269.86,0.9865,60.54,true
372736,7.7653,270.01,0.9853,60.55,true
372864,7.7680,270.88,0.9851,60.60,true
372992,7.7707,270.94,0.9846,60.61,true
373120,7.7733,271.01,0.9842,60.61,true
373248,7.7760,270.97,0.9838,60.61,true
373376,7.7787,271.01,0.9842,60.61,true
373504,7.7813,270.98,0.9852,60.61,true
373632,7.7840,270.97,0.9873,60.61,true
373760,7.7867,271.08,0.9888,60.61,true
373888,7.7893,271.11,0.9898,60.62,true
374016,7.7920,271.11,0.9916,60.62,true
374144,7.7947,271.10,0.9931,60.62,true
374272,7.7973,271.12,0.9937,60.62,true
374400,7.8000,271.11,0.9934,60.62,true
374528,7.8027,271.10,0.9929,60.62,true
374656,7.8053,271.03,0.9921,60.61,true
374784,7.8080,270.88,0.9910,60.60,true
374912,7.8107,270.81,0.9908,60.60,true
375040,7.8133,269.84,0.9900,60.54,true
375168,7.8160,269.62,0.9902,60.52,true
375296,7.8187,269.46,0.9901,60.51,true
375424,7.8213,269.43,0.9908,60.51,true
375552,7.8240,268.46,0.9909,60.45,true
375680,7.8267,268.35,0.9912,60.44,true
375808,7.8293,268.27,0.9924,60.43,true
375936,7.8320,268.20,0.9928,60.43,true
376064,7.8347,268.20,0.9926,60.43,true
376192,7.8373,268.15,0.9926,60.43,true
376320,7.8400,268.05,0.9926,60.42,true
376448,7.8427,267.94,0.9922,60.41,true
376576,7.8453,267.82,0.9911,60.41,true
376704,7.8480,266.98,0.9913,60.35,true
376832,7.8507,266.87,0.9911,60.34,true
376960,7.8533,266.72,0.9913,60.33,true
377088,7.8560,266.60,0.9916,60.33,true
377216,7.8587,266.44,0.9909,60.32,true
377344,7.8613,266.35,0.9901,60.31,true
377472,7.8640,265.44,0.9911,60.25,true
377600,7.8667,265.39,0.9917,60.25,true
377728,7.8693,265.22,0.9907,60.24,true
377856,7.8720,265.07,0.9903,60.23,true
377984,7.8747,264.94,0.9908,60.22,true
378112,7.8773,264.08,0.9904,60.16,true
378240,7.8800,263.92,0.9897,60.15,true
378368,7.8827,263.73,0.9896,60.14,true
378496,7.8853,263.61,0.9894,60.13,true
378624,7.8880,263.38,0.9881,60.12,true
378752,7.8907,262.58,0.9887,60.06,true
378880,7.8933,262.45,0.9898,60.05,true
379008,7.8960,262.41,0.9905,60.05,true
379136,7.8987,262.27,0.9896,60.04,true
379264,7.9013,262.22,0.9896,60.04,true
379392,7.9040,262.19,0.9898,60.04,true
379520,7.9067,262.14,0.9897,60.03,true
379648,7.9093,262.10,0.9900,60.03,true
379776,7.9120,262.01,0.9899,60.03,true
379904,7.9147,262.04,0.9894,60.03,true
380032,7.9173,261.20,0.9887,59.97,true
380160,7.9200,261.96,0.9890,60.02,true
380288,7.9227,261.98,0.9890,60.02,true
380416,7.9253,261.94,0.9890,60.02,true
380544,7.9280,261.95,0.9886,60.02,true
380672,7.9307,261.98,0.9886,60.02,true
380800,7.9333,261.97,0.9875,60.02,true
380928,7.9360,262.00,0.9882,60.02,true
381056,7.9387,262.03,0.9889,60.03,true
381184,7.9413,262.08,0.9884,60.03,true
381312,7.9440,262.09,0.9865,60.03,true
381440,7.9467,262.13,0.9855,60.03,true
381568,7.9493,262.00,0.9843,60.03,true
381696,7.9520,262.02,0.9837,60.03,true
381824,7.9547,262.01,0.9844,60.03,true
381952,7.9573,261.99,0.9841,60.02,true
382080,7.9600,261.98,0.9826,60.02,true
382208,7.9627,261.95,0.9835,60.02,true
382336,7.9653,261.94,0.9859,60.02,true
382464,7.9680,261.19,0.9859,59.97,true
382592,7.9707,262.07,0.9866,60.03,true
382720,7.9733,262.10,0.9870,60.03,true
382848,7.9760,262.31,0.9871,60.05,true
382976,7.9787,262.42,0.9865,60.05,true
383104,7.9813,262.58,0.9877,60.06,true
383232,7.9840,262.64,0.9866,60.07,true
383360,7.9867,263.63,0.9875,60.13,true
383488,7.9893,263.69,0.9889,60.14,true
383616,7.9920,263.79,0.9895,60.14,true
383744,7.9947,263.93,0.9893,60.15,true
383872,7.9973,264.07,0.9889,60.16,true
384000,8.0000,264.88,0.9894,60.21,true
384128,8.0027,265.07,0.9895,60.23,true
384256,8.0053,265.26,0.9906,60.24,true
384384,8.0080,265.26,0.9901,60.24,true
384512,8.0107,265.46,0.9893,60.25,true
384640,8.0133,266.36,0.9884,60.31,true
384768,8.0160,266.47,0.9890,60.32,true
384896,8.0187,266.55,0.9884,60.32,true
385024,8.0213,266.73,0.9872,60.33,true
385152,8.0240,266.83,0.9862,60.34,true
385280,8.0267,266.95,0.9854,60.35,true
385408,8.0293,267.89,0.9837,60.41,true
385536,8.0320,268.00,0.9841,60.42,true
385664,8.0347,268.13,0.9839,60.43,true
385792,8.0373,268.30,0.9849,60.44,true
385920,8.0400,268.47,0.9841,60.45,true
386048,8.0427,269.34,0.9838,60.50,true
386176,8.0453,269.44,0.9844,60.51,true
386304,8.0480,269.36,0.9844,60.50,true
386432,8.0507,269.40,0.9872,60.51,true
386560,8.0533,269.51,0.9875,60.51,true
386688,8.0560,269.58,0.9877,60.52,true
386816,8.0587,269.54,0.9879,60.52,true
386944,8.0613,269.48,0.9880,60.51,true
387072,8.0640,269.40,0.9878,60.51,true
387200,8.0667,269.47,0.9886,60.51,true
387328,8.0693,269.56,0.9899,60.52,true
387456,8.0720,269.60,0.9899,60.52,true
387584,8.0747,269.54,0.9906,60.52,true
387712,8.0773,269.49,0.9912,60.51,true
387840,8.0800,269.47,0.9915,60.51,true
387968,8.0827,269.47,0.9922,60.51,true
388096,8.0853,269.45,0.9930,60.51,true
388224,8.0880,269.38,0.9921,60.51,true
388352,8.0907,269.31,0.9907,60.50,true
388480,8.0933,269.30,0.9889,60.50,true
388608,8.0960,268.45,0.9890,60.45,true
388736,8.0987,268.38,0.9888,60.44,true
388864,8.1013,268.35,0.9879,60.44,true
388992,8.1040,268.24,0.9877,60.43,true
389120,8.1067,268.13,0.9873,60.43,true
389248,8.1093,267.95,0.9881,60.41,true
389376,8.1120,267.85,0.9875,60.41,true
389504,8.1147,266.95,0.9900,60.35,true
389632,8.1173,266.75,0.9888,60.34,true
389760,8.1200,266.63,0.9900,60.33,true
389888,8.1227,266.49,0.9903,60.32,true
390016,8.1253,266.38,0.9890,60.31,true
390144,8.1280,265.52,0.9889,60.26,true
390272,8.1307,265.42,0.9890,60.25,true
390400,8.1333,265.31,0.9883,60.24,true
390528,8.1360,265.12,0.9870,60.23,true
390656,8.1387,265.17,0.9874,60.23,true
390784,8.1413,265.14,0.9881,60.23,true
390912,8.1440,265.01,0.9874,60.22,true
391040,8.1467,264.93,0.9872,60.22,true
391168,8.1493,264.83,0.9866,60.21,true
391296,8.1520,263.98,0.9877,60.16,true
391424,8.1547,263.96,0.9882,60.15,true
391552,8.1573,263.88,0.9895,60.15,true
391680,8.1600,263.76,0.9894,60.14,true
391808,8.1627,263.58,0.9895,60.13,true
391936,8.1653,263.56,0.9900,60.13,true
392064,8.1680,263.51,0.9904,60.12,true
392192,8.1707,263.41,0.9904,60.12,true
392320,8.1733,262.64,0.9892,60.07,true
392448,8.1760,262.52,0.9904,60.06,true
392576,8.1787,262.51,0.9897,60.06,true
392704,8.1813,262.49,0.9895,60.06,true
392832,8.1840,262.48,0.9900,60.06,true
392960,8.1867,262.35,0.9903,60.05,true
393088,8.1893,262.39,0.9897,60.05,true
393216,8.1920,262.39,0.9901,60.05,true
393344,8.1947,262.44,0.9907,60.05,true
393472,8.1973,262.41,0.9911,60.05,true
393600,8.2000,262.41,0.9920,60.05,true
393728,8.2027,262.47,0.9922,60.06,true
393856,8.2053,262.50,0.9918,60.06,true
393984,8.2080,262.60,0.9914,60.06,true
394112,8.2107,262.55,0.9920,60.06,true
394240,8.2133,262.61,0.9917,60.06,true
394368,8.2160,262.59,0.9921,60.06,true
394496,8.2187,262.61,0.9922,60.07,true
394624,8.2213,262.62,0.9923,60.07,true
394752,8.2240,262.59,0.9922,60.06,true
394880,8.2267,262.56,0.9923,60.06,true
395008,8.2293,262.64,0.9924,60.07,true
395136,8.2320,263.47,0.9921,60.12,true
395264,8.2347,263.51,0.9909,60.12,true
395392,8.2373,263.52,0.9907,60.13,true
395520,8.2400,263.59,0.9911,60.13,true
395648,8.2427,263.74,0.9901,60.14,true
395776,8.2453,263.76,0.9899,60.14,true
395904,8.2480,263.85,0.9905,60.15,true
396032,8.2507,263.93,0.9895,60.15,true
396160,8.2533,263.92,0.9900,60.15,true
396288,8.2560,264.04,0.9902,60.16,true
396416,8.2587,264.93,0.9902,60.22,true
396544,8.2613,265.09,0.9908,60.23,true
396672,8.2640,265.06,0.9914,60.23,true
396800,8.2667,265.18,0.9924,60.23,true
396928,8.2693,265.26,0.9924,60.24,true
397056,8.2720,265.38,0.9924,60.25,true
397184,8.2747,266.30,0.9919,60.31,true
397312,8.2773,266.42,0.9913,60.31,true
397440,8.2800,266.45,0.9906,60.32,true
397568,8.2827,266.46,0.9901,60.32,true
397696,8.2853,266.72,0.9887,60.33,true
397824,8.2880,266.75,0.9874,60.34,true
397952,8.2907,266.83,0.9872,60.34,true
398080,8.2933,266.96,0.9850,60.35,true
398208,8.2960,266.87,0.9840,60.34,true
398336,8.2987,266.88,0.9815,60.34,true
398464,8.3013,267.80,0.9801,60.40,true
398592,8.3040,267.99,0.9785,60.42,true
398720,8.3067,267.93,0.9783,60.41,true
398848,8.3093,268.02,0.9790,60.42,true
398976,8.3120,268.13,0.9804,60.43,true
399104,8.3147,268.13,0.9822,60.43,true
399232,8.3173,268.27,0.9841,60.43,true
399360,8.3200,268.31,0.9861,60.44,true
399488,8.3227,268.29,0.9873,60.44,true
399616,8.3253,268.33,0.9891,60.44,true
399744,8.3280,268.44,0.9896,60.44,true
399872,8.3307,268.53,0.9909,60.45,true
400000,8.3333,268.53,0.9903,60.45,true
400128,8.3360,269.33,0.9898,60.50,true
400256,8.3387,269.38,0.9904,60.51,true
400384,8.3413,269.44,0.9908,60.51,true
400512,8.3440,269.50,0.9916,60.51,true
400640,8.3467,269.49,0.9916,60.51,true
400768,8.3493,269.49,0.9919,60.51,true
400896,8.3520,269.41,0.9911,60.51,true
401024,8.3547,269.44,0.9913,60.51,true
401152,8.3573,269.43,0.9912,60.51,true
401280,8.3600,269.38,0.9904,60.51,true
401408,8.3627,268.49,0.9896,60.45,true
401536,8.3653,268.39,0.9901,60.44,true
401664,8.3680,268.34,0.9906,60.44,true
401792,8.3707,268.18,0.9898,60.43,true
401920,8.3733,268.10,0.9889,60.42,true
402048,8.3760,267.99,0.9890,60.42,true
402176,8.3787,267.89,0.9890,60.41,true
402304,8.3813,267.01,0.9884,60.35,true
402432,8.3840,266.87,0.9889,60.34,true
402560,8.3867,266.70,0.9877,60.33,true
402688,8.3893,266.56,0.9877,60.32,true
402816,8.3920,266.40,0.9875,60.31,true
402944,8.3947,266.33,0.9880,60.31,true
403072,8.3973,266.32,0.9883,60.31,true
403200,8.4000,265.35,0.9886,60.24,true
403328,8.4027,265.23,0.9898,60.24,true
403456,8.4053,265.12,0.9903,60.23,true
403584,8.4080,265.04,0.9894,60.22,true
403712,8.4107,264.94,0.9895,60.22,true
403840,8.4133,264.99,0.9894,60.22,true
403968,8.4160,264.86,0.9883,60.21,true
404096,8.4187,264.05,0.9877,60.16,true
404224,8.4213,264.09,0.9871,60.16,true
404352,8.4240,264.00,0.9884,60.16,true
404480,8.4267,264.01,0.9878,60.16,true
404608,8.4293,264.04,0.9882,60.16,true
404736,8.4320,263.96,0.9892,60.15,true
404864,8.4347,263.89,0.9895,60.15,true
404992,8.4373,263.92,0.9892,60.15,true
405120,8.4400,263.83,0.9898,60.15,true
405248,8.4427,263.79,0.9900,60.14,true
405376,8.4453,263.85,0.9892,60.15,true
405504,8.4480,263.77,0.9897,60.14,true
405632,8.4507,263.74,0.9903,60.14,true
405760,8.4533,263.89,0.9884,60.15,true
405888,8.4560,263.87,0.9877,60.15,true
406016,8.4587,264.01,0.9874,60.16,true
406144,8.4613,264.84,0.9873,60.21,true
406272,8.4640,264.87,0.9880,60.21,true
406400,8.4667,264.87,0.9886,60.21,true
406528,8.4693,264.85,0.9891,60.21,true
406656,8.4720,264.89,0.9889,60.21,true
406784,8.4747,264.88,0.9890,60.21,true
406912,8.4773,264.91,0.9899,60.22,true
407040,8.4800,264.89,0.9892,60.21,true
407168,8.4827,264.91,0.9878,60.22,true
407296,8.4853,264.99,0.9875,60.22,true
407424,8.4880,265.02,0.9876,60.22,true
407552,8.4907,265.14,0.9882,60.23,true
407680,8.4933,265.24,0.9893,60.24,true
407808,8.4960,265.25,0.9906,60.24,true
407936,8.4987,265.35,0.9898,60.24,true
408064,8.5013,265.49,0.9891,60.25,true
408192,8.5040,265.54,0.9902,60.26,true
408320,8.5067,266.31,0.9904,60.31,true
408448,8.5093,266.45,0.9901,60.32,true
408576,8.5120,266.53,0.9897,60.32,true
408704,8.5147,266.70,0.9890,60.33,true
408832,8.5173,266.85,0.9884,60.34,true
408960,8.5200,266.92,0.9876,60.35,true
409088,8.5227,266.97,0.9871,60.35,true
409216,8.5253,267.85,0.9871,60.41,true
409344,8.5280,268.01,0.9873,60.42,true
409472,8.5307,268.04,0.9869,60.42,true
409600,8.5333,268.09,0.9867,60.42,true
409728,8.5360,268.14,0.9858,60.43,true
409856,8.5387,268.16,0.9858,60.43,true
409984,8.5413,268.13,0.9854,60.42,true
410112,8.5440,267.97,0.9844,60.41,true
410240,8.5467,268.01,0.9836,60.42,true
410368,8.5493,267.98,0.9830,60.42,true
410496,8.5520,268.01,0.9829,60.42,true
410624,8.5547,267.91,0.9811,60.41,true
410752,8.5573,267.82,0.9807,60.41,true
410880,8.5600,267.79,0.9800,60.40,true
411008,8.5627,266.99,0.9815,60.35,true
411136,8.5653,267.92,0.9818,60.41,true
411264,8.5680,267.90,0.9819,60.41,true
411392,8.5707,267.91,0.9838,60.41,true
411520,8.5733,267.02,0.9838,60.35,true
411648,8.5760,267.81,0.9856,60.40,true
411776,8.5787,267.79,0.9870,60.40,true
411904,8.5813,267.82,0.9878,60.40,true
412032,8.5840,267.94,0.9883,60.41,true
412160,8.5867,267.86,0.9886,60.41,true
412288,8.5893,267.03,0.9889,60.35,true
412416,8.5920,266.96,0.9887,60.35,true
412544,8.5947,267.85,0.9891,60.41,true
412672,8.5973,267.82,0.9891,60.40,true
412800,8.6000,267.90,0.9883,60.41,true
412928,8.6027,267.79,0.9862,60.40,true
413056,8.6053,266.93,0.9861,60.35,true
413184,8.6080,267.81,0.9845,60.40,true
413312,8.6107,267.81,0.9830,60.40,true
413440,8.6133,267.80,0.9824,60.40,true
413568,8.6160,267.82,0.9826,60.41,true
413696,8.6187,267.89,0.9834,60.41,true
413824,8.6213,267.00,0.9842,60.35,true
413952,8.6240,267.85,0.9859,60.41,true
414080,8.6267,267.83,0.9870,60.41,true
414208,8.6293,266.88,0.9870,60.34,true
414336,8.6320,266.91,0.9881,60.35,true
414464,8.6347,266.95,0.9870,60.35,true
414592,8.6373,266.75,0.9859,60.34,true
414720,8.6400,266.53,0.9842,60.32,true
414848,8.6427,266.43,0.9826,60.32,true
414976,8.6453,266.40,0.9824,60.31,true
415104,8.6480,265.53,0.9808,60.26,true
415232,8.6507,265.48,0.9814,60.25,true
415360,8.6533,265.33,0.9826,60.24,true
415488,8.6560,265.14,0.9856,60.23,true
415616,8.6587,265.09,0.9866,60.23,true
415744,8.6613,265.01,0.9869,60.22,true
415872,8.6640,265.02,0.9878,60.22,true
416000,8.6667,264.06,0.9873,60.16,true
416128,8.6693,263.99,0.9884,60.16,true
416256,8.6720,263.96,0.9878,60.15,true
416384,8.6747,263.83,0.9850,60.15,true
416512,8.6773,263.69,0.9837,60.14,true
416640,8.6800,263.60,0.9818,60.13,true
416768,8.6827,263.56,0.9817,60.13,true
416896,8.6853,263.44,0.9815,60.12,true
417024,8.6880,263.39,0.9816,60.12,true
417152,8.6907,262.51,0.9834,60.06,true
417280,8.6933,262.36,0.9845,60.05,true
417408,8.6960,262.36,0.9859,60.05,true
417536,8.6987,262.33,0.9855,60.05,true
417664,8.7013,262.30,0.9868,60.04,true
417792,8.7040,262.30,0.9868,60.04,true
417920,8.7067,262.22,0.9864,60.04,true
418048,8.7093,262.27,0.9852,60.04,true
418176,8.7120,262.32,0.9835,60.05,true
418304,8.7147,262.33,0.9842,60.05,true
418432,8.7173,262.30,0.9854,60.04,true
418560,8.7200,262.35,0.9859,60.05,true
418688,8.7227,262.31,0.9871,60.05,true
418816,8.7253,262.31,0.9884,60.05,true
418944,8.7280,262.37,0.9894,60.05,true
419072,8.7307,262.36,0.9904,60.05,true
419200,8.7333,262.37,0.9908,60.05,true
419328,8.7360,262.39,0.9897,60.05,true
419456,8.7387,262.36,0.9889,60.05,true
419584,8.7413,262.34,0.9889,60.05,true
419712,8.7440,262.37,0.9862,60.05,true
419840,8.7467,262.38,0.9812,60.05,true
419968,8.7493,262.36,0.9766,60.05,true
420096,8.7520,262.44,0.9740,60.05,true
420224,8.7547,262.51,0.9717,60.06,true
420352,8.7573,262.54,0.9714,60.06,true
420480,8.7600,262.63,0.9712,60.07,true
420608,8.7627,263.40,0.9711,60.12,true
420736,8.7653,263.49,0.9729,60.12,true
420864,8.7680,263.54,0.9772,60.13,true
420992,8.7707,263.71,0.9816,60.14,true
421120,8.7733,263.79,0.9826,60.14,true
421248,8.7760,263.83,0.9836,60.15,true
421376,8.7787,264.01,0.9823,60.16,true
421504,8.7813,264.95,0.9785,60.22,true
421632,8.7840,265.21,0.9787,60.24,true
421760,8.7867,265.26,0.9791,60.24,true
421888,8.7893,265.49,0.9775,60.25,true
422016,8.7920,266.44,0.9751,60.32,true
422144,8.7947,266.50,0.9753,60.32,true
422272,8.7973,266.63,0.9773,60.33,true
422400,8.8000,266.74,0.9781,60.34,true
422528,8.8027,266.89,0.9807,60.34,true
422656,8.8053,267.86,0.9817,60.41,true
422784,8.8080,268.01,0.9832,60.42,true
422912,8.8107,268.11,0.9826,60.42,true
423040,8.8133,268.30,0.9842,60.44,true
423168,8.8160,268.46,0.9849,60.45,true
423296,8.8187,269.46,0.9848,60.51,true
423424,8.8213,269.58,0.9859,60.52,true
423552,8.8240,269.59,0.9871,60.52,true
423680,8.8267,269.62,0.9878,60.52,true
423808,8.8293,269.66,0.9887,60.52,true
423936,8.8320,269.66,0.9886,60.52,true
424064,8.8347,269.59,0.9886,60.52,true
424192,8.8373,269.58,0.9877,60.52,true
424320,8.8400,269.50,0.9875,60.51,true
424448,8.8427,269.52,0.9881,60.51,true
424576,8.8453,269.53,0.9881,60.52,true
424704,8.8480,269.49,0.9886,60.51,true
424832,8.8507,269.51,0.9889,60.51,true
424960,8.8533,269.49,0.9891,60.51,true
425088,8.8560,269.48,0.9889,60.51,true
425216,8.8587,269.42,0.9882,60.51,true
425344,8.8613,269.37,0.9882,60.50,true
425472,8.8640,268.52,0.9875,60.45,true
425600,8.8667,268.50,0.9873,60.45,true
425728,8.8693,268.42,0.9870,60.44,true
425856,8.8720,268.32,0.9877,60.44,true
425984,8.8747,268.20,0.9883,60.43,true
426112,8.8773,268.04,0.9886,60.42,true
426240,8.8800,267.96,0.9892,60.41,true
426368,8.8827,267.85,0.9883,60.41,true
426496,8.8853,267.01,0.9885,60.35,true
426624,8.8880,266.96,0.9900,60.35,true
426752,8.8907,266.96,0.9907,60.35,true
426880,8.8933,266.75,0.9890,60.34,true
427008,8.8960,266.67,0.9881,60.33,true
427136,8.8987,266.58,0.9875,60.32,true
427264,8.9013,266.47,0.9880,60.32,true
427392,8.9040,266.35,0.9871,60.31,true
427520,8.9067,265.44,0.9869,60.25,true
427648,8.9093,265.29,0.9880,60.24,true
427776,8.9120,265.21,0.9879,60.24,true
427904,8.9147,265.19,0.9869,60.23,true
428032,8.9173,265.03,0.9871,60.22,true
428160,8.9200,264.86,0.9858,60.21,true
428288,8.9227,263.82,0.9865,60.14,true
428416,8.9253,263.72,0.9861,60.14,true
428544,8.9280,263.53,0.9847,60.13,true
428672,8.9307,262.58,0.9836,60.06,true
428800,8.9333,262.37,0.9846,60.05,true
428928,8.9360,262.25,0.9839,60.04,true
429056,8.9387,262.12,0.9830,60.03,true
429184,8.9413,261.97,0.9819,60.02,true
429312,8.9440,261.16,0.9812,59.97,true
429440,8.9467,260.99,0.9812,59.96,true
429568,8.9493,260.97,0.9816,59.96,true
429696,8.9520,260.91,0.9830,59.95,true
429824,8.9547,260.93,0.9840,59.95,true
429952,8.9573,260.87,0.9850,59.95,true
430080,8.9600,260.89,0.9858,59.95,true
430208,8.9627,260.88,0.9870,59.95,true
430336,8.9653,260.90,0.9876,59.95,true
430464,8.9680,260.98,0.9889,59.96,true
430592,8.9707,260.93,0.9899,59.95,true
430720,8.9733,260.90,0.9891,59.95,true
430848,8.9760,260.92,0.9890,59.95,true
430976,8.9787,260.99,0.9895,59.96,true
431104,8.9813,261.03,0.9890,59.96,true
431232,8.9840,261.07,0.9883,59.96,true
431360,8.9867,261.09,0.9876,59.96,true
431488,8.9893,260.99,0.9870,59.96,true
431616,8.9920,261.02,0.9857,59.96,true
431744,8.9947,261.15,0.9865,59.97,true
431872,8.9973,261.13,0.9866,59.97,true
432000,9.0000,261.06,0.9851,59.96,true
432128,9.0027,261.01,0.9848,59.96,true
432256,9.0053,261.07,0.9853,59.96,true
432384,9.0080,261.12,0.9829,59.97,true
432512,9.0107,262.09,0.9830,60.03,true
432640,9.0133,262.22,0.9819,60.04,true
432768,9.0160,262.40,0.9808,60.05,true
432896,9.0187,262.57,0.9794,60.06,true
433024,9.0213,263.48,0.9802,60.12,true
433152,9.0240,263.56,0.9820,60.13,true
433280,9.0267,263.78,0.9806,60.14,true
433408,9.0293,263.88,0.9820,60.15,true
433536,9.0320,264.03,0.9822,60.16,true
433664,9.0347,264.89,0.9836,60.21,true
433792,9.0373,264.99,0.9854,60.22,true
433920,9.0400,265.10,0.9874,60.23,true
434048,9.0427,265.28,0.9895,60.24,true
434176,9.0453,265.45,0.9898,60.25,true
434304,9.0480,265.49,0.9897,60.25,true
434432,9.0507,266.36,0.9899,60.31,true
434560,9.0533,266.51,0.9902,60.32,true
434688,9.0560,266.56,0.9895,60.32,true
434816,9.0587,266.70,0.9898,60.33,true
434944,9.0613,266.99,0.9865,60.35,true
435072,9.0640,267.89,0.9866,60.41,true
435200,9.0667,268.20,0.9850,60.43,true
435328,9.0693,268.45,0.9826,60.45,true
435456,9.0720,268.53,0.9822,60.45,true
435584,9.0747,269.59,0.9825,60.52,true
435712,9.0773,269.79,0.9840,60.53,true
435840,9.0800,269.94,0.9839,60.54,true
435968,9.0827,269.76,0.9829,60.53,true
436096,9.0853,269.92,0.9814,60.54,true
436224,9.0880,269.93,0.9801,60.54,true
436352,9.0907,269.73,0.9814,60.53,true
436480,9.0933,269.90,0.9801,60.54,true
436608,9.0960,269.82,0.9795,60.53,true
436736,9.0987,269.75,0.9801,60.53,true
436864,9.1013,269.85,0.9789,60.54,true
436992,9.1040,270.03,0.9778,60.55,true
437120,9.1067,270.90,0.9801,60.60,true
437248,9.1093,269.95,0.9798,60.54,true
437376,9.1120,270.93,0.9810,60.61,true
437504,9.1147,270.97,0.9830,60.61,true
437632,9.1173,270.98,0.9848,60.61,true
437760,9.1200,271.07,0.9863,60.61,true
437888,9.1227,270.89,0.9860,60.60,true
438016,9.1253,270.81,0.9869,60.60,true
438144,9.1280,269.99,0.9877,60.54,true
438272,9.1307,270.81,0.9896,60.60,true
438400,9.1333,269.90,0.9907,60.54,true
438528,9.1360,269.80,0.9901,60.53,true
438656,9.1387,269.80,0.9890,60.53,true
438784,9.1413,269.56,0.9885,60.52,true
438912,9.1440,269.48,0.9873,60.51,true
439040,9.1467,269.46,0.9871,60.51,true
439168,9.1493,268.53,0.9868,60.45,true
439296,9.1520,268.36,0.9880,60.44,true
439424,9.1547,268.28,0.9882,60.44,true
439552,9.1573,268.12,0.9885,60.42,true
439680,9.1600,267.95,0.9894,60.41,true
439808,9.1627,267.89,0.9880,60.41,true
439936,9.1653,267.00,0.9873,60.35,true
440064,9.1680,266.92,0.9878,60.35,true
440192,9.1707,266.68,0.9854,60.33,true
440320,9.1733,266.44,0.9846,60.32,true
440448,9.1760,265.53,0.9847,60.26,true
440576,9.1787,265.14,0.9839,60.23,true
440704,9.1813,264.89,0.9844,60.21,true
440832,9.1840,264.88,0.9849,60.21,true
440960,9.1867,264.06,0.9832,60.16,true
441088,9.1893,263.73,0.9864,60.14,true
441216,9.1920,263.75,0.9867,60.14,true
441344,9.1947,263.70,0.9864,60.14,true
441472,9.1973,263.48,0.9856,60.12,true
441600,9.2000,263.54,0.9867,60.13,true
441728,9.2027,263.40,0.9860,60.12,true
441856,9.2053,262.41,0.9870,60.05,true
441984,9.2080,262.38,0.9871,60.05,true
442112,9.2107,262.35,0.9875,60.05,true
442240,9.2133,262.14,0.9874,60.03,true
442368,9.2160,262.06,0.9869,60.03,true
442496,9.2187,262.01,0.9870,60.03,true
442624,9.2213,261.20,0.9866,59.97,true
442752,9.2240,261.09,0.9883,59.96,true
442880,9.2267,261.94,0.9881,60.02,true
443008,9.2293,261.18,0.9874,59.97,true
443136,9.2320,261.11,0.9868,59.97,true
443264,9.2347,261.17,0.9864,59.97,true
443392,9.2373,261.20,0.9878,59.97,true
443520,9.2400,261.95,0.9882,60.02,true
443648,9.2427,261.98,0.9883,60.02,true
443776,9.2453,261.94,0.9882,60.02,true
443904,9.2480,261.99,0.9875,60.02,true
444032,9.2507,262.07,0.9888,60.03,true
444160,9.2533,262.17,0.9899,60.04,true
444288,9.2560,262.20,0.9900,60.04,true
444416,9.2587,262.16,0.9889,60.04,true
444544,9.2613,262.15,0.9879,60.03,true
444672,9.2640,262.09,0.9861,60.03,true
444800,9.2667,262.17,0.9845,60.04,true
444928,9.2693,262.11,0.9850,60.03,true
445056,9.2720,262.05,0.9858,60.03,true
445184,9.2747,262.03,0.9856,60.03,true
445312,9.2773,262.01,0.9853,60.03,true
445440,9.2800,262.15,0.9859,60.03,true
445568,9.2827,262.18,0.9864,60.04,true
445696,9.2853,262.35,0.9882,60.05,true
445824,9.2880,262.38,0.9892,60.05,true
445952,9.2907,262.55,0.9881,60.06,true
446080,9.2933,263.44,0.9876,60.12,true
446208,9.2960,263.48,0.9875,60.12,true
446336,9.2987,263.64,0.9881,60.13,true
446464,9.3013,263.80,0.9876,60.14,true
446592,9.3040,264.01,0.9881,60.16,true
446720,9.3067,264.89,0.9892,60.21,true
446848,9.3093,265.06,0.9906,60.23,true
446976,9.3120,265.17,0.9901,60.23,true
447104,9.3147,265.23,0.9905,60.24,true
447232,9.3173,265.47,0.9904,60.25,true
447360,9.3200,266.31,0.9897,60.31,true
447488,9.3227,266.47,0.9895,60.32,true
447616,9.3253,266.65,0.9891,60.33,true
447744,9.3280,266.96,0.9852,60.35,true
447872,9.3307,267.93,0.9847,60.41,true
448000,9.3333,267.99,0.9847,60.42,true
448128,9.3360,268.24,0.9854,60.43,true
448256,9.3387,268.35,0.9847,60.44,true
448384,9.3413,269.38,0.9844,60.51,true
448512,9.3440,269.48,0.9850,60.51,true
448640,9.3467,269.60,0.9865,60.52,true
448768,9.3493,269.62,0.9865,60.52,true
448896,9.3520,269.62,0.9856,60.52,true
449024,9.3547,269.68,0.9860,60.52,true
449152,9.3573,269.66,0.9833,60.52,true
449280,9.3600,269.75,0.9822,60.53,true
449408,9.3627,269.77,0.9796,60.53,true
449536,9.3653,269.68,0.9809,60.52,true
449664,9.3680,269.74,0.9800,60.53,true
449792,9.3707,269.67,0.9809,60.52,true
449920,9.3733,269.68,0.9804,60.53,true
450048,9.3760,269.64,0.9804,60.52,true
450176,9.3787,269.73,0.9806,60.53,true
450304,9.3813,269.60,0.9800,60.52,true
450432,9.3840,269.47,0.9815,60.51,true
450560,9.3867,269.41,0.9796,60.51,true
450688,9.3893,269.36,0.9810,60.50,true
450816,9.3920,269.35,0.9819,60.50,true
450944,9.3947,268.46,0.9835,60.45,true
451072,9.3973,268.37,0.9841,60.44,true
451200,9.4000,268.24,0.9869,60.43,true
451328,9.4027,268.26,0.9876,60.43,true
451456,9.4053,268.16,0.9872,60.43,true
451584,9.4080,268.08,0.9874,60.42,true
451712,9.4107,268.03,0.9882,60.42,true
451840,9.4133,267.88,0.9877,60.41,true
451968,9.4160,267.90,0.9874,60.41,true
452096,9.4187,267.84,0.9875,60.41,true
452224,9.4213,267.00,0.9876,60.35,true
452352,9.4240,266.82,0.9882,60.34,true
452480,9.4267,266.69,0.9873,60.33,true
452608,9.4293,266.59,0.9876,60.33,true
452736,9.4320,266.38,0.9861,60.31,true
452864,9.4347,266.33,0.9845,60.31,true
452992,9.4373,265.40,0.9850,60.25,true
453120,9.4400,265.11,0.9845,60.23,true
453248,9.4427,264.04,0.9847,60.16,true
453376,9.4453,263.95,0.9860,60.15,true
453504,9.4480,264.01,0.9856,60.16,true
453632,9.4507,263.92,0.9848,60.15,true
453760,9.4533,263.83,0.9844,60.15,true
453888,9.4560,263.81,0.9854,60.14,true
454016,9.4587,263.60,0.9845,60.13,true
454144,9.4613,263.45,0.9829,60.12,true
454272,9.4640,262.59,0.9827,60.06,true
454400,9.4667,262.35,0.9831,60.05,true
454528,9.4693,262.13,0.9853,60.03,true
454656,9.4720,261.99,0.9852,60.02,true
454784,9.4747,261.20,0.9856,59.97,true
454912,9.4773,261.04,0.9861,59.96,true
455040,9.4800,260.98,0.9863,59.96,true
455168,9.4827,260.86,0.9885,59.95,true
455296,9.4853,260.84,0.9886,59.95,true
455424,9.4880,260.87,0.9878,59.95,true
455552,9.4907,260.78,0.9886,59.94,true
455680,9.4933,260.80,0.9893,59.95,true
455808,9.4960,260.79,0.9888,59.94,true
455936,9.4987,260.87,0.9895,59.95,true
456064,9.5013,260.87,0.9894,59.95,true
456192,9.5040,260.98,0.9899,59.96,true
456320,9.5067,261.05,0.9891,59.96,true
456448,9.5093,261.07,0.9894,59.96,true
456576,9.5120,261.07,0.9885,59.96,true
456704,9.5147,260.99,0.9874,59.96,true
456832,9.5173,260.99,0.9879,59.96,true
456960,9.5200,260.95,0.9868,59.96,true
457088,9.5227,260.97,0.9849,59.96,true
457216,9.5253,260.89,0.9843,59.95,true
457344,9.5280,260.93,0.9834,59.95,true
457472,9.5307,260.91,0.9817,59.95,true
457600,9.5333,260.90,0.9814,59.95,true
457728,9.5360,261.14,0.9796,59.97,true
457856,9.5387,262.11,0.9769,60.03,true
457984,9.5413,262.17,0.9771,60.04,true
458112,9.5440,262.43,0.9777,60.05,true
458240,9.5467,262.59,0.9762,60.06,true
458368,9.5493,263.57,0.9762,60.13,true
458496,9.5520,263.63,0.9791,60.13,true
458624,9.5547,263.73,0.9828,60.14,true
458752,9.5573,263.83,0.9840,60.14,true
458880,9.5600,263.90,0.9850,60.15,true
459008,9.5627,264.09,0.9861,60.16,true
459136,9.5653,265.01,0.9874,60.22,true
459264,9.5680,265.31,0.9885,60.24,true
459392,9.5707,265.42,0.9885,60.25,true
459520,9.5733,266.32,0.9880,60.31,true
459648,9.5760,266.56,0.9878,60.32,true
459776,9.5787,266.75,0.9880,60.34,true
459904,9.5813,266.95,0.9891,60.35,true
460032,9.5840,267.90,0.9889,60.41,true
460160,9.5867,268.15,0.9899,60.43,true
460288,9.5893,268.23,0.9884,60.43,true
460416,9.5920,268.33,0.9868,60.44,true
460544,9.5947,268.49,0.9856,60.45,true
460672,9.5973,269.30,0.9857,60.50,true
460800,9.6000,268.51,0.9847,60.45,true
460928,9.6027,268.46,0.9831,60.45,true
461056,9.6053,268.44,0.9816,60.44,true
461184,9.6080,268.41,0.9797,60.44,true
461312,9.6107,268.40,0.9800,60.44,true
461440,9.6133,268.30,0.9779,60.44,true
461568,9.6160,268.16,0.9775,60.43,true
461696,9.6187,268.10,0.9708,60.42,true
461824,9.6213,268.11,0.9722,60.42,true
461952,9.6240,268.07,0.9728,60.42,true
462080,9.6267,267.94,0.9730,60.41,true
462208,9.6293,267.85,0.9742,60.41,true
462336,9.6320,266.91,0.9766,60.35,true
462464,9.6347,266.78,0.9792,60.34,true
462592,9.6373,266.74,0.9808,60.34,true
462720,9.6400,266.64,0.9883,60.33,true
462848,9.6427,266.50,0.9892,60.32,true
462976,9.6453,266.42,0.9908,60.31,true
463104,9.6480,266.54,0.9916,60.32,true
463232,9.6507,266.51,0.9918,60.32,true
463360,9.6533,266.46,0.9909,60.32,true
463488,9.6560,266.38,0.9914,60.31,true
463616,9.6587,266.31,0.9888,60.31,true
463744,9.6613,265.50,0.9886,60.25,true
463872,9.6640,265.49,0.9889,60.25,true
464000,9.6667,265.34,0.9884,60.24,true
464128,9.6693,265.13,0.9877,60.23,true
464256,9.6720,264.98,0.9867,60.22,true
464384,9.6747,264.96,0.9864,60.22,true
464512,9.6773,264.90,0.9848,60.22,true
464640,9.6800,264.08,0.9846,60.16,true
464768,9.6827,264.06,0.9845,60.16,true
464896,9.6853,263.92,0.9845,60.15,true
465024,9.6880,263.86,0.9833,60.15,true
465152,9.6907,263.83,0.9850,60.15,true
465280,9.6933,263.69,0.9846,60.14,true
465408,9.6960,263.48,0.9863,60.12,true
465536,9.6987,262.60,0.9858,60.06,true
465664,9.7013,262.42,0.9875,60.05,true
465792,9.7040,262.28,0.9889,60.04,true
465920,9.7067,262.15,0.9897,60.03,true
466048,9.7093,262.03,0.9900,60.03,true
466176,9.7120,261.17,0.9900,59.97,true
466304,9.7147,261.03,0.9909,59.96,true
466432,9.7173,260.95,0.9916,59.95,true
466560,9.7200,261.00,0.9919,59.96,true
466688,9.7227,261.01,0.9900,59.96,true
466816,9.7253,260.96,0.9896,59.96,true
466944,9.7280,260.95,0.9895,59.96,true
467072,9.7307,260.94,0.9882,59.95,true
467200,9.7333,260.96,0.9879,59.96,true
467328,9.7360,260.86,0.9872,59.95,true
467456,9.7387,260.75,0.9864,59.94,true
467584,9.7413,260.68,0.9857,59.94,true
467712,9.7440,260.52,0.9858,59.93,true
467840,9.7467,259.71,0.9855,59.87,true
467968,9.7493,259.58,0.9852,59.86,true
468096,9.7520,259.61,0.9851,59.87,true
468224,9.7547,259.53,0.9849,59.86,true
468352,9.7573,259.52,0.9820,59.86,true
468480,9.7600,259.53,0.9787,59.86,true
468608,9.7627,259.48,0.9783,59.86,true
468736,9.7653,259.53,0.9778,59.86,true
468864,9.7680,259.79,0.9736,59.88,true
468992,9.7707,260.59,0.9739,59.93,true
469120,9.7733,260.63,0.9730,59.93,true
469248,9.7760,260.78,0.9716,59.94,true
469376,9.7787,260.94,0.9753,59.95,true
469504,9.7813,261.08,0.9766,59.96,true
469632,9.7840,261.07,0.9767,59.96,true
469760,9.7867,261.96,0.9772,60.02,true
469888,9.7893,262.01,0.9789,60.03,true
470016,9.7920,262.07,0.9793,60.03,true
470144,9.7947,262.18,0.9797,60.04,true
470272,9.7973,262.19,0.9821,60.04,true
470400,9.8000,262.18,0.9818,60.04,true
470528,9.8027,262.28,0.9824,60.04,true
470656,9.8053,262.39,0.9835,60.05,true
470784,9.8080,262.57,0.9829,60.06,true
470912,9.8107,263.39,0.9822,60.12,true
471040,9.8133,263.60,0.9847,60.13,true
471168,9.8160,263.82,0.9851,60.14,true
471296,9.8187,264.04,0.9832,60.16,true
471424,9.8213,264.97,0.9840,60.22,true
471552,9.8240,264.98,0.9849,60.22,true
471680,9.8267,265.24,0.9838,60.24,true
471808,9.8293,265.45,0.9837,60.25,true
471936,9.8320,265.49,0.9838,60.25,true
472064,9.8347,266.44,0.9844,60.32,true
472192,9.8373,266.64,0.9835,60.33,true
472320,9.8400,266.68,0.9828,60.33,true
472448,9.8427,266.78,0.9820,60.34,true
472576,9.8453,267.83,0.9807,60.41,true
472704,9.8480,268.12,0.9817,60.42,true
472832,9.8507,268.48,0.9814,60.45,true
472960,9.8533,269.43,0.9821,60.51,true
473088,9.8560,269.72,0.9826,60.53,true
473216,9.8587,269.80,0.9820,60.53,true
473344,9.8613,269.84,0.9841,60.54,true
473472,9.8640,269.89,0.9832,60.54,true
473600,9.8667,269.97,0.9830,60.54,true
473728,9.8693,269.95,0.9831,60.54,true
473856,9.8720,269.97,0.9842,60.54,true
473984,9.8747,269.99,0.9846,60.55,true
474112,9.8773,270.81,0.9844,60.60,true
474240,9.8800,270.03,0.9859,60.55,true
474368,9.8827,269.99,0.9871,60.54,true
474496,9.8853,269.99,0.9881,60.54,true
474624,9.8880,269.89,0.9887,60.54,true
474752,9.8907,269.85,0.9883,60.54,true
474880,9.8933,269.68,0.9864,60.52,true
475008,9.8960,269.60,0.9848,60.52,true
475136,9.8987,269.57,0.9855,60.52,true
475264,9.9013,269.47,0.9854,60.51,true
475392,9.9040,269.35,0.9844,60.50,true
475520,9.9067,268.46,0.9840,60.45,true
475648,9.9093,268.38,0.9853,60.44,true
475776,9.9120,268.28,0.9866,60.44,true
475904,9.9147,268.15,0.9883,60.43,true
476032,9.9173,268.04,0.9899,60.42,true
476160,9.9200,267.99,0.9907,60.42,true
476288,9.9227,267.88,0.9895,60.41,true
476416,9.9253,267.79,0.9895,60.40,true
476544,9.9280,266.96,0.9904,60.35,true
476672,9.9307,266.79,0.9900,60.34,true
476800,9.9333,266.63,0.9909,60.33,true
476928,9.9360,266.55,0.9913,60.32,true
477056,9.9387,266.38,0.9898,60.31,true
477184,9.9413,265.37,0.9898,60.25,true
477312,9.9440,265.28,0.9898,60.24,true
477440,9.9467,265.02,0.9883,60.22,true
477568,9.9493,264.05,0.9851,60.16,true
477696,9.9520,263.83,0.9843,60.15,true
477824,9.9547,263.68,0.9854,60.14,true
477952,9.9573,263.49,0.9847,60.12,true
478080,9.9600,262.63,0.9837,60.07,true
478208,9.9627,262.51,0.9852,60.06,true
478336,9.9653,262.29,0.9834,60.04,true
478464,9.9680,262.12,0.9810,60.03,true
478592,9.9707,262.01,0.9803,60.03,true
478720,9.9733,261.94,0.9823,60.02,true
478848,9.9760,261.00,0.9835,59.96,true
478976,9.9787,260.84,0.9836,59.95,true
479104,9.9813,260.69,0.9837,59.94,true
479232,9.9840,260.64,0.9833,59.93,true
479360,9.9867,260.65,0.9848,59.94,true
479488,9.9893,260.68,0.9863,59.94,true
479616,9.9920,260.60,0.9855,59.93,true
479744,9.9947,259.70,0.9859,59.87,true
479872,9.9973,259.69,0.9865,59.87,true
480000,10.0000,260.56,0.9864,59.93,true
480128,10.0027,260.59,0.9863,59.93,true
480256,10.0053,260.59,0.9865,59.93,true
480384,10.0080,260.66,0.9853,59.94,true
480512,10.0107,260.52,0.9834,59.93,true
480640,10.0133,260.61,0.9830,59.93,true
480768,10.0160,260.63,0.9817,59.93,true
480896,10.0187,259.81,0.9788,59.88,true
481024,10.0213,259.54,0.9762,59.86,true
481152,10.0240,259.37,0.9744,59.85,true
481280,10.0267,259.26,0.9700,59.84,true
481408,10.0293,258.30,0.9680,59.78,true
481536,10.0320,258.33,0.9652,59.78,true
481664,10.0347,258.37,0.9614,59.78,true
481792,10.0373,258.27,0.9567,59.78,true
481920,10.0400,258.38,0.9539,59.78,true
482048,10.0427,259.43,0.9558,59.85,true
482176,10.0453,259.58,0.9577,59.86,true
482304,10.0480,260.54,0.9607,59.93,true
482432,10.0507,260.66,0.9657,59.94,true
482560,10.0533,260.74,0.9657,59.94,true
482688,10.0560,260.76,0.9657,59.94,true
482816,10.0587,260.82,0.9718,59.95,true
482944,10.0613,260.95,0.9698,59.96,true
483072,10.0640,260.81,0.9684,59.95,true
483200,10.0667,260.98,0.9686,59.96,true
483328,10.0693,261.14,0.9668,59.97,true
483456,10.0720,261.99,0.9656,60.02,true
483584,10.0747,262.10,0.9672,60.03,true
483712,10.0773,262.37,0.9740,60.05,true
483840,10.0800,263.38,0.9739,60.12,true
483968,10.0827,263.52,0.9785,60.12,true
484096,10.0853,263.62,0.9827,60.13,true
484224,10.0880,263.81,0.9838,60.14,true
484352,10.0907,263.98,0.9827,60.15,true
484480,10.0933,264.06,0.9848,60.16,true
484608,10.0960,265.02,0.9856,60.22,true
484736,10.0987,265.20,0.9852,60.24,true
484864,10.1013,265.38,0.9839,60.25,true
484992,10.1040,265.37,0.9828,60.25,true
485120,10.1067,266.32,0.9821,60.31,true
485248,10.1093,266.53,0.9816,60.32,true
485376,10.1120,266.63,0.9826,60.33,true
485504,10.1147,266.88,0.9805,60.34,true
485632,10.1173,267.92,0.9816,60.41,true
485760,10.1200,268.02,0.9805,60.42,true
485888,10.1227,268.18,0.9807,60.43,true
486016,10.1253,268.51,0.9829,60.45,true
486144,10.1280,269.50,0.9825,60.51,true
486272,10.1307,269.70,0.9728,60.53,true
486400,10.1333,269.95,0.9544,60.54,true
486528,10.1360,270.88,0.9421,60.60,true
486656,10.1387,270.90,0.9364,60.60,true
486784,10.1413,271.04,0.9323,60.61,true
486912,10.1440,271.00,0.9256,60.61,true
487040,10.1467,270.92,0.9277,60.60,true
487168,10.1493,270.85,0.9242,60.60,true
487296,10.1520,270.81,0.9364,60.60,true
487424,10.1547,269.71,0.9540,60.53,true
487552,10.1573,269.61,0.9652,60.52,true
487680,10.1600,269.60,0.9675,60.52,true
487808,10.1627,269.46,0.9725,60.51,true
487936,10.1653,269.39,0.9802,60.51,true
488064,10.1680,268.48,0.9757,60.45,true
488192,10.1707,268.43,0.9803,60.44,true
488320,10.1733,268.27,0.9825,60.43,true
488448,10.1760,268.24,0.9833,60.43,true
488576,10.1787,268.16,0.9841,60.43,true
488704,10.1813,268.01,0.9844,60.42,true
488832,10.1840,267.81,0.9826,60.40,true
488960,10.1867,266.91,0.9833,60.35,true
489088,10.1893,266.78,0.9859,60.34,true
489216,10.1920,266.63,0.9846,60.33,true
489344,10.1947,266.36,0.9841,60.31,true
489472,10.1973,265.35,0.9835,60.24,true
489600,10.2000,265.15,0.9834,60.23,true
489728,10.2027,265.03,0.9830,60.22,true
489856,10.2053,264.98,0.9830,60.22,true
489984,10.2080,264.04,0.9833,60.16,true
490112,10.2107,263.88,0.9844,60.15,true
490240,10.2133,263.76,0.9862,60.14,true
490368,10.2160,263.70,0.9844,60.14,true
490496,10.2187,263.60,0.9847,60.13,true
490624,10.2213,262.64,0.9838,60.07,true
490752,10.2240,262.46,0.9847,60.05,true
490880,10.2267,262.23,0.9819,60.04,true
491008,10.2293,262.02,0.9776,60.03,true
491136,10.2320,261.21,0.9753,59.97,true
491264,10.2347,260.90,0.9738,59.95,true
491392,10.2373,260.75,0.9761,59.94,true
491520,10.2400,259.77,0.9767,59.88,true
491648,10.2427,259.51,0.9713,59.86,true
491776,10.2453,259.50,0.9711,59.86,true
491904,10.2480,259.36,0.9717,59.85,true
492032,10.2507,259.25,0.9742,59.84,true
492160,10.2533,258.41,0.9733,59.79,true
492288,10.2560,259.15,0.9701,59.84,true
492416,10.2587,258.25,0.9698,59.77,true
492544,10.2613,258.13,0.9636,59.77,true
492672,10.2640,258.05,0.9660,59.76,true
492800,10.2667,256.99,0.9641,59.69,true
492928,10.2693,256.87,0.9562,59.68,true
493056,10.2720,256.66,0.9495,59.67,true
493184,10.2747,256.47,0.9411,59.66,true
493312,10.2773,255.61,0.9450,59.60,true
493440,10.2800,255.40,0.9410,59.58,true
493568,10.2827,255.40,0.9474,59.58,true
493696,10.2853,255.49,0.9490,59.59,true
493824,10.2880,256.36,0.9502,59.65,true
493952,10.2907,256.54,0.9587,59.66,true
494080,10.2933,256.51,0.9650,59.66,true
494208,10.2960,256.49,0.9673,59.66,true
494336,10.2987,256.49,0.9691,59.66,true
494464,10.3013,256.65,0.9738,59.67,true
494592,10.3040,256.63,0.9740,59.67,true
494720,10.3067,256.53,0.9750,59.66,true
494848,10.3093,255.62,0.9756,59.60,true
494976,10.3120,255.56,0.9757,59.59,true
495104,10.3147,256.34,0.9744,59.65,true
495232,10.3173,256.55,0.9752,59.66,true
495360,10.3200,256.57,0.9760,59.66,true
495488,10.3227,256.65,0.9713,59.67,true
495616,10.3253,256.84,0.9723,59.68,true
495744,10.3280,256.99,0.9736,59.69,true
495872,10.3307,257.97,0.9735,59.76,true
496000,10.3333,258.27,0.9698,59.78,true
496128,10.3360,258.37,0.9691,59.78,true
496256,10.3387,258.39,0.9686,59.78,true
496384,10.3413,259.39,0.9680,59.85,true
496512,10.3440,259.51,0.9704,59.86,true
496640,10.3467,259.52,0.9693,59.86,true
496768,10.3493,259.72,0.9687,59.87,true
496896,10.3520,260.58,0.9716,59.93,true
497024,10.3547,260.73,0.9753,59.94,true
497152,10.3573,261.02,0.9732,59.96,true
497280,10.3600,262.00,0.9759,60.02,true
497408,10.3627,262.17,0.9790,60.04,true
497536,10.3653,262.44,0.9784,60.05,true
497664,10.3680,263.46,0.9784,60.12,true
497792,10.3707,263.48,0.9803,60.12,true
497920,10.3733,263.83,0.9777,60.15,true
498048,10.3760,264.08,0.9764,60.16,true
498176,10.3787,265.03,0.9805,60.22,true
498304,10.3813,265.25,0.9807,60.24,true
498432,10.3840,265.49,0.9825,60.25,true
498560,10.3867,266.43,0.9856,60.32,true
498688,10.3893,266.54,0.9894,60.32,true
498816,10.3920,266.73,0.9902,60.33,true
498944,10.3947,266.82,0.9903,60.34,true
499072,10.3973,266.93,0.9890,60.35,true
499200,10.4000,266.97,0.9871,60.35,true
499328,10.4027,266.99,0.9854,60.35,true
499456,10.4053,267.80,0.9836,60.40,true
499584,10.4080,267.97,0.9832,60.41,true
499712,10.4107,268.13,0.9803,60.42,true
499840,10.4133,268.13,0.9808,60.42,true
499968,10.4160,268.14,0.9781,60.43,true
500096,10.4187,268.19,0.9786,60.43,true
500224,10.4213,268.31,0.9801,60.44,true
500352,10.4240,268.46,0.9806,60.45,true
500480,10.4267,268.42,0.9818,60.44,true
500608,10.4293,268.34,0.9830,60.44,true
500736,10.4320,268.36,0.9858,60.44,true
500864,10.4347,268.40,0.9840,60.44,true
500992,10.4373,268.39,0.9853,60.44,true
501120,10.4400,268.24,0.9854,60.43,true
501248,10.4427,268.16,0.9832,60.43,true
501376,10.4453,268.10,0.9854,60.42,true
501504,10.4480,268.00,0.9855,60.42,true
501632,10.4507,267.89,0.9843,60.41,true
501760,10.4533,267.80,0.9850,60.40,true
501888,10.4560,266.87,0.9862,60.34,true
502016,10.4587,266.65,0.9878,60.33,true
502144,10.4613,266.52,0.9868,60.32,true
502272,10.4640,266.33,0.9881,60.31,true
502400,10.4667,265.44,0.9882,60.25,true
502528,10.4693,265.25,0.9885,60.24,true
502656,10.4720,265.18,0.9901,60.23,true
502784,10.4747,265.12,0.9902,60.23,true
502912,10.4773,265.01,0.9891,60.22,true
503040,10.4800,264.94,0.9890,60.22,true
503168,10.4827,265.00,0.9888,60.22,true
503296,10.4853,264.92,0.9857,60.22,true
503424,10.4880,264.87,0.9851,60.21,true
503552,10.4907,264.87,0.9860,60.21,true
503680,10.4933,264.01,0.9850,60.16,true
503808,10.4960,263.97,0.9847,60.15,true
503936,10.4987,263.98,0.9841,60.16,true
504064,10.5013,263.88,0.9842,60.15,true
504192,10.5040,263.80,0.9846,60.14,true
504320,10.5067,263.85,0.9868,60.15,true
504448,10.5093,263.81,0.9875,60.14,true
504576,10.5120,263.71,0.9870,60.14,true
504704,10.5147,263.78,0.9864,60.14,true
504832,10.5173,263.73,0.9851,60.14,true
504960,10.5200,263.73,0.9849,60.14,true
505088,10.5227,263.75,0.9844,60.14,true
505216,10.5253,263.71,0.9858,60.14,true
505344,10.5280,263.67,0.9863,60.13,true
505472,10.5307,263.68,0.9864,60.14,true
505600,10.5333,263.74,0.9873,60.14,true
505728,10.5360,263.61,0.9890,60.13,true
505856,10.5387,263.72,0.9905,60.14,true
505984,10.5413,263.74,0.9918,60.14,true
506112,10.5440,263.77,0.9925,60.14,true
506240,10.5467,263.75,0.9919,60.14,true
506368,10.5493,263.79,0.9911,60.14,true
506496,10.5520,263.80,0.9918,60.14,true
506624,10.5547,263.82,0.9916,60.14,true
506752,10.5573,263.93,0.9910,60.15,true
506880,10.5600,263.82,0.9906,60.14,true
507008,10.5627,263.81,0.9908,60.14,true
507136,10.5653,263.86,0.9904,60.15,true
507264,10.5680,263.95,0.9898,60.15,true
507392,10.5707,263.96,0.9906,60.15,true
507520,10.5733,264.83,0.9887,60.21,true
507648,10.5760,264.89,0.9878,60.21,true
507776,10.5787,264.98,0.9883,60.22,true
507904,10.5813,265.06,0.9896,60.23,true
508032,10.5840,265.17,0.9894,60.23,true
508160,10.5867,265.29,0.9893,60.24,true
508288,10.5893,265.36,0.9892,60.25,true
508416,10.5920,265.49,0.9876,60.25,true
508544,10.5947,266.32,0.9861,60.31,true
508672,10.5973,266.39,0.9862,60.31,true
508800,10.6000,266.55,0.9861,60.32,true
508928,10.6027,266.76,0.9852,60.34,true
509056,10.6053,266.87,0.9851,60.34,true
509184,10.6080,267.00,0.9843,60.35,true
509312,10.6107,267.87,0.9834,60.41,true
509440,10.6133,268.08,0.9853,60.42,true
509568,10.6160,268.25,0.9870,60.43,true
509696,10.6187,268.41,0.9871,60.44,true
509824,10.6213,268.48,0.9857,60.45,true
509952,10.6240,269.45,0.9840,60.51,true
510080,10.6267,269.59,0.9825,60.52,true
510208,10.6293,269.64,0.9805,60.52,true
510336,10.6320,269.82,0.9769,60.53,true
510464,10.6347,269.94,0.9760,60.54,true
510592,10.6373,269.92,0.9773,60.54,true
510720,10.6400,269.86,0.9784,60.54,true
510848,10.6427,269.93,0.9794,60.54,true
510976,10.6453,269.90,0.9811,60.54,true
511104,10.6480,270.01,0.9834,60.55,true
511232,10.6507,270.90,0.9859,60.60,true
511360,10.6533,270.85,0.9888,60.60,true
511488,10.6560,270.85,0.9903,60.60,true
511616,10.6587,270.96,0.9901,60.61,true
511744,10.6613,271.10,0.9909,60.62,true
511872,10.6640,271.16,0.9916,60.62,true
512000,10.6667,271.21,0.9916,60.62,true
512128,10.6693,271.14,0.9909,60.62,true
512256,10.6720,271.07,0.9912,60.61,true
512384,10.6747,271.11,0.9909,60.62,true
512512,10.6773,271.01,0.9892,60.61,true
512640,10.6800,270.88,0.9888,60.60,true
512768,10.6827,270.01,0.9887,60.55,true
512896,10.6853,269.89,0.9883,60.54,true
513024,10.6880,269.64,0.9893,60.52,true
513152,10.6907,269.51,0.9885,60.51,true
513280,10.6933,269.33,0.9867,60.50,true
513408,10.6960,268.28,0.9882,60.43,true
513536,10.6987,268.01,0.9876,60.42,true
513664,10.7013,267.85,0.9869,60.41,true
513792,10.7040,267.01,0.9871,60.35,true
513920,10.7067,266.80,0.9893,60.34,true
514048,10.7093,266.59,0.9890,60.33,true
514176,10.7120,266.53,0.9887,60.32,true
514304,10.7147,266.40,0.9877,60.31,true
514432,10.7173,265.48,0.9877,60.25,true
514560,10.7200,265.39,0.9883,60.25,true
514688,10.7227,265.28,0.9868,60.24,true
514816,10.7253,265.04,0.9712,60.22,true
514944,10.7280,265.02,0.9182,60.22,true
515072,10.7307,264.09,0.9145,60.16,true
515200,10.7333,263.92,0.9154,60.15,true
515328,10.7360,263.83,0.9051,60.15,true
515456,10.7387,,,,false
515584,10.7413,,,,false
515712,10.7440,,,,false
515840,10.7467,,,,false
515968,10.7493,262.16,0.9527,60.04,true
516096,10.7520,262.02,0.9503,60.03,true
516224,10.7547,261.16,0.9472,59.97,true
516352,10.7573,260.91,0.9555,59.95,true
516480,10.7600,260.85,0.9672,59.95,true
516608,10.7627,260.98,0.9616,59.96,true
516736,10.7653,260.77,0.9632,59.94,true
516864,10.7680,260.72,0.9621,59.94,true
516992,10.7707,260.77,0.9623,59.94,true
517120,10.7733,260.92,0.9608,59.95,true
517248,10.7760,260.81,0.9580,59.95,true
517376,10.7787,260.95,0.9599,59.96,true
517504,10.7813,260.91,0.9639,59.95,true
517632,10.7840,260.83,0.9695,59.95,true
517760,10.7867,260.84,0.9670,59.95,true
517888,10.7893,260.88,0.9679,59.95,true
518016,10.7920,260.89,0.9661,59.95,true
518144,10.7947,260.84,0.9653,59.95,true
518272,10.7973,260.98,0.9456,59.96,true
518400,10.8000,260.75,0.9335,59.94,true
518528,10.8027,260.61,0.9304,59.93,true
518656,10.8053,260.55,0.9272,59.93,true
518784,10.8080,260.60,0.9231,59.93,true
518912,10.8107,260.61,0.9198,59.93,true
519040,10.8133,260.62,0.9131,59.93,true
519168,10.8160,260.59,0.9120,59.93,true
519296,10.8187,260.66,0.9446,59.94,true
519424,10.8213,261.04,0.9581,59.96,true
519552,10.8240,261.99,0.9586,60.02,true
519680,10.8267,262.07,0.9566,60.03,true
519808,10.8293,262.26,0.9624,60.04,true
519936,10.8320,262.47,0.9650,60.06,true
520064,10.8347,262.45,0.9693,60.05,true
520192,10.8373,263.46,0.9718,60.12,true
520320,10.8400,263.60,0.9744,60.13,true
520448,10.8427,263.68,0.9754,60.14,true
520576,10.8453,263.85,0.9780,60.15,true
520704,10.8480,263.98,0.9824,60.15,true
520832,10.8507,264.07,0.9820,60.16,true
520960,10.8533,264.99,0.9830,60.22,true
521088,10.8560,265.19,0.9852,60.23,true
521216,10.8587,265.43,0.9840,60.25,true
521344,10.8613,265.52,0.9858,60.26,true
521472,10.8640,266.38,0.9870,60.31,true
521600,10.8667,266.51,0.9873,60.32,true
521728,10.8693,266.70,0.9876,60.33,true
521856,10.8720,266.89,0.9867,60.34,true
521984,10.8747,266.98,0.9858,60.35,true
522112,10.8773,267.96,0.9857,60.41,true
522240,10.8800,268.05,0.9842,60.42,true
522368,10.8827,268.30,0.9834,60.44,true
522496,10.8853,268.52,0.9799,60.45,true
522624,10.8880,269.46,0.9786,60.51,true
522752,10.8907,269.68,0.9679,60.53,true
522880,10.8933,269.69,0.9578,60.53,true
523008,10.8960,269.79,0.9537,60.53,true
523136,10.8987,270.00,0.9331,60.55,true
523264,10.9013,269.98,0.9320,60.54,true
523392,10.9040,269.94,0.9362,60.54,true
523520,10.9067,270.04,0.9379,60.55,true
523648,10.9093,270.84,0.9411,60.60,true
523776,10.9120,270.90,0.9542,60.60,true
523904,10.9147,270.94,0.9658,60.61,true
524032,10.9173,271.02,0.9715,60.61,true
524160,10.9200,270.97,0.9857,60.61,true
524288,10.9227,270.89,0.9882,60.60,true
524416,10.9253,270.94,0.9887,60.61,true
524544,10.9280,270.87,0.9893,60.60,true
524672,10.9307,270.81,0.9879,60.60,true
524800,10.9333,269.82,0.9874,60.53,true
524928,10.9360,269.73,0.9874,60.53,true
525056,10.9387,269.65,0.9859,60.52,true
525184,10.9413,269.50,0.9863,60.51,true
525312,10.9440,269.42,0.9850,60.51,true
525440,10.9467,268.53,0.9847,60.45,true
525568,10.9493,268.48,0.9848,60.45,true
525696,10.9520,268.40,0.9858,60.44,true
525824,10.9547,268.35,0.9870,60.44,true
525952,10.9573,268.25,0.9859,60.43,true
526080,10.9600,268.17,0.9872,60.43,true
526208,10.9627,267.97,0.9869,60.41,true
526336,10.9653,267.94,0.9867,60.41,true
526464,10.9680,267.84,0.9872,60.41,true
526592,10.9707,266.79,0.9868,60.34,true
526720,10.9733,266.59,0.9886,60.33,true
526848,10.9760,266.43,0.9888,60.31,true
526976,10.9787,265.49,0.9886,60.25,true
527104,10.9813,265.20,0.9902,60.23,true
527232,10.9840,265.06,0.9898,60.23,true
527360,10.9867,264.89,0.9899,60.21,true
527488,10.9893,263.90,0.9909,60.15,true
527616,10.9920,263.90,0.9900,60.15,true
527744,10.9947,263.74,0.9905,60.14,true
527872,10.9973,263.53,0.9883,60.13,true
528000,11.0000,263.42,0.9870,60.12,true
528128,11.0027,262.52,0.9874,60.06,true
528256,11.0053,262.37,0.9883,60.05,true
528384,11.0080,262.13,0.9871,60.03,true
528512,11.0107,261.99,0.9869,60.02,true
528640,11.0133,261.04,0.9904,59.96,true
528768,11.0160,260.87,0.9885,59.95,true
528896,11.0187,260.77,0.9885,59.94,true
529024,11.0213,260.68,0.9886,59.94,true
529152,11.0240,260.61,0.9882,59.93,true
529280,11.0267,259.81,0.9884,59.88,true
529408,11.0293,260.55,0.9894,59.93,true
529536,11.0320,260.65,0.9892,59.94,true
529664,11.0347,260.66,0.9886,59.94,true
529792,11.0373,260.67,0.9902,59.94,true
529920,11.0400,260.71,0.9908,59.94,true
530048,11.0427,260.70,0.9892,59.94,true
530176,11.0453,260.74,0.9885,59.94,true
530304,11.0480,260.70,0.9882,59.94,true
530432,11.0507,260.63,0.9855,59.93,true
530560,11.0533,259.73,0.9836,59.87,true
530688,11.0560,259.59,0.9827,59.86,true
530816,11.0587,259.51,0.9774,59.86,true
530944,11.0613,259.17,0.9735,59.84,true
531072,11.0640,259.18,0.9708,59.84,true
531200,11.0667,258.26,0.9691,59.78,true
531328,11.0693,257.89,0.9665,59.75,true
531456,11.0720,257.88,0.9655,59.75,true
531584,11.0747,258.18,0.9646,59.77,true
531712,11.0773,258.32,0.9628,59.78,true
531840,11.0800,259.29,0.9664,59.84,true
531968,11.0827,259.39,0.9685,59.85,true
532096,11.0853,259.30,0.9683,59.85,true
532224,11.0880,259.32,0.9698,59.85,true
532352,11.0907,259.43,0.9720,59.85,true
532480,11.0933,259.59,0.9707,59.86,true
532608,11.0960,259.59,0.9699,59.86,true
532736,11.0987,259.72,0.9668,59.87,true
532864,11.1013,260.61,0.9661,59.93,true
532992,11.1040,260.58,0.9663,59.93,true
533120,11.1067,260.83,0.9724,59.95,true
533248,11.1093,261.07,0.9730,59.96,true
533376,11.1120,261.97,0.9702,60.02,true
533504,11.1147,262.07,0.9734,60.03,true
533632,11.1173,262.25,0.9761,60.04,true
533760,11.1200,262.51,0.9752,60.06,true
533888,11.1227,262.56,0.9774,60.06,true
534016,11.1253,263.50,0.9807,60.12,true
534144,11.1280,263.76,0.9808,60.14,true
534272,11.1307,264.04,0.9804,60.16,true
534400,11.1333,264.97,0.9851,60.22,true
534528,11.1360,265.13,0.9872,60.23,true
534656,11.1387,265.36,0.9880,60.25,true
534784,11.1413,265.36,0.9879,60.25,true
534912,11.1440,265.53,0.9869,60.26,true
535040,11.1467,266.34,0.9871,60.31,true
535168,11.1493,266.42,0.9884,60.31,true
535296,11.1520,266.45,0.9889,60.32,true
535424,11.1547,266.68,0.9878,60.33,true
535552,11.1573,266.86,0.9875,60.34,true
535680,11.1600,267.79,0.9862,60.40,true
535808,11.1627,267.91,0.9882,60.41,true
535936,11.1653,268.05,0.9887,60.42,true
536064,11.1680,268.19,0.9889,60.43,true
536192,11.1707,268.32,0.9899,60.44,true
536320,11.1733,268.45,0.9892,60.45,true
536448,11.1760,268.50,0.9895,60.45,true
536576,11.1787,269.33,0.9885,60.50,true
536704,11.1813,269.34,0.9892,60.50,true
536832,11.1840,269.30,0.9878,60.50,true
536960,11.1867,269.35,0.9870,60.50,true
537088,11.1893,269.30,0.9861,60.50,true
537216,11.1920,268.45,0.9863,60.45,true
537344,11.1947,268.42,0.9867,60.44,true
537472,11.1973,268.32,0.9865,60.44,true
537600,11.2000,268.24,0.9882,60.43,true
537728,11.2027,268.15,0.9891,60.43,true
537856,11.2053,268.09,0.9888,60.42,true
537984,11.2080,267.93,0.9896,60.41,true
538112,11.2107,267.93,0.9905,60.41,true
538240,11.2133,267.91,0.9902,60.41,true
538368,11.2160,267.81,0.9906,60.40,true
538496,11.2187,267.04,0.9906,60.35,true
538624,11.2213,266.81,0.9889,60.34,true
538752,11.2240,266.62,0.9893,60.33,true
538880,11.2267,266.51,0.9893,60.32,true
539008,11.2293,266.51,0.9888,60.32,true
539136,11.2320,265.53,0.9879,60.26,true
539264,11.2347,265.35,0.9891,60.24,true
539392,11.2373,265.24,0.9910,60.24,true
539520,11.2400,265.07,0.9906,60.23,true
539648,11.2427,264.96,0.9903,60.22,true
539776,11.2453,264.04,0.9899,60.16,true
539904,11.2480,263.93,0.9897,60.15,true
540032,11.2507,263.61,0.9894,60.13,true
540160,11.2533,263.53,0.9898,60.13,true
540288,11.2560,262.64,0.9888,60.07,true
540416,11.2587,262.39,0.9908,60.05,true
540544,11.2613,262.31,0.9914,60.05,true
540672,11.2640,262.13,0.9906,60.03,true
540800,11.2667,261.22,0.9874,59.97,true
540928,11.2693,261.09,0.9887,59.96,true
541056,11.2720,261.05,0.9896,59.96,true
541184,11.2747,260.85,0.9880,59.95,true
541312,11.2773,260.76,0.9866,59.94,true
541440,11.2800,260.71,0.9867,59.94,true
541568,11.2827,260.65,0.9869,59.94,true
541696,11.2853,260.56,0.9860,59.93,true
541824,11.2880,260.57,0.9868,59.93,true
541952,11.2907,259.69,0.9875,59.87,true
542080,11.2933,259.58,0.9876,59.86,true
542208,11.2960,259.66,0.9876,59.87,true
542336,11.2987,259.57,0.9886,59.86,true
542464,11.3013,259.39,0.9874,59.85,true
542592,11.3040,259.22,0.9865,59.84,true
542720,11.3067,259.16,0.9851,59.84,true
542848,11.3093,258.32,0.9828,59.78,true
542976,11.3120,258.20,0.9823,59.77,true
543104,11.3147,258.08,0.9807,59.76,true
543232,11.3173,257.92,0.9796,59.75,true
543360,11.3200,257.83,0.9783,59.75,true
543488,11.3227,257.86,0.9783,59.75,true
543616,11.3253,257.87,0.9780,59.75,true
543744,11.3280,257.99,0.9770,59.76,true
543872,11.3307,258.14,0.9795,59.77,true
544000,11.3333,258.24,0.9786,59.77,true
544128,11.3360,259.16,0.9769,59.84,true
544256,11.3387,259.25,0.9769,59.84,true
544384,11.3413,259.29,0.9783,59.84,true
544512,11.3440,259.35,0.9779,59.85,true
544640,11.3467,259.55,0.9789,59.86,true
544768,11.3493,259.67,0.9780,59.87,true
544896,11.3520,260.56,0.9768,59.93,true
545024,11.3547,260.59,0.9760,59.93,true
545152,11.3573,260.61,0.9770,59.93,true
545280,11.3600,260.86,0.9760,59.95,true
545408,11.3627,261.00,0.9745,59.96,true
545536,11.3653,261.07,0.9743,59.96,true
545664,11.3680,262.05,0.9716,60.03,true
545792,11.3707,262.25,0.9693,60.04,true
545920,11.3733,262.48,0.9662,60.06,true
546048,11.3760,263.44,0.9715,60.12,true
546176,11.3787,263.73,0.9741,60.14,true
546304,11.3813,263.96,0.9741,60.15,true
546432,11.3840,264.08,0.9780,60.16,true
546560,11.3867,265.05,0.9811,60.23,true
546688,11.3893,265.34,0.9807,60.24,true
546816,11.3920,265.55,0.9819,60.26,true
546944,11.3947,266.31,0.9844,60.31,true
547072,11.3973,266.55,0.9865,60.32,true
547200,11.4000,266.76,0.9865,60.34,true
547328,11.4027,266.81,0.9877,60.34,true
547456,11.4053,267.03,0.9858,60.35,true
547584,11.4080,268.07,0.9883,60.42,true
547712,11.4107,268.26,0.9877,60.43,true
547840,11.4133,268.44,0.9866,60.45,true
547968,11.4160,269.60,0.9856,60.52,true
548096,11.4187,269.83,0.9845,60.53,true
548224,11.4213,269.97,0.9825,60.54,true
548352,11.4240,271.04,0.9814,60.61,true
548480,11.4267,271.25,0.9826,60.63,true
548608,11.4293,271.44,0.9837,60.64,true
548736,11.4320,271.50,0.9842,60.64,true
548864,11.4347,271.39,0.9848,60.63,true
548992,11.4373,271.36,0.9860,60.63,true
549120,11.4400,271.37,0.9859,60.63,true
549248,11.4427,271.11,0.9849,60.62,true
549376,11.4453,271.06,0.9869,60.61,true
549504,11.4480,270.93,0.9859,60.61,true
549632,11.4507,270.85,0.9864,60.60,true
549760,11.4533,270.01,0.9877,60.55,true
549888,11.4560,269.93,0.9882,60.54,true
550016,11.4587,269.79,0.9891,60.53,true
550144,11.4613,269.70,0.9902,60.53,true
550272,11.4640,269.73,0.9906,60.53,true
550400,11.4667,269.53,0.9923,60.52,true
550528,11.4693,269.45,0.9924,60.51,true
550656,11.4720,269.38,0.9926,60.51,true
550784,11.4747,268.51,0.9925,60.45,true
550912,11.4773,268.37,0.9924,60.44,true
551040,11.4800,268.28,0.9928,60.43,true
551168,11.4827,268.18,0.9919,60.43,true
551296,11.4853,267.98,0.9919,60.42,true
551424,11.4880,267.86,0.9909,60.41,true
551552,11.4907,266.94,0.9882,60.35,true
551680,11.4933,266.67,0.9885,60.33,true
551808,11.4960,266.41,0.9889,60.31,true
551936,11.4987,265.54,0.9885,60.26,true
552064,11.5013,265.23,0.9876,60.24,true
552192,11.5040,264.96,0.9877,60.22,true
552320,11.5067,264.05,0.9884,60.16,true
552448,11.5093,263.85,0.9888,60.15,true
552576,11.5120,263.61,0.9881,60.13,true
552704,11.5147,263.37,0.9876,60.12,true
552832,11.5173,262.35,0.9873,60.05,true
552960,11.5200,261.99,0.9860,60.02,true
553088,11.5227,261.11,0.9844,59.97,true
553216,11.5253,260.85,0.9837,59.95,true
553344,11.5280,259.78,0.9825,59.88,true
553472,11.5307,259.42,0.9820,59.85,true
553600,11.5333,258.36,0.9828,59.78,true
553728,11.5360,258.13,0.9827,59.77,true
553856,11.5387,257.82,0.9857,59.75,true
553984,11.5413,256.97,0.9869,59.69,true
554112,11.5440,256.79,0.9861,59.68,true
554240,11.5467,256.77,0.9828,59.68,true
554368,11.5493,256.76,0.9769,59.67,true
554496,11.5520,256.63,0.9671,59.67,true
554624,11.5547,256.45,0.9550,59.65,true
554752,11.5573,255.59,0.9459,59.60,true
554880,11.5600,255.38,0.9338,59.58,true
555008,11.5627,255.16,0.9144,59.57,true
555136,11.5653,,,,false
555264,11.5680,,,,false
555392,11.5707,253.84,0.9055,59.48,true
555520,11.5733,254.07,0.9218,59.49,true
555648,11.5760,255.06,0.9418,59.56,true
555776,11.5787,255.17,0.9468,59.57,true
555904,11.5813,255.32,0.9540,59.58,true
556032,11.5840,255.30,0.9620,59.58,true
556160,11.5867,255.34,0.9662,59.58,true
556288,11.5893,255.39,0.9655,59.58,true
556416,11.5920,255.20,0.9669,59.57,true
556544,11.5947,255.16,0.9643,59.57,true
556672,11.5973,255.09,0.9615,59.56,true
556800,11.6000,255.06,0.9651,59.56,true
556928,11.6027,255.16,0.9675,59.57,true
557056,11.6053,255.30,0.9687,59.58,true
557184,11.6080,255.34,0.9730,59.58,true
557312,11.6107,255.47,0.9735,59.59,true
557440,11.6133,255.59,0.9750,59.60,true
557568,11.6160,256.46,0.9781,59.65,true
557696,11.6187,256.63,0.9775,59.67,true
557824,11.6213,256.97,0.9750,59.69,true
557952,11.6240,257.76,0.9761,59.74,true
558080,11.6267,257.91,0.9779,59.75,true
558208,11.6293,258.17,0.9773,59.77,true
558336,11.6320,258.24,0.9785,59.77,true
558464,11.6347,258.33,0.9780,59.78,true
558592,11.6373,259.35,0.9732,59.85,true
558720,11.6400,259.48,0.9738,59.86,true
558848,11.6427,259.71,0.9747,59.87,true
558976,11.6453,260.78,0.9753,59.94,true
559104,11.6480,260.98,0.9728,59.96,true
559232,11.6507,262.04,0.9725,60.03,true
559360,11.6533,262.44,0.9691,60.05,true
559488,11.6560,263.55,0.9725,60.13,true
559616,11.6587,263.72,0.9738,60.14,true
559744,11.6613,264.93,0.9769,60.22,true
559872,11.6640,265.11,0.9789,60.23,true
560000,11.6667,265.24,0.9798,60.24,true
560128,11.6693,265.44,0.9820,60.25,true
560256,11.6720,266.39,0.9821,60.31,true
560384,11.6747,266.67,0.9836,60.33,true
560512,11.6773,266.82,0.9851,60.34,true
560640,11.6800,266.85,0.9872,60.34,true
560768,11.6827,266.92,0.9867,60.35,true
560896,11.6853,267.82,0.9869,60.40,true
561024,11.6880,267.88,0.9886,60.41,true
561152,11.6907,267.93,0.9876,60.41,true
561280,11.6933,267.92,0.9878,60.41,true
561408,11.6960,267.90,0.9884,60.41,true
561536,11.6987,268.03,0.9887,60.42,true
561664,11.7013,268.09,0.9885,60.42,true
561792,11.7040,268.12,0.9886,60.42,true
561920,11.7067,268.08,0.9890,60.42,true
562048,11.7093,267.99,0.9876,60.42,true
562176,11.7120,267.93,0.9880,60.41,true
562304,11.7147,267.94,0.9874,60.41,true
562432,11.7173,267.86,0.9876,60.41,true
562560,11.7200,266.91,0.9877,60.35,true
562688,11.7227,266.73,0.9865,60.33,true
562816,11.7253,266.50,0.9865,60.32,true
562944,11.7280,266.35,0.9863,60.31,true
563072,11.7307,265.47,0.9873,60.25,true
563200,11.7333,265.38,0.9882,60.25,true
563328,11.7360,265.16,0.9874,60.23,true
563456,11.7387,264.95,0.9868,60.22,true
563584,11.7413,264.85,0.9862,60.21,true
563712,11.7440,264.02,0.9878,60.16,true
563840,11.7467,263.90,0.9878,60.15,true
563968,11.7493,263.73,0.9888,60.14,true
564096,11.7520,263.57,0.9882,60.13,true
564224,11.7547,263.41,0.9888,60.12,true
564352,11.7573,262.56,0.9896,60.06,true
564480,11.7600,262.47,0.9892,60.06,true
564608,11.7627,262.35,0.9898,60.05,true
564736,11.7653,262.20,0.9893,60.04,true
564864,11.7680,262.14,0.9888,60.03,true
564992,11.7707,262.03,0.9873,60.03,true
565120,11.7733,261.96,0.9877,60.02,true
565248,11.7760,261.20,0.9881,59.97,true
565376,11.7787,261.06,0.9884,59.96,true
565504,11.7813,261.05,0.9878,59.96,true
565632,11.7840,260.91,0.9881,59.95,true
565760,11.7867,260.94,0.9889,59.95,true
565888,11.7893,260.88,0.9888,59.95,true
566016,11.7920,260.89,0.9885,59.95,true
566144,11.7947,260.80,0.9874,59.95,true
566272,11.7973,260.74,0.9871,59.94,true
566400,11.8000,260.62,0.9851,59.93,true
566528,11.8027,260.54,0.9854,59.93,true
566656,11.8053,259.77,0.9841,59.88,true
566784,11.8080,259.67,0.9819,59.87,true
566912,11.8107,259.68,0.9800,59.87,true
567040,11.8133,259.42,0.9791,59.85,true
567168,11.8160,259.34,0.9783,59.85,true
567296,11.8187,259.16,0.9752,59.84,true
567424,11.8213,258.41,0.9718,59.79,true
567552,11.8240,258.23,0.9720,59.77,true
567680,11.8267,258.14,0.9707,59.77,true
567808,11.8293,258.04,0.9722,59.76,true
567936,11.8320,257.89,0.9746,59.75,true
568064,11.8347,258.10,0.9697,59.77,true
568192,11.8373,257.98,0.9696,59.76,true
568320,11.8400,258.04,0.9716,59.76,true
568448,11.8427,258.14,0.9703,59.77,true
568576,11.8453,258.21,0.9659,59.77,true
568704,11.8480,259.39,0.9582,59.85,true
568832,11.8507,260.55,0.9550,59.93,true
568960,11.8533,260.75,0.9573,59.94,true
569088,11.8560,260.80,0.9625,59.95,true
569216,11.8587,260.97,0.9605,59.96,true
569344,11.8613,261.94,0.9613,60.02,true
569472,11.8640,261.96,0.9626,60.02,true
569600,11.8667,262.16,0.9667,60.04,true
569728,11.8693,262.33,0.9725,60.05,true
569856,11.8720,262.40,0.9726,60.05,true
569984,11.8747,262.56,0.9747,60.06,true
570112,11.8773,263.71,0.9734,60.14,true
570240,11.8800,264.06,0.9760,60.16,true
570368,11.8827,264.91,0.9797,60.22,true
570496,11.8853,264.97,0.9832,60.22,true
570624,11.8880,265.18,0.9855,60.23,true
570752,11.8907,265.18,0.9865,60.23,true
570880,11.8933,265.25,0.9884,60.24,true
571008,11.8960,265.34,0.9892,60.24,true
571136,11.8987,265.32,0.9910,60.24,true
571264,11.9013,265.32,0.9916,60.24,true
571392,11.9040,265.46,0.9911,60.25,true
571520,11.9067,265.45,0.9915,60.25,true
571648,11.9093,265.38,0.9923,60.25,true
571776,11.9120,265.44,0.9921,60.25,true
571904,11.9147,265.43,0.9922,60.25,true
572032,11.9173,265.44,0.9919,60.25,true
572160,11.9200,265.46,0.9919,60.25,true
572288,11.9227,265.45,0.9918,60.25,true
572416,11.9253,265.43,0.9918,60.25,true
572544,11.9280,265.55,0.9909,60.26,true
572672,11.9307,266.38,0.9911,60.31,true
572800,11.9333,266.32,0.9904,60.31,true
572928,11.9360,266.32,0.9901,60.31,true
573056,11.9387,265.51,0.9904,60.25,true
573184,11.9413,265.48,0.9904,60.25,true
573312,11.9440,265.47,0.9904,60.25,true
573440,11.9467,265.34,0.9914,60.24,true
573568,11.9493,265.18,0.9926,60.23,true
573696,11.9520,265.04,0.9928,60.22,true
573824,11.9547,265.04,0.9932,60.22,true
573952,11.9573,264.90,0.9925,60.22,true
574080,11.9600,264.86,0.9918,60.21,true
574208,11.9627,263.91,0.9910,60.15,true
574336,11.9653,263.73,0.9900,60.14,true
574464,11.9680,263.73,0.9895,60.14,true
574592,11.9707,263.54,0.9882,60.13,true
574720,11.9733,263.47,0.9872,60.12,true
574848,11.9760,262.47,0.9884,60.06,true
574976,11.9787,262.34,0.9883,60.05,true
575104,11.9813,262.13,0.9893,60.03,true
575232,11.9840,262.12,0.9900,60.03,true
575360,11.9867,262.00,0.9891,60.02,true
575488,11.9893,261.17,0.9905,59.97,true
575616,11.9920,261.06,0.9910,59.96,true
575744,11.9947,260.99,0.9918,59.96,true
575872,11.9973,260.86,0.9909,59.95,true
576000,12.0000,260.77,0.9904,59.94,true
576128,12.0027,260.83,0.9902,59.95,true
576256,12.0053,260.69,0.9890,59.94,true
576384,12.0080,260.71,0.9885,59.94,true
576512,12.0107,260.60,0.9884,59.93,true
576640,12.0133,259.80,0.9874,59.88,true
576768,12.0160,259.67,0.9873,59.87,true
576896,12.0187,259.63,0.9869,59.87,true
577024,12.0213,259.58,0.9865,59.86,true
577152,12.0240,259.28,0.9864,59.84,true
577280,12.0267,259.21,0.9862,59.84,true
577408,12.0293,259.14,0.9859,59.84,true
577536,12.0320,258.31,0.9848,59.78,true
577664,12.0347,258.21,0.9837,59.77,true
577792,12.0373,258.22,0.9825,59.77,true
577920,12.0400,258.21,0.9801,59.77,true
578048,12.0427,258.09,0.9796,59.76,true
578176,12.0453,258.09,0.9760,59.76,true
578304,12.0480,258.11,0.9655,59.77,true
578432,12.0507,258.05,0.9572,59.76,true
578560,12.0533,258.15,0.9565,59.77,true
578688,12.0560,258.22,0.9537,59.77,true
578816,12.0587,258.25,0.9492,59.78,true
578944,12.0613,258.27,0.9500,59.78,true
579072,12.0640,258.32,0.9507,59.78,true
579200,12.0667,258.37,0.9532,59.78,true
579328,12.0693,259.19,0.9644,59.84,true
579456,12.0720,259.18,0.9730,59.84,true
579584,12.0747,259.15,0.9751,59.84,true
579712,12.0773,259.23,0.9793,59.84,true
579840,12.0800,259.30,0.9818,59.85,true
579968,12.0827,259.25,0.9828,59.84,true
580096,12.0853,259.33,0.9799,59.85,true
580224,12.0880,259.57,0.9768,59.86,true
580352,12.0907,259.58,0.9729,59.86,true
580480,12.0933,260.53,0.9679,59.93,true
580608,12.0960,260.70,0.9667,59.94,true
580736,12.0987,260.80,0.9658,59.95,true
580864,12.1013,260.93,0.9646,59.95,true
580992,12.1040,261.10,0.9665,59.97,true
581120,12.1067,261.11,0.9705,59.97,true
581248,12.1093,261.12,0.9695,59.97,true
581376,12.1120,261.15,0.9736,59.97,true
581504,12.1147,261.19,0.9764,59.97,true
581632,12.1173,262.17,0.9771,60.04,true
581760,12.1200,262.29,0.9792,60.04,true
581888,12.1227,262.37,0.9792,60.05,true
582016,12.1253,262.54,0.9793,60.06,true
582144,12.1280,263.47,0.9798,60.12,true
582272,12.1307,263.46,0.9823,60.12,true
582400,12.1333,263.60,0.9844,60.13,true
582528,12.1360,263.77,0.9852,60.14,true
582656,12.1387,263.69,0.9869,60.14,true
582784,12.1413,263.71,0.9884,60.14,true
582912,12.1440,263.79,0.9896,60.14,true
583040,12.1467,263.75,0.9910,60.14,true
583168,12.1493,263.73,0.9913,60.14,true
583296,12.1520,263.81,0.9909,60.14,true
583424,12.1547,263.86,0.9899,60.15,true
583552,12.1573,263.82,0.9900,60.14,true
583680,12.1600,263.90,0.9899,60.15,true
583808,12.1627,263.94,0.9895,60.15,true
583936,12.1653,263.93,0.9899,60.15,true
584064,12.1680,264.02,0.9900,60.16,true
584192,12.1707,264.07,0.9903,60.16,true
584320,12.1733,264.87,0.9912,60.21,true
584448,12.1760,264.09,0.9919,60.16,true
584576,12.1787,264.84,0.9920,60.21,true
584704,12.1813,264.07,0.9906,60.16,true
584832,12.1840,264.86,0.9893,60.21,true
584960,12.1867,264.84,0.9877,60.21,true
585088,12.1893,264.08,0.9866,60.16,true
585216,12.1920,264.02,0.9864,60.16,true
585344,12.1947,263.96,0.9868,60.15,true
585472,12.1973,263.99,0.9868,60.16,true
585600,12.2000,264.00,0.9880,60.16,true
585728,12.2027,264.02,0.9895,60.16,true
585856,12.2053,264.02,0.9909,60.16,true
585984,12.2080,264.04,0.9913,60.16,true
586112,12.2107,264.02,0.9916,60.16,true
586240,12.2133,264.93,0.9911,60.22,true
586368,12.2160,264.83,0.9895,60.21,true
586496,12.2187,264.06,0.9891,60.16,true
586624,12.2213,264.01,0.9885,60.16,true
586752,12.2240,263.94,0.9885,60.15,true
586880,12.2267,263.75,0.9881,60.14,true
587008,12.2293,263.67,0.9891,60.13,true
587136,12.2320,263.57,0.9891,60.13,true
587264,12.2347,262.65,0.9906,60.07,true
587392,12.2373,262.61,0.9910,60.06,true
587520,12.2400,262.55,0.9921,60.06,true
587648,12.2427,262.39,0.9925,60.05,true
587776,12.2453,262.28,0.9935,60.04,true
587904,12.2480,262.25,0.9939,60.04,true
588032,12.2507,262.22,0.9934,60.04,true
588160,12.2533,262.19,0.9922,60.04,true
588288,12.2560,262.10,0.9909,60.03,true
588416,12.2587,262.08,0.9900,60.03,true
588544,12.2613,261.96,0.9891,60.02,true
588672,12.2640,261.99,0.9887,60.02,true
588800,12.2667,261.15,0.9876,59.97,true
588928,12.2693,261.12,0.9874,59.97,true
589056,12.2720,261.01,0.9882,59.96,true
589184,12.2747,260.91,0.9890,59.95,true
589312,12.2773,260.83,0.9901,59.95,true
589440,12.2800,260.70,0.9907,59.94,true
589568,12.2827,260.66,0.9904,59.94,true
589696,12.2853,260.55,0.9893,59.93,true
589824,12.2880,260.52,0.9892,59.93,true
589952,12.2907,259.69,0.9894,59.87,true
590080,12.2933,259.50,0.9875,59.86,true
590208,12.2960,259.39,0.9837,59.85,true
590336,12.2987,259.17,0.9818,59.84,true
590464,12.3013,258.32,0.9793,59.78,true
590592,12.3040,258.19,0.9750,59.77,true
590720,12.3067,257.81,0.9727,59.75,true
590848,12.3093,256.88,0.9702,59.68,true
590976,12.3120,256.74,0.9627,59.67,true
591104,12.3147,256.58,0.9579,59.66,true
591232,12.3173,256.44,0.9581,59.65,true
591360,12.3200,255.61,0.9546,59.60,true
591488,12.3227,255.64,0.9524,59.60,true
591616,12.3253,255.26,0.9523,59.57,true
591744,12.3280,255.23,0.9504,59.57,true
591872,12.3307,255.11,0.9462,59.56,true
592000,12.3333,255.16,0.9501,59.57,true
592128,12.3360,255.20,0.9513,59.57,true
592256,12.3387,255.27,0.9519,59.57,true
592384,12.3413,255.47,0.9518,59.59,true
592512,12.3440,255.56,0.9519,59.59,true
592640,12.3467,256.42,0.9603,59.65,true
592768,12.3493,256.66,0.9625,59.67,true
592896,12.3520,256.81,0.9692,59.68,true
593024,12.3547,256.97,0.9696,59.69,true
593152,12.3573,257.82,0.9710,59.75,true
593280,12.3600,257.92,0.9726,59.75,true
593408,12.3627,257.97,0.9729,59.76,true
593536,12.3653,258.09,0.9732,59.76,true
593664,12.3680,258.25,0.9728,59.78,true
593792,12.3707,258.34,0.9731,59.78,true
593920,12.3733,259.22,0.9734,59.84,true
594048,12.3760,259.49,0.9733,59.86,true
594176,12.3787,259.55,0.9714,59.86,true
594304,12.3813,260.66,0.9703,59.94,true
594432,12.3840,260.81,0.9718,59.95,true
594560,12.3867,260.99,0.9701,59.96,true
594688,12.3893,261.95,0.9664,60.02,true
594816,12.3920,262.03,0.9664,60.03,true
594944,12.3947,262.28,0.9652,60.04,true
595072,12.3973,262.47,0.9674,60.06,true
595200,12.4000,263.54,0.9701,60.13,true
595328,12.4027,263.88,0.9696,60.15,true
595456,12.4053,264.90,0.9691,60.22,true
595584,12.4080,265.15,0.9730,60.23,true
595712,12.4107,265.21,0.9748,60.24,true
595840,12.4133,265.45,0.9763,60.25,true
595968,12.4160,265.47,0.9779,60.25,true
596096,12.4187,265.56,0.9801,60.26,true
596224,12.4213,266.51,0.9800,60.32,true
596352,12.4240,266.64,0.9812,60.33,true
596480,12.4267,266.69,0.9805,60.33,true
596608,12.4293,266.91,0.9804,60.35,true
596736,12.4320,267.89,0.9791,60.41,true
596864,12.4347,268.04,0.9768,60.42,true
596992,12.4373,268.30,0.9764,60.44,true
597120,12.4400,269.29,0.9743,60.50,true
597248,12.4427,268.51,0.9751,60.45,true
597376,12.4453,269.42,0.9755,60.51,true
597504,12.4480,269.56,0.9767,60.52,true
597632,12.4507,269.48,0.9754,60.51,true
597760,12.4533,269.32,0.9734,60.50,true
597888,12.4560,268.50,0.9755,60.45,true
598016,12.4587,268.40,0.9774,60.44,true
598144,12.4613,268.16,0.9782,60.43,true
598272,12.4640,268.16,0.9732,60.43,true
598400,12.4667,268.03,0.9669,60.42,true
598528,12.4693,267.97,0.9693,60.41,true
598656,12.4720,266.96,0.9681,60.35,true
598784,12.4747,266.86,0.9710,60.34,true
598912,12.4773,266.63,0.9721,60.33,true
599040,12.4800,266.53,0.9740,60.32,true
599168,12.4827,266.37,0.9750,60.31,true
599296,12.4853,266.30,0.9800,60.31,true
599424,12.4880,265.52,0.9857,60.26,true
599552,12.4907,265.43,0.9861,60.25,true
599680,12.4933,265.44,0.9868,60.25,true
599808,12.4960,265.43,0.9864,60.25,true
599936,12.4987,265.36,0.9831,60.25,true
600064,12.5013,265.35,0.9832,60.24,true
600192,12.5040,265.33,0.9829,60.24,true
600320,12.5067,265.21,0.9756,60.24,true
600448,12.5093,265.22,0.9755,60.24,true
600576,12.5120,265.22,0.9743,60.24,true
600704,12.5147,265.15,0.9746,60.23,true
600832,12.5173,265.05,0.9711,60.23,true
600960,12.5200,265.12,0.9748,60.23,true
601088,12.5227,265.00,0.9735,60.22,true
601216,12.5253,264.97,0.9721,60.22,true
601344,12.5280,265.01,0.9789,60.22,true
601472,12.5307,264.93,0.9781,60.22,true
601600,12.5333,264.03,0.9797,60.16,true
601728,12.5360,263.98,0.9804,60.16,true
601856,12.5387,263.94,0.9849,60.15,true
601984,12.5413,263.82,0.9859,60.14,true
602112,12.5440,263.68,0.9868,60.14,true
602240,12.5467,263.63,0.9893,60.13,true
602368,12.5493,263.50,0.9901,60.12,true
602496,12.5520,263.38,0.9896,60.12,true
602624,12.5547,262.55,0.9904,60.06,true
602752,12.5573,262.52,0.9901,60.06,true
602880,12.5600,262.35,0.9911,60.05,true
603008,12.5627,262.24,0.9902,60.04,true
603136,12.5653,262.25,0.9900,60.04,true
603264,12.5680,262.04,0.9901,60.03,true
603392,12.5707,261.21,0.9900,59.97,true
603520,12.5733,261.14,0.9908,59.97,true
603648,12.5760,261.16,0.9896,59.97,true
603776,12.5787,261.05,0.9905,59.96,true
603904,12.5813,261.02,0.9885,59.96,true
604032,12.5840,260.94,0.9891,59.95,true
604160,12.5867,260.80,0.9893,59.95,true
604288,12.5893,260.73,0.9884,59.94,true
604416,12.5920,260.65,0.9863,59.94,true
604544,12.5947,260.63,0.9850,59.93,true
604672,12.5973,259.72,0.9857,59.87,true
604800,12.6000,259.64,0.9835,59.87,true
604928,12.6027,259.51,0.9853,59.86,true
605056,12.6053,259.61,0.9835,59.87,true
605184,12.6080,259.60,0.9811,59.87,true
605312,12.6107,259.56,0.9809,59.86,true
605440,12.6133,259.48,0.9796,59.86,true
605568,12.6160,259.50,0.9762,59.86,true
605696,12.6187,259.51,0.9748,59.86,true
605824,12.6213,259.51,0.9760,59.86,true
605952,12.6240,259.55,0.9716,59.86,true
606080,12.6267,259.46,0.9693,59.86,true
606208,12.6293,259.52,0.9641,59.86,true
606336,12.6320,259.51,0.9599,59.86,true
606464,12.6347,259.67,0.9561,59.87,true
606592,12.6373,259.69,0.9560,59.87,true
606720,12.6400,259.71,0.9498,59.87,true
606848,12.6427,260.52,0.9438,59.93,true
606976,12.6453,260.62,0.9471,59.93,true
607104,12.6480,260.79,0.9495,59.94,true
607232,12.6507,260.83,0.9540,59.95,true
607360,12.6533,260.95,0.9577,59.96,true
607488,12.6560,261.14,0.9620,59.97,true
607616,12.6587,261.95,0.9642,60.02,true
607744,12.6613,262.35,0.9731,60.05,true
607872,12.6640,262.33,0.9790,60.05,true
608000,12.6667,262.51,0.9804,60.06,true
608128,12.6693,262.56,0.9790,60.06,true
608256,12.6720,263.39,0.9812,60.12,true
608384,12.6747,263.57,0.9821,60.13,true
608512,12.6773,263.70,0.9840,60.14,true
608640,12.6800,263.73,0.9850,60.14,true
608768,12.6827,263.82,0.9870,60.14,true
608896,12.6853,263.98,0.9863,60.16,true
609024,12.6880,264.09,0.9870,60.16,true
609152,12.6907,265.04,0.9878,60.22,true
609280,12.6933,265.21,0.9877,60.24,true
609408,12.6960,265.21,0.9868,60.24,true
609536,12.6987,265.27,0.9875,60.24,true
609664,12.7013,265.47,0.9866,60.25,true
609792,12.7040,266.32,0.9862,60.31,true
609920,12.7067,266.46,0.9857,60.32,true
610048,12.7093,266.56,0.9854,60.32,true
610176,12.7120,266.61,0.9859,60.33,true
610304,12.7147,266.76,0.9859,60.34,true
610432,12.7173,266.99,0.9872,60.35,true
610560,12.7200,267.92,0.9850,60.41,true
610688,12.7227,267.94,0.9821,60.41,true
610816,12.7253,268.11,0.9813,60.42,true
610944,12.7280,268.16,0.9812,60.43,true
611072,12.7307,268.25,0.9791,60.43,true
611200,12.7333,268.42,0.9774,60.44,true
611328,12.7360,268.42,0.9756,60.44,true
611456,12.7387,268.34,0.9755,60.44,true
611584,12.7413,268.28,0.9788,60.43,true
611712,12.7440,268.18,0.9820,60.43,true
611840,12.7467,268.12,0.9834,60.42,true
611968,12.7493,268.01,0.9851,60.42,true
612096,12.7520,267.86,0.9867,60.41,true
612224,12.7547,266.96,0.9883,60.35,true
612352,12.7573,266.82,0.9897,60.34,true
612480,12.7600,266.71,0.9901,60.33,true
612608,12.7627,266.50,0.9881,60.32,true
612736,12.7653,266.38,0.9869,60.31,true
612864,12.7680,266.32,0.9868,60.31,true
612992,12.7707,265.38,0.9870,60.25,true
613120,12.7733,265.26,0.9876,60.24,true
613248,12.7760,265.18,0.9840,60.23,true
613376,12.7787,265.01,0.9832,60.22,true
613504,12.7813,264.86,0.9840,60.21,true
613632,12.7840,264.03,0.9839,60.16,true
613760,12.7867,263.88,0.9815,60.15,true
613888,12.7893,263.64,0.9834,60.13,true
614016,12.7920,263.52,0.9829,60.12,true
614144,12.7947,263.38,0.9817,60.12,true
614272,12.7973,262.38,0.9858,60.05,true
614400,12.8000,262.26,0.9864,60.04,true
614528,12.8027,262.12,0.9861,60.03,true
614656,12.8053,261.95,0.9863,60.02,true
614784,12.8080,261.08,0.9891,59.96,true
614912,12.8107,260.85,0.9904,59.95,true
615040,12.8133,260.62,0.9881,59.93,true
615168,12.8160,259.69,0.9885,59.87,true
615296,12.8187,259.61,0.9891,59.87,true
615424,12.8213,259.51,0.9884,59.86,true
615552,12.8240,259.36,0.9881,59.85,true
615680,12.8267,259.24,0.9876,59.84,true
615808,12.8293,259.12,0.9858,59.83,true
615936,12.8320,258.31,0.9844,59.78,true
616064,12.8347,258.24,0.9845,59.77,true
616192,12.8373,258.10,0.9839,59.77,true
616320,12.8400,257.83,0.9801,59.75,true
616448,12.8427,256.90,0.9772,59.68,true
616576,12.8453,256.69,0.9745,59.67,true
616704,12.8480,256.56,0.9692,59.66,true
616832,12.8507,255.63,0.9649,59.60,true
616960,12.8533,255.45,0.9647,59.59,true
617088,12.8560,255.43,0.9652,59.59,true
617216,12.8587,255.29,0.9642,59.58,true
617344,12.8613,255.42,0.9681,59.58,true
617472,12.8640,256.38,0.9697,59.65,true
617600,12.8667,256.48,0.9735,59.66,true
617728,12.8693,256.47,0.9757,59.66,true
617856,12.8720,256.51,0.9766,59.66,true
617984,12.8747,256.62,0.9791,59.67,true
618112,12.8773,256.67,0.9768,59.67,true
618240,12.8800,256.59,0.9767,59.66,true
618368,12.8827,256.61,0.9737,59.67,true
618496,12.8853,256.57,0.9747,59.66,true
618624,12.8880,256.68,0.9759,59.67,true
618752,12.8907,256.84,0.9746,59.68,true
618880,12.8933,257.73,0.9773,59.74,true
619008,12.8960,257.80,0.9783,59.74,true
619136,12.8987,257.91,0.9786,59.75,true
619264,12.9013,258.16,0.9779,59.77,true
619392,12.9040,258.32,0.9799,59.78,true
619520,12.9067,259.18,0.9813,59.84,true
619648,12.9093,259.43,0.9828,59.85,true
619776,12.9120,259.69,0.9836,59.87,true
619904,12.9147,260.65,0.9838,59.94,true
620032,12.9173,260.94,0.9843,59.95,true
620160,12.9200,261.11,0.9854,59.97,true
620288,12.9227,261.99,0.9854,60.02,true
620416,12.9253,262.16,0.9863,60.04,true
620544,12.9280,262.31,0.9871,60.05,true
620672,12.9307,262.51,0.9858,60.06,true
620800,12.9333,262.60,0.9851,60.06,true
620928,12.9360,263.49,0.9852,60.12,true
621056,12.9387,263.57,0.9864,60.13,true
621184,12.9413,263.66,0.9865,60.13,true
621312,12.9440,263.74,0.9879,60.14,true
621440,12.9467,263.83,0.9886,60.15,true
621568,12.9493,263.81,0.9898,60.14,true
621696,12.9520,263.88,0.9905,60.15,true
621824,12.9547,263.91,0.9908,60.15,true
621952,12.9573,263.95,0.9917,60.15,true
622080,12.9600,263.94,0.9921,60.15,true
622208,12.9627,263.93,0.9926,60.15,true
622336,12.9653,263.96,0.9932,60.15,true
622464,12.9680,263.99,0.9930,60.16,true
622592,12.9707,264.04,0.9930,60.16,true
622720,12.9733,264.02,0.9934,60.16,true
622848,12.9760,264.08,0.9939,60.16,true
622976,12.9787,264.84,0.9934,60.21,true
623104,12.9813,264.93,0.9930,60.22,true
623232,12.9840,265.01,0.9933,60.22,true
623360,12.9867,265.09,0.9923,60.23,true
623488,12.9893,265.16,0.9926,60.23,true
623616,12.9920,265.26,0.9929,60.24,true
623744,12.9947,265.24,0.9916,60.24,true
623872,12.9973,265.31,0.9907,60.24,true
624000,13.0000,265.33,0.9902,60.24,true
624128,13.0027,265.40,0.9904,60.25,true
624256,13.0053,265.35,0.9901,60.24,true
624384,13.0080,265.34,0.9913,60.24,true
624512,13.0107,265.35,0.9918,60.24,true
624640,13.0133,265.24,0.9916,60.24,true
624768,13.0160,265.15,0.9917,60.23,true
624896,13.0187,265.09,0.9924,60.23,true
625024,13.0213,264.90,0.9918,60.22,true
625152,13.0240,263.98,0.9931,60.15,true
625280,13.0267,263.96,0.9926,60.15,true
625408,13.0293,263.81,0.9929,60.14,true
625536,13.0320,263.68,0.9923,60.14,true
625664,13.0347,263.59,0.9901,60.13,true
625792,13.0373,263.58,0.9892,60.13,true
625920,13.0400,262.61,0.9870,60.07,true
626048,13.0427,262.53,0.9860,60.06,true
626176,13.0453,262.42,0.9850,60.05,true
626304,13.0480,262.27,0.9862,60.04,true
626432,13.0507,262.16,0.9848,60.04,true
626560,13.0533,262.06,0.9838,60.03,true
626688,13.0560,261.20,0.9841,59.97,true
626816,13.0587,261.09,0.9848,59.96,true
626944,13.0613,261.05,0.9844,59.96,true
627072,13.0640,260.86,0.9861,59.95,true
627200,13.0667,260.82,0.9880,59.95,true
627328,13.0693,260.64,0.9865,59.93,true
627456,13.0720,260.61,0.9856,59.93,true
627584,13.0747,260.58,0.9864,59.93,true
627712,13.0773,259.81,0.9863,59.88,true
627840,13.0800,259.65,0.9853,59.87,true
627968,13.0827,259.51,0.9849,59.86,true
628096,13.0853,259.48,0.9841,59.86,true
628224,13.0880,259.33,0.9823,59.85,true
628352,13.0907,259.28,0.9786,59.84,true
628480,13.0933,258.40,0.9747,59.79,true
628608,13.0960,258.15,0.9729,59.77,true
628736,13.0987,258.08,0.9707,59.76,true
628864,13.1013,257.81,0.9690,59.75,true
628992,13.1040,257.76,0.9672,59.74,true
629120,13.1067,256.80,0.9664,59.68,true
629248,13.1093,256.73,0.9639,59.67,true
629376,13.1120,256.47,0.9678,59.66,true
629504,13.1147,256.43,0.9707,59.65,true
629632,13.1173,256.82,0.9699,59.68,true
629760,13.1200,256.62,0.9678,59.67,true
629888,13.1227,256.97,0.9699,59.69,true
630016,13.1253,257.78,0.9677,59.74,true
630144,13.1280,257.85,0.9686,59.75,true
630272,13.1307,257.83,0.9693,59.75,true
630400,13.1333,257.87,0.9660,59.75,true
630528,13.1360,257.96,0.9642,59.76,true
630656,13.1387,257.82,0.9583,59.75,true
630784,13.1413,257.85,0.9582,59.75,true
630912,13.1440,257.80,0.9548,59.75,true
631040,13.1467,256.94,0.9507,59.69,true
631168,13.1493,256.84,0.9512,59.68,true
631296,13.1520,256.85,0.9454,59.68,true
631424,13.1547,256.99,0.9425,59.69,true
631552,13.1573,257.72,0.9451,59.74,true
631680,13.1600,257.74,0.9531,59.74,true
631808,13.1627,257.97,0.9540,59.76,true
631936,13.1653,258.11,0.9567,59.77,true
632064,13.1680,258.24,0.9639,59.77,true
632192,13.1707,259.17,0.9608,59.84,true
632320,13.1733,259.46,0.9665,59.86,true
632448,13.1760,259.52,0.9695,59.86,true
632576,13.1787,259.54,0.9677,59.86,true
632704,13.1813,259.79,0.9664,59.88,true
632832,13.1840,259.76,0.9649,59.88,true
632960,13.1867,260.62,0.9641,59.93,true
633088,13.1893,260.80,0.9646,59.95,true
633216,13.1920,260.88,0.9673,59.95,true
633344,13.1947,261.01,0.9702,59.96,true
633472,13.1973,261.18,0.9729,59.97,true
633600,13.2000,261.94,0.9744,60.02,true
633728,13.2027,261.96,0.9752,60.02,true
633856,13.2053,262.11,0.9765,60.03,true
633984,13.2080,262.23,0.9735,60.04,true
634112,13.2107,262.44,0.9723,60.05,true
634240,13.2133,262.48,0.9719,60.06,true
634368,13.2160,262.63,0.9745,60.07,true
634496,13.2187,263.43,0.9783,60.12,true
634624,13.2213,263.45,0.9799,60.12,true
634752,13.2240,263.44,0.9802,60.12,true
634880,13.2267,263.59,0.9801,60.13,true
635008,13.2293,263.62,0.9811,60.13,true
635136,13.2320,263.56,0.9818,60.13,true
635264,13.2347,263.69,0.9827,60.14,true
635392,13.2373,263.65,0.9841,60.13,true
635520,13.2400,263.65,0.9834,60.13,true
635648,13.2427,263.67,0.9844,60.13,true
635776,13.2453,263.74,0.9848,60.14,true
635904,13.2480,263.54,0.9863,60.13,true
636032,13.2507,263.39,0.9872,60.12,true
636160,13.2533,262.59,0.9882,60.06,true
636288,13.2560,262.50,0.9892,60.06,true
636416,13.2587,262.48,0.9886,60.06,true
636544,13.2613,262.41,0.9898,60.05,true
636672,13.2640,262.32,0.9897,60.05,true
636800,13.2667,262.27,0.9882,60.04,true
636928,13.2693,262.32,0.9879,60.05,true
637056,13.2720,262.41,0.9879,60.05,true
637184,13.2747,262.40,0.9884,60.05,true
637312,13.2773,262.38,0.9871,60.05,true
637440,13.2800,262.35,0.9863,60.05,true
637568,13.2827,262.42,0.9866,60.05,true
637696,13.2853,262.47,0.9866,60.06,true
637824,13.2880,262.45,0.9887,60.05,true
637952,13.2907,262.46,0.9853,60.05,true
638080,13.2933,262.55,0.9825,60.06,true
638208,13.2960,262.52,0.9821,60.06,true
638336,13.2987,262.45,0.9837,60.05,true
638464,13.3013,262.46,0.9831,60.05,true
638592,13.3040,262.33,0.9822,60.05,true
638720,13.3067,262.31,0.9825,60.04,true
638848,13.3093,262.30,0.9827,60.04,true
638976,13.3120,262.21,0.9848,60.04,true
639104,13.3147,262.04,0.9862,60.03,true
639232,13.3173,262.11,0.9866,60.03,true
639360,13.3200,262.19,0.9865,60.04,true
639488,13.3227,262.07,0.9877,60.03,true
639616,13.3253,262.12,0.9879,60.03,true
639744,13.3280,262.04,0.9858,60.03,true
639872,13.3307,261.97,0.9829,60.02,true
640000,13.3333,261.97,0.9839,60.02,true
640128,13.3360,262.00,0.9851,60.02,true
640256,13.3387,261.94,0.9843,60.02,true
640384,13.3413,261.13,0.9850,59.97,true
640512,13.3440,261.01,0.9835,59.96,true
640640,13.3467,260.88,0.9837,59.95,true
640768,13.3493,260.83,0.9860,59.95,true
640896,13.3520,260.78,0.9884,59.94,true
641024,13.3547,260.73,0.9869,59.94,true
641152,13.3573,260.57,0.9851,59.93,true
641280,13.3600,259.72,0.9836,59.87,true
641408,13.3627,259.64,0.9821,59.87,true
641536,13.3653,259.56,0.9814,59.86,true
641664,13.3680,259.56,0.9791,59.86,true
641792,13.3707,259.41,0.9781,59.85,true
641920,13.3733,259.33,0.9758,59.85,true
642048,13.3760,259.31,0.9757,59.85,true
642176,13.3787,259.24,0.9771,59.84,true
642304,13.3813,259.32,0.9733,59.85,true
642432,13.3840,259.33,0.9689,59.85,true
642560,13.3867,259.49,0.9691,59.86,true
642688,13.3893,259.27,0.9641,59.84,true
642816,13.3920,259.32,0.9532,59.85,true
642944,13.3947,259.44,0.9511,59.85,true
643072,13.3973,259.52,0.9369,59.86,true
643200,13.4000,259.56,0.9266,59.86,true
643328,13.4027,259.57,0.9130,59.86,true
643456,13.4053,259.63,0.9098,59.87,true
643584,13.4080,259.67,0.9067,59.87,true
643712,13.4107,260.54,0.9116,59.93,true
643840,13.4133,260.71,0.9261,59.94,true
643968,13.4160,260.89,0.9263,59.95,true
644096,13.4187,261.02,0.9397,59.96,true
644224,13.4213,261.19,0.9502,59.97,true
644352,13.4240,262.05,0.9693,60.03,true
644480,13.4267,262.21,0.9730,60.04,true
644608,13.4293,262.55,0.9743,60.06,true
644736,13.4320,262.61,0.9768,60.06,true
644864,13.4347,263.49,0.9788,60.12,true
644992,13.4373,263.57,0.9783,60.13,true
645120,13.4400,263.57,0.9787,60.13,true
645248,13.4427,263.63,0.9807,60.13,true
645376,13.4453,263.64,0.9791,60.13,true
645504,13.4480,263.69,0.9829,60.14,true
645632,13.4507,263.68,0.9831,60.14,true
645760,13.4533,263.81,0.9825,60.14,true
645888,13.4560,263.87,0.9827,60.15,true
646016,13.4587,263.85,0.9856,60.15,true
646144,13.4613,264.08,0.9855,60.16,true
646272,13.4640,264.94,0.9861,60.22,true
646400,13.4667,265.07,0.9890,60.23,true
646528,13.4693,265.25,0.9887,60.24,true
646656,13.4720,265.45,0.9901,60.25,true
646784,13.4747,265.54,0.9912,60.26,true
646912,13.4773,266.41,0.9918,60.31,true
647040,13.4800,266.59,0.9936,60.33,true
647168,13.4827,266.62,0.9931,60.33,true
647296,13.4853,266.74,0.9918,60.34,true
647424,13.4880,266.83,0.9896,60.34,true
647552,13.4907,266.97,0.9875,60.35,true
647680,13.4933,267.85,0.9860,60.41,true
647808,13.4960,268.00,0.9866,60.42,true
647936,13.4987,268.02,0.9864,60.42,true
648064,13.5013,268.13,0.9858,60.43,true
648192,13.5040,268.18,0.9864,60.43,true
648320,13.5067,268.10,0.9868,60.42,true
648448,13.5093,267.97,0.9878,60.41,true
648576,13.5120,267.82,0.9879,60.41,true
648704,13.5147,267.02,0.9882,60.35,true
648832,13.5173,266.85,0.9870,60.34,true
648960,13.5200,266.61,0.9854,60.33,true
649088,13.5227,266.56,0.9863,60.32,true
649216,13.5253,266.52,0.9847,60.32,true
649344,13.5280,266.32,0.9807,60.31,true
649472,13.5307,265.55,0.9808,60.26,true
649600,13.5333,265.41,0.9809,60.25,true
649728,13.5360,265.21,0.9825,60.24,true
649856,13.5387,265.10,0.9825,60.23,true
649984,13.5413,265.01,0.9826,60.22,true
650112,13.5440,263.99,0.9820,60.16,true
650240,13.5467,263.74,0.9846,60.14,true
650368,13.5493,263.52,0.9870,60.12,true
650496,13.5520,262.56,0.9862,60.06,true
650624,13.5547,262.34,0.9869,60.05,true
650752,13.5573,262.13,0.9871,60.03,true
650880,13.5600,261.10,0.9868,59.97,true
651008,13.5627,260.85,0.9859,59.95,true
651136,13.5653,260.63,0.9872,59.93,true
651264,13.5680,259.80,0.9873,59.88,true
651392,13.5707,259.69,0.9860,59.87,true
651520,13.5733,259.53,0.9841,59.86,true
651648,13.5760,259.37,0.9849,59.85,true
651776,13.5787,259.23,0.9812,59.84,true
651904,13.5813,259.12,0.9814,59.83,true
652032,13.5840,258.39,0.9793,59.78,true
652160,13.5867,258.22,0.9782,59.77,true
652288,13.5893,257.96,0.9742,59.76,true
652416,13.5920,257.85,0.9722,59.75,true
652544,13.5947,256.94,0.9661,59.69,true
652672,13.5973,256.64,0.9594,59.67,true
652800,13.6000,256.40,0.9597,59.65,true
652928,13.6027,255.30,0.9553,59.58,true
653056,13.6053,254.14,0.9569,59.50,true
653184,13.6080,253.78,0.9538,59.47,true
653312,13.6107,253.77,0.9565,59.47,true
653440,13.6133,253.68,0.9549,59.47,true
653568,13.6160,253.75,0.9616,59.47,true
653696,13.6187,253.86,0.9661,59.48,true
653824,13.6213,253.98,0.9671,59.49,true
653952,13.6240,254.07,0.9697,59.49,true
654080,13.6267,253.94,0.9741,59.48,true
654208,13.6293,254.06,0.9763,59.49,true
654336,13.6320,254.07,0.9793,59.49,true
654464,13.6347,254.06,0.9828,59.49,true
654592,13.6373,254.15,0.9828,59.50,true
654720,13.6400,254.19,0.9821,59.50,true
654848,13.6427,255.06,0.9812,59.56,true
654976,13.6453,255.21,0.9820,59.57,true
655104,13.6480,255.43,0.9833,59.58,true
655232,13.6507,255.60,0.9827,59.60,true
655360,13.6533,256.36,0.9824,59.65,true
655488,13.6560,256.58,0.9843,59.66,true
655616,13.6587,256.74,0.9861,59.67,true
655744,13.6613,256.87,0.9870,59.68,true
655872,13.6640,256.94,0.9865,59.69,true
656000,13.6667,257.74,0.9875,59.74,true
656128,13.6693,257.81,0.9882,59.75,true
656256,13.6720,257.83,0.9873,59.75,true
656384,13.6747,257.96,0.9885,59.76,true
656512,13.6773,258.09,0.9877,59.76,true
656640,13.6800,258.19,0.9864,59.77,true
656768,13.6827,258.39,0.9838,59.78,true
656896,13.6853,259.35,0.9846,59.85,true
657024,13.6880,259.73,0.9821,59.87,true
657152,13.6907,260.88,0.9817,59.95,true
657280,13.6933,261.19,0.9837,59.97,true
657408,13.6960,262.18,0.9831,60.04,true
657536,13.6987,262.42,0.9850,60.05,true
657664,13.7013,262.61,0.9872,60.07,true
657792,13.7040,263.57,0.9880,60.13,true
657920,13.7067,263.80,0.9889,60.14,true
658048,13.7093,263.99,0.9887,60.16,true
658176,13.7120,264.86,0.9891,60.21,true
658304,13.7147,264.96,0.9900,60.22,true
658432,13.7173,265.25,0.9895,60.24,true
658560,13.7200,265.39,0.9903,60.25,true
658688,13.7227,265.55,0.9902,60.26,true
658816,13.7253,266.43,0.9908,60.31,true
658944,13.7280,266.55,0.9907,60.32,true
659072,13.7307,266.67,0.9916,60.33,true
659200,13.7333,266.72,0.9915,60.33,true
659328,13.7360,266.82,0.9918,60.34,true
659456,13.7387,266.80,0.9920,60.34,true
659584,13.7413,266.83,0.9912,60.34,true
659712,13.7440,266.93,0.9894,60.35,true
659840,13.7467,267.00,0.9890,60.35,true
659968,13.7493,267.86,0.9896,60.41,true
660096,13.7520,267.94,0.9896,60.41,true
660224,13.7547,268.07,0.9900,60.42,true
660352,13.7573,268.19,0.9897,60.43,true
660480,13.7600,268.27,0.9908,60.43,true
660608,13.7627,268.37,0.9906,60.44,true
660736,13.7653,268.33,0.9895,60.44,true
660864,13.7680,268.33,0.9893,60.44,true
660992,13.7707,268.28,0.9878,60.43,true
661120,13.7733,268.22,0.9872,60.43,true
661248,13.7760,268.26,0.9867,60.43,true
661376,13.7787,268.32,0.9863,60.44,true
661504,13.7813,268.22,0.9861,60.43,true
661632,13.7840,268.14,0.9869,60.43,true
661760,13.7867,268.16,0.9894,60.43,true
661888,13.7893,268.01,0.9896,60.42,true
662016,13.7920,267.96,0.9906,60.41,true
662144,13.7947,267.87,0.9908,60.41,true
662272,13.7973,266.95,0.9913,60.35,true
662400,13.8000,266.81,0.9938,60.34,true
662528,13.8027,266.72,0.9931,60.33,true
662656,13.8053,266.60,0.9927,60.33,true
662784,13.8080,266.43,0.9903,60.31,true
662912,13.8107,266.30,0.9877,60.31,true
663040,13.8133,265.45,0.9884,60.25,true
663168,13.8160,265.44,0.9883,60.25,true
663296,13.8187,265.26,0.9868,60.24,true
663424,13.8213,265.06,0.9854,60.23,true
663552,13.8240,264.96,0.9859,60.22,true
663680,13.8267,264.88,0.9855,60.21,true
663808,13.8293,263.98,0.9876,60.16,true
663936,13.8320,263.93,0.9889,60.15,true
664064,13.8347,263.71,0.9893,60.14,true
664192,13.8373,263.39,0.9889,60.12,true
664320,13.8400,262.61,0.9896,60.07,true
664448,13.8427,262.47,0.9902,60.06,true
664576,13.8453,262.28,0.9910,60.04,true
664704,13.8480,262.07,0.9914,60.03,true
664832,13.8507,261.95,0.9913,60.02,true
664960,13.8533,261.00,0.9933,59.96,true
665088,13.8560,260.88,0.9927,59.95,true
665216,13.8587,260.74,0.9929,59.94,true
665344,13.8613,260.55,0.9913,59.93,true
665472,13.8640,259.78,0.9916,59.88,true
665600,13.8667,259.69,0.9924,59.87,true
665728,13.8693,259.63,0.9907,59.87,true
665856,13.8720,259.50,0.9903,59.86,true
665984,13.8747,259.43,0.9896,59.85,true
666112,13.8773,259.40,0.9869,59.85,true
666240,13.8800,259.27,0.9796,59.84,true
666368,13.8827,259.29,0.9761,59.84,true
666496,13.8853,258.39,0.9681,59.78,true
666624,13.8880,258.16,0.9557,59.77,true
666752,13.8907,257.86,0.9428,59.75,true
666880,13.8933,256.67,0.9323,59.67,true
667008,13.8960,256.45,0.9164,59.65,true
667136,13.8987,255.17,0.9084,59.57,true
667264,13.9013,255.08,0.9075,59.56,true
667392,13.9040,255.12,0.9040,59.56,true
667520,13.9067,255.10,0.9141,59.56,true
667648,13.9093,255.19,0.9386,59.57,true
667776,13.9120,255.32,0.9506,59.58,true
667904,13.9147,255.56,0.9590,59.59,true
668032,13.9173,256.34,0.9644,59.65,true
668160,13.9200,256.41,0.9664,59.65,true
668288,13.9227,256.53,0.9695,59.66,true
668416,13.9253,256.49,0.9723,59.66,true
668544,13.9280,256.60,0.9753,59.66,true
668672,13.9307,256.71,0.9751,59.67,true
668800,13.9333,256.68,0.9772,59.67,true
668928,13.9360,256.87,0.9769,59.68,true
669056,13.9387,257.78,0.9733,59.74,true
669184,13.9413,257.94,0.9732,59.75,true
669312,13.9440,258.08,0.9737,59.76,true
669440,13.9467,258.31,0.9754,59.78,true
669568,13.9493,259.14,0.9762,59.83,true
669696,13.9520,259.45,0.9813,59.86,true
669824,13.9547,259.58,0.9840,59.86,true
669952,13.9573,259.77,0.9821,59.88,true
670080,13.9600,260.57,0.9843,59.93,true
670208,13.9627,260.69,0.9865,59.94,true
670336,13.9653,260.80,0.9882,59.95,true
670464,13.9680,260.95,0.9883,59.96,true
670592,13.9707,261.14,0.9854,59.97,true
670720,13.9733,262.08,0.9839,60.03,true
670848,13.9760,262.29,0.9845,60.04,true
670976,13.9787,262.44,0.9853,60.05,true
671104,13.9813,263.47,0.9832,60.12,true
671232,13.9840,263.60,0.9839,60.13,true
671360,13.9867,263.80,0.9857,60.14,true
671488,13.9893,264.84,0.9817,60.21,true
671616,13.9920,265.17,0.9844,60.23,true
671744,13.9947,265.23,0.9852,60.24,true
671872,13.9973,265.50,0.9862,60.25,true
672000,14.0000,266.50,0.9882,60.32,true
672128,14.0027,266.67,0.9892,60.33,true
672256,14.0053,266.75,0.9902,60.34,true
672384,14.0080,266.87,0.9909,60.34,true
672512,14.0107,266.90,0.9912,60.35,true
672640,14.0133,266.95,0.9912,60.35,true
672768,14.0160,267.83,0.9904,60.41,true
672896,14.0187,267.91,0.9899,60.41,true
673024,14.0213,267.90,0.9896,60.41,true
673152,14.0240,267.95,0.9893,60.41,true
673280,14.0267,267.97,0.9888,60.41,true
673408,14.0293,268.07,0.9886,60.42,true
673536,14.0320,268.16,0.9875,60.43,true
673664,14.0347,268.10,0.9874,60.42,true
673792,14.0373,267.92,0.9876,60.41,true
673920,14.0400,267.80,0.9873,60.40,true
674048,14.0427,267.03,0.9859,60.35,true
674176,14.0453,266.79,0.9856,60.34,true
674304,14.0480,266.63,0.9861,60.33,true
674432,14.0507,266.42,0.9864,60.31,true
674560,14.0533,265.47,0.9843,60.25,true
674688,14.0560,265.27,0.9830,60.24,true
674816,14.0587,265.10,0.9815,60.23,true
674944,14.0613,264.84,0.9795,60.21,true
675072,14.0640,263.91,0.9813,60.15,true
675200,14.0667,263.76,0.9779,60.14,true
675328,14.0693,263.45,0.9768,60.12,true
675456,14.0720,262.49,0.9740,60.06,true
675584,14.0747,262.24,0.9755,60.04,true
675712,14.0773,261.18,0.9769,59.97,true
675840,14.0800,260.99,0.9748,59.96,true
675968,14.0827,260.79,0.9584,59.94,true
676096,14.0853,260.52,0.9517,59.93,true
676224,14.0880,259.66,0.9553,59.87,true
676352,14.0907,259.41,0.9541,59.85,true
676480,14.0933,259.26,0.9552,59.84,true
676608,14.0960,259.17,0.9579,59.84,true
676736,14.0987,259.12,0.9573,59.83,true
676864,14.1013,258.34,0.9595,59.78,true
676992,14.1040,258.26,0.9782,59.78,true
677120,14.1067,258.17,0.9835,59.77,true
677248,14.1093,257.99,0.9811,59.76,true
677376,14.1120,257.96,0.9709,59.76,true
677504,14.1147,257.73,0.9551,59.74,true
677632,14.1173,256.77,0.9262,59.68,true
677760,14.1200,255.64,0.9015,59.60,true
677888,14.1227,,,,false
678016,14.1253,,,,false
678144,14.1280,,,,false
678272,14.1307,,,,false
678400,14.1333,,,,false
678528,14.1360,,,,false
678656,14.1387,256.55,0.9010,59.66,true
678784,14.1413,256.74,0.9226,59.67,true
678912,14.1440,256.70,0.9578,59.67,true
679040,14.1467,256.94,0.9702,59.69,true
679168,14.1493,256.90,0.9773,59.68,true
679296,14.1520,257.73,0.9769,59.74,true
679424,14.1547,256.99,0.9815,59.69,true
679552,14.1573,257.00,0.9808,59.69,true
679680,14.1600,257.03,0.9792,59.69,true
679808,14.1627,257.80,0.9797,59.74,true
679936,14.1653,258.07,0.9795,59.76,true
680064,14.1680,258.12,0.9792,59.77,true
680192,14.1707,258.27,0.9802,59.78,true
680320,14.1733,259.20,0.9795,59.84,true
680448,14.1760,259.40,0.9800,59.85,true
680576,14.1787,259.67,0.9804,59.87,true
680704,14.1813,260.65,0.9797,59.94,true
680832,14.1840,260.78,0.9816,59.94,true
680960,14.1867,260.93,0.9838,59.95,true
681088,14.1893,261.18,0.9827,59.97,true
681216,14.1920,262.13,0.9843,60.03,true
681344,14.1947,262.44,0.9845,60.05,true
681472,14.1973,263.43,0.9862,60.12,true
681600,14.2000,263.56,0.9868,60.13,true
681728,14.2027,263.73,0.9874,60.14,true
681856,14.2053,263.88,0.9859,60.15,true
681984,14.2080,263.98,0.9858,60.16,true
682112,14.2107,264.08,0.9863,60.16,true
682240,14.2133,264.98,0.9848,60.22,true
682368,14.2160,265.08,0.9865,60.23,true
682496,14.2187,265.25,0.9860,60.24,true
682624,14.2213,265.41,0.9865,60.25,true
682752,14.2240,265.43,0.9871,60.25,true
682880,14.2267,265.55,0.9887,60.26,true
683008,14.2293,266.53,0.9889,60.32,true
683136,14.2320,266.65,0.9872,60.33,true
683264,14.2347,266.71,0.9881,60.33,true
683392,14.2373,266.98,0.9861,60.35,true
683520,14.2400,267.84,0.9859,60.41,true
683648,14.2427,267.95,0.9860,60.41,true
683776,14.2453,268.15,0.9863,60.43,true
683904,14.2480,268.33,0.9870,60.44,true
684032,14.2507,268.40,0.9870,60.44,true
684160,14.2533,268.49,0.9898,60.45,true
684288,14.2560,268.47,0.9899,60.45,true
684416,14.2587,268.29,0.9894,60.44,true
684544,14.2613,268.24,0.9891,60.43,true
684672,14.2640,268.14,0.9894,60.43,true
684800,14.2667,267.82,0.9866,60.41,true
684928,14.2693,266.78,0.9863,60.34,true
685056,14.2720,266.55,0.9866,60.32,true
685184,14.2747,266.32,0.9854,60.31,true
685312,14.2773,265.44,0.9869,60.25,true
685440,14.2800,265.40,0.9866,60.25,true
685568,14.2827,265.18,0.9865,60.23,true
685696,14.2853,264.90,0.9863,60.22,true
685824,14.2880,264.05,0.9872,60.16,true
685952,14.2907,263.95,0.9876,60.15,true
686080,14.2933,263.78,0.9870,60.14,true
686208,14.2960,263.59,0.9867,60.13,true
686336,14.2987,263.40,0.9848,60.12,true
686464,14.3013,262.63,0.9843,60.07,true
686592,14.3040,262.48,0.9831,60.06,true
686720,14.3067,262.37,0.9838,60.05,true
686848,14.3093,262.17,0.9830,60.04,true
686976,14.3120,262.01,0.9825,60.03,true
687104,14.3147,261.17,0.9798,59.97,true
687232,14.3173,261.08,0.9799,59.96,true
687360,14.3200,260.94,0.9809,59.95,true
687488,14.3227,260.81,0.9825,59.95,true
687616,14.3253,260.85,0.9842,59.95,true
687744,14.3280,260.71,0.9827,59.94,true
687872,14.3307,260.61,0.9818,59.93,true
688000,14.3333,260.66,0.9759,59.94,true
688128,14.3360,260.71,0.9785,59.94,true
688256,14.3387,260.60,0.9725,59.93,true
688384,14.3413,260.56,0.9698,59.93,true
688512,14.3440,259.71,0.9676,59.87,true
688640,14.3467,259.57,0.9657,59.86,true
688768,14.3493,259.51,0.9619,59.86,true
688896,14.3520,259.37,0.9571,59.85,true
689024,14.3547,258.38,0.9604,59.78,true
689152,14.3573,258.05,0.9565,59.76,true
689280,14.3600,257.94,0.9561,59.75,true
689408,14.3627,257.94,0.9551,59.75,true
689536,14.3653,257.82,0.9485,59.75,true
689664,14.3680,256.72,0.9441,59.67,true
689792,14.3707,256.81,0.9409,59.68,true
689920,14.3733,256.95,0.9343,59.69,true
690048,14.3760,257.72,0.9381,59.74,true
690176,14.3787,256.95,0.9420,59.69,true
690304,14.3813,257.77,0.9449,59.74,true
690432,14.3840,256.93,0.9534,59.69,true
690560,14.3867,257.74,0.9443,59.74,true
690688,14.3893,257.00,0.9471,59.69,true
690816,14.3920,256.99,0.9487,59.69,true
690944,14.3947,256.96,0.9525,59.69,true
691072,14.3973,257.02,0.9510,59.69,true
691200,14.4000,257.74,0.9429,59.74,true
691328,14.4027,257.02,0.9427,59.69,true
691456,14.4053,257.85,0.9456,59.75,true
691584,14.4080,257.78,0.9571,59.74,true
691712,14.4107,257.99,0.9573,59.76,true
691840,14.4133,257.97,0.9529,59.76,true
691968,14.4160,258.22,0.9466,59.77,true
692096,14.4187,258.32,0.9492,59.78,true
692224,14.4213,259.11,0.9604,59.83,true
692352,14.4240,259.19,0.9659,59.84,true
692480,14.4267,259.29,0.9620,59.84,true
692608,14.4293,259.44,0.9614,59.85,true
692736,14.4320,259.47,0.9613,59.86,true
692864,14.4347,259.60,0.9645,59.87,true
692992,14.4373,259.72,0.9699,59.87,true
693120,14.4400,259.75,0.9701,59.88,true
693248,14.4427,260.60,0.9692,59.93,true
693376,14.4453,260.78,0.9698,59.94,true
693504,14.4480,260.95,0.9731,59.96,true
693632,14.4507,261.11,0.9750,59.97,true
693760,14.4533,261.99,0.9777,60.02,true
693888,14.4560,262.23,0.9785,60.04,true
694016,14.4587,262.31,0.9763,60.05,true
694144,14.4613,263.39,0.9764,60.12,true
694272,14.4640,263.39,0.9779,60.12,true
694400,14.4667,263.45,0.9791,60.12,true
694528,14.4693,263.56,0.9799,60.13,true
694656,14.4720,263.56,0.9809,60.13,true
694784,14.4747,263.63,0.9810,60.13,true
694912,14.4773,263.66,0.9838,60.13,true
695040,14.4800,263.71,0.9845,60.14,true
695168,14.4827,263.68,0.9862,60.14,true
695296,14.4853,263.73,0.9852,60.14,true
695424,14.4880,263.73,0.9850,60.14,true
695552,14.4907,263.78,0.9853,60.14,true
695680,14.4933,263.80,0.9863,60.14,true
695808,14.4960,263.85,0.9882,60.15,true
695936,14.4987,263.80,0.9891,60.14,true
696064,14.5013,263.90,0.9888,60.15,true
696192,14.5040,263.93,0.9870,60.15,true
696320,14.5067,263.99,0.9869,60.16,true
696448,14.5093,264.06,0.9861,60.16,true
696576,14.5120,264.07,0.9848,60.16,true
696704,14.5147,264.86,0.9841,60.21,true
696832,14.5173,264.88,0.9842,60.21,true
696960,14.5200,264.94,0.9847,60.22,true
697088,14.5227,264.96,0.9850,60.22,true
697216,14.5253,265.06,0.9869,60.23,true
697344,14.5280,265.08,0.9886,60.23,true
697472,14.5307,265.14,0.9903,60.23,true
697600,14.5333,265.16,0.9920,60.23,true
697728,14.5360,265.21,0.9932,60.24,true
697856,14.5387,265.29,0.9931,60.24,true
697984,14.5413,265.32,0.9931,60.24,true
698112,14.5440,265.26,0.9935,60.24,true
698240,14.5467,265.25,0.9928,60.24,true
698368,14.5493,265.25,0.9922,60.24,true
698496,14.5520,265.25,0.9922,60.24,true
698624,14.5547,265.19,0.9909,60.23,true
698752,14.5573,265.17,0.9898,60.23,true
698880,14.5600,265.04,0.9890,60.22,true
699008,14.5627,265.01,0.9889,60.22,true
699136,14.5653,264.98,0.9890,60.22,true
699264,14.5680,264.84,0.9893,60.21,true
699392,14.5707,264.06,0.9899,60.16,true
699520,14.5733,263.93,0.9911,60.15,true
699648,14.5760,263.89,0.9913,60.15,true
699776,14.5787,263.73,0.9920,60.14,true
699904,14.5813,263.64,0.9920,60.13,true
700032,14.5840,263.59,0.9923,60.13,true
700160,14.5867,263.41,0.9909,60.12,true
700288,14.5893,262.54,0.9908,60.06,true
700416,14.5920,262.34,0.9912,60.05,true
700544,14.5947,262.22,0.9908,60.04,true
700672,14.5973,262.08,0.9905,60.03,true
700800,14.6000,262.01,0.9910,60.03,true
700928,14.6027,261.18,0.9903,59.97,true
701056,14.6053,260.99,0.9913,59.96,true
701184,14.6080,260.98,0.9912,59.96,true
701312,14.6107,260.95,0.9905,59.96,true
701440,14.6133,260.90,0.9900,59.95,true
701568,14.6160,260.80,0.9911,59.95,true
701696,14.6187,260.76,0.9914,59.94,true
701824,14.6213,260.63,0.9900,59.93,true
701952,14.6240,260.58,0.9897,59.93,true
702080,14.6267,260.52,0.9891,59.93,true
702208,14.6293,259.68,0.9891,59.87,true
702336,14.6320,259.60,0.9889,59.87,true
702464,14.6347,259.53,0.9883,59.86,true
702592,14.6373,259.42,0.9877,59.85,true
702720,14.6400,259.35,0.9862,59.85,true
702848,14.6427,259.14,0.9846,59.83,true
702976,14.6453,258.31,0.9829,59.78,true
703104,14.6480,258.19,0.9804,59.77,true
703232,14.6507,258.04,0.9783,59.76,true
703360,14.6533,257.94,0.9755,59.75,true
703488,14.6560,257.80,0.9736,59.75,true
703616,14.6587,256.98,0.9722,59.69,true
703744,14.6613,257.74,0.9742,59.74,true
703872,14.6640,257.87,0.9739,59.75,true
704000,14.6667,257.89,0.9760,59.75,true
704128,14.6693,257.91,0.9758,59.75,true
704256,14.6720,257.96,0.9778,59.76,true
704384,14.6747,258.01,0.9798,59.76,true
704512,14.6773,258.04,0.9799,59.76,true
704640,14.6800,258.20,0.9788,59.77,true
704768,14.6827,258.25,0.9774,59.78,true
704896,14.6853,258.29,0.9786,59.78,true
705024,14.6880,259.17,0.9774,59.84,true
705152,14.6907,259.36,0.9802,59.85,true
705280,14.6933,259.57,0.9810,59.86,true
705408,14.6960,259.77,0.9814,59.88,true
705536,14.6987,260.57,0.9830,59.93,true
705664,14.7013,260.62,0.9842,59.93,true
705792,14.7040,260.78,0.9846,59.94,true
705920,14.7067,260.93,0.9852,59.95,true
706048,14.7093,261.04,0.9821,59.96,true
706176,14.7120,261.07,0.9816,59.96,true
706304,14.7147,261.94,0.9779,60.02,true
706432,14.7173,262.07,0.9770,60.03,true
706560,14.7200,262.22,0.9785,60.04,true
706688,14.7227,262.38,0.9795,60.05,true
706816,14.7253,262.50,0.9795,60.06,true
706944,14.7280,262.56,0.9801,60.06,true
707072,14.7307,263.41,0.9821,60.12,true
707200,14.7333,263.63,0.9836,60.13,true
707328,14.7360,263.71,0.9855,60.14,true
707456,14.7387,263.80,0.9873,60.14,true
707584,14.7413,263.91,0.9868,60.15,true
707712,14.7440,264.05,0.9867,60.16,true
707840,14.7467,264.85,0.9875,60.21,true
707968,14.7493,265.05,0.9886,60.23,true
708096,14.7520,265.15,0.9900,60.23,true
708224,14.7547,265.26,0.9915,60.24,true
708352,14.7573,265.40,0.9915,60.25,true
708480,14.7600,266.32,0.9908,60.31,true
708608,14.7627,266.43,0.9920,60.32,true
708736,14.7653,266.49,0.9918,60.32,true
708864,14.7680,266.60,0.9925,60.33,true
708992,14.7707,266.69,0.9926,60.33,true
709120,14.7733,266.79,0.9929,60.34,true
709248,14.7760,266.91,0.9921,60.35,true
709376,14.7787,266.99,0.9922,60.35,true
709504,14.7813,267.82,0.9906,60.41,true
709632,14.7840,267.95,0.9896,60.41,true
709760,14.7867,267.91,0.9889,60.41,true
709888,14.7893,268.04,0.9887,60.42,true
710016,14.7920,268.09,0.9873,60.42,true
710144,14.7947,268.00,0.9855,60.42,true
710272,14.7973,267.92,0.9846,60.41,true
710400,14.8000,267.87,0.9839,60.41,true
710528,14.8027,267.81,0.9851,60.40,true
710656,14.8053,266.82,0.9871,60.34,true
710784,14.8080,266.64,0.9860,60.33,true
710912,14.8107,266.43,0.9867,60.32,true
711040,14.8133,266.34,0.9885,60.31,true
711168,14.8160,265.39,0.9890,60.25,true
711296,14.8187,265.16,0.9891,60.23,true
711424,14.8213,264.93,0.9892,60.22,true
711552,14.8240,264.01,0.9892,60.16,true
711680,14.8267,263.84,0.9893,60.15,true
711808,14.8293,263.70,0.9889,60.14,true
711936,14.8320,263.54,0.9873,60.13,true
712064,14.8347,262.46,0.9888,60.06,true
712192,14.8373,262.39,0.9886,60.05,true
712320,14.8400,262.26,0.9889,60.04,true
712448,14.8427,262.03,0.9863,60.03,true
712576,14.8453,261.14,0.9867,59.97,true
712704,14.8480,260.97,0.9881,59.96,true
712832,14.8507,260.76,0.9864,59.94,true
712960,14.8533,259.73,0.9862,59.87,true
713088,14.8560,259.55,0.9870,59.86,true
713216,14.8587,259.38,0.9832,59.85,true
713344,14.8613,258.39,0.9826,59.78,true
713472,14.8640,258.36,0.9821,59.78,true
713600,14.8667,258.23,0.9778,59.77,true
713728,14.8693,258.07,0.9749,59.76,true
713856,14.8720,258.07,0.9727,59.76,true
713984,14.8747,257.97,0.9582,59.76,true
714112,14.8773,257.81,0.9478,59.75,true
714240,14.8800,256.97,0.9414,59.69,true
714368,14.8827,256.75,0.9183,59.67,true
714496,14.8853,255.48,0.9005,59.59,true
714624,14.8880,,,,false
714752,14.8907,,,,false
714880,14.8933,,,,false
715008,14.8960,,,,false
715136,14.8987,,,,false
715264,14.9013,255.26,0.9086,59.57,true
715392,14.9040,255.58,0.9288,59.60,true
715520,14.9067,255.41,0.9298,59.58,true
715648,14.9093,255.52,0.9323,59.59,true
715776,14.9120,256.35,0.9361,59.65,true
715904,14.9147,255.22,0.9354,59.57,true
716032,14.9173,255.05,0.9321,59.56,true
716160,14.9200,255.09,0.9313,59.56,true
716288,14.9227,255.24,0.9350,59.57,true
716416,14.9253,255.18,0.9398,59.57,true
716544,14.9280,255.41,0.9492,59.58,true
716672,14.9307,255.49,0.9619,59.59,true
716800,14.9333,255.62,0.9652,59.60,true
716928,14.9360,256.75,0.9724,59.67,true
717056,14.9387,257.82,0.9783,59.75,true
717184,14.9413,258.14,0.9784,59.77,true
717312,14.9440,258.38,0.9767,59.78,true
717440,14.9467,259.28,0.9773,59.84,true
717568,14.9493,259.49,0.9791,59.86,true
717696,14.9520,260.64,0.9752,59.93,true
717824,14.9547,260.84,0.9753,59.95,true
717952,14.9573,260.94,0.9752,59.95,true
718080,14.9600,261.04,0.9748,59.96,true
718208,14.9627,261.06,0.9756,59.96,true
718336,14.9653,261.03,0.9776,59.96,true
718464,14.9680,261.18,0.9795,59.97,true
718592,14.9707,262.12,0.9789,60.03,true
718720,14.9733,262.08,0.9815,60.03,true
718848,14.9760,262.27,0.9831,60.04,true
718976,14.9787,262.53,0.9817,60.06,true
719104,14.9813,263.43,0.9822,60.12,true
719232,14.9840,263.70,0.9845,60.14,true
719360,14.9867,264.03,0.9854,60.16,true
719488,14.9893,265.14,0.9863,60.23,true
719616,14.9920,265.32,0.9873,60.24,true
719744,14.9947,266.30,0.9885,60.31,true
719872,14.9973,266.56,0.9902,60.32,true
720000,15.0000,266.69,0.9910,60.33,true
720128,15.0027,266.80,0.9924,60.34,true
720256,15.0053,266.94,0.9931,60.35,true
720384,15.0080,267.89,0.9925,60.41,true
720512,15.0107,267.94,0.9931,60.41,true
720640,15.0133,267.96,0.9932,60.41,true
720768,15.0160,268.17,0.9925,60.43,true
720896,15.0187,268.20,0.9921,60.43,true
721024,15.0213,268.17,0.9923,60.43,true
721152,15.0240,268.31,0.9911,60.44,true
721280,15.0267,268.36,0.9909,60.44,true
721408,15.0293,268.33,0.9916,60.44,true
721536,15.0320,268.28,0.9921,60.44,true
721664,15.0347,268.37,0.9924,60.44,true
721792,15.0373,268.27,0.9932,60.43,true
721920,15.0400,268.23,0.9942,60.43,true
722048,15.0427,268.20,0.9941,60.43,true
722176,15.0453,268.14,0.9950,60.43,true
722304,15.0480,268.11,0.9947,60.42,true
722432,15.0507,268.00,0.9930,60.42,true
722560,15.0533,267.95,0.9926,60.41,true
722688,15.0560,267.82,0.9918,60.40,true
722816,15.0587,266.95,0.9922,60.35,true
722944,15.0613,266.83,0.9917,60.34,true
723072,15.0640,266.63,0.9907,60.33,true
723200,15.0667,266.40,0.9904,60.31,true
723328,15.0693,265.55,0.9907,60.26,true
723456,15.0720,265.38,0.9911,60.25,true
723584,15.0747,265.20,0.9923,60.23,true
723712,15.0773,265.01,0.9928,60.22,true
723840,15.0800,264.08,0.9915,60.16,true
723968,15.0827,263.87,0.9939,60.15,true
724096,15.0853,263.87,0.9937,60.15,true
724224,15.0880,263.73,0.9934,60.14,true
724352,15.0907,263.52,0.9935,60.12,true
724480,15.0933,263.48,0.9933,60.12,true
724608,15.0960,262.58,0.9921,60.06,true
724736,15.0987,262.39,0.9919,60.05,true
724864,15.1013,262.31,0.9905,60.05,true
