sample_offset,time_seconds,frequency_hz,confidence,midi_note,detected
0,0.0000,,,,false
128,0.0027,,,,false
256,0.0053,,,,false
384,0.0080,,,,false
512,0.0107,,,,false
640,0.0133,,,,false
768,0.0160,,,,false
896,0.0187,,,,false
1024,0.0213,,,,false
1152,0.0240,,,,false
1280,0.0267,,,,false
1408,0.0293,,,,false
1536,0.0320,,,,false
1664,0.0347,,,,false
1792,0.0373,,,,false
1920,0.0400,,,,false
2048,0.0427,,,,false
2176,0.0453,,,,false
2304,0.0480,,,,false
2432,0.0507,,,,false
2560,0.0533,,,,false
2688,0.0560,,,,false
2816,0.0587,,,,false
2944,0.0613,,,,false
3072,0.0640,,,,false
3200,0.0667,,,,false
3328,0.0693,,,,false
3456,0.0720,,,,false
3584,0.0747,,,,false
3712,0.0773,,,,false
3840,0.0800,,,,false
3968,0.0827,,,,false
4096,0.0853,,,,false
4224,0.0880,,,,false
4352,0.0907,,,,false
4480,0.0933,,,,false
4608,0.0960,,,,false
4736,0.0987,,,,false
4864,0.1013,,,,false
4992,0.1040,,,,false
5120,0.1067,,,,false
5248,0.1093,,,,false
5376,0.1120,,,,false
5504,0.1147,,,,false
5632,0.1173,,,,false
5760,0.1200,,,,false
5888,0.1227,,,,false
6016,0.1253,,,,false
6144,0.1280,,,,false
6272,0.1307,,,,false
6400,0.1333,,,,false
6528,0.1360,,,,false
6656,0.1387,,,,false
6784,0.1413,,,,false
6912,0.1440,,,,false
7040,0.1467,,,,false
7168,0.1493,,,,false
7296,0.1520,,,,false
7424,0.1547,,,,false
7552,0.1573,,,,false
7680,0.1600,,,,false
7808,0.1627,,,,false
7936,0.1653,,,,false
8064,0.1680,,,,false
8192,0.1707,,,,false
8320,0.1733,,,,false
8448,0.1760,,,,false
8576,0.1787,,,,false
8704,0.1813,,,,false
8832,0.1840,,,,false
8960,0.1867,,,,false
9088,0.1893,,,,false
9216,0.1920,,,,false
9344,0.1947,,,,false
9472,0.1973,,,,false
9600,0.2000,,,,false
9728,0.2027,,,,false
9856,0.2053,,,,false
9984,0.2080,,,,false
10112,0.2107,,,,false
10240,0.2133,,,,false
10368,0.2160,,,,false
10496,0.2187,,,,false
10624,0.2213,,,,false
10752,0.2240,,,,false
10880,0.2267,,,,false
11008,0.2293,,,,false
11136,0.2320,,,,false
11264,0.2347,,,,false
11392,0.2373,,,,false
11520,0.2400,,,,false
11648,0.2427,186.22,0.9160,54.11,true
11776,0.2453,,,,false
11904,0.2480,,,,false
12032,0.2507,,,,false
12160,0.2533,,,,false
12288,0.2560,,,,false
12416,0.2587,,,,false
12544,0.2613,,,,false
12672,0.2640,184.48,0.9202,53.95,true
12800,0.2667,184.78,0.9364,53.98,true
12928,0.2693,185.26,0.9403,54.02,true
13056,0.2720,185.45,0.9526,54.04,true
13184,0.2747,186.02,0.9181,54.10,true
13312,0.2773,,,,false
13440,0.2800,,,,false
13568,0.2827,,,,false
13696,0.2853,,,,false
13824,0.2880,,,,false
13952,0.2907,,,,false
14080,0.2933,,,,false
14208,0.2960,,,,false
14336,0.2987,,,,false
14464,0.3013,,,,false
14592,0.3040,,,,false
14720,0.3067,,,,false
14848,0.3093,,,,false
14976,0.3120,,,,false
15104,0.3147,,,,false
15232,0.3173,,,,false
15360,0.3200,186.71,0.9129,54.16,true
15488,0.3227,186.69,0.9425,54.16,true
15616,0.3253,186.84,0.9467,54.17,true
15744,0.3280,187.44,0.9419,54.23,true
15872,0.3307,187.56,0.9205,54.24,true
16000,0.3333,,,,false
16128,0.3360,,,,false
16256,0.3387,,,,false
16384,0.3413,,,,false
16512,0.3440,,,,false
16640,0.3467,,,,false
16768,0.3493,,,,false
16896,0.3520,,,,false
17024,0.3547,,,,false
17152,0.3573,,,,false
17280,0.3600,,,,false
17408,0.3627,,,,false
17536,0.3653,,,,false
17664,0.3680,,,,false
17792,0.3707,,,,false
17920,0.3733,,,,false
18048,0.3760,,,,false
18176,0.3787,,,,false
18304,0.3813,,,,false
18432,0.3840,,,,false
18560,0.3867,,,,false
18688,0.3893,,,,false
18816,0.3920,,,,false
18944,0.3947,,,,false
19072,0.3973,,,,false
19200,0.4000,,,,false
19328,0.4027,,,,false
19456,0.4053,,,,false
19584,0.4080,,,,false
19712,0.4107,,,,false
19840,0.4133,,,,false
19968,0.4160,,,,false
20096,0.4187,,,,false
20224,0.4213,,,,false
20352,0.4240,,,,false
20480,0.4267,,,,false
20608,0.4293,,,,false
20736,0.4320,,,,false
20864,0.4347,,,,false
20992,0.4373,,,,false
21120,0.4400,,,,false
21248,0.4427,,,,false
21376,0.4453,,,,false
21504,0.4480,,,,false
21632,0.4507,,,,false
21760,0.4533,,,,false
21888,0.4560,,,,false
22016,0.4587,,,,false
22144,0.4613,,,,false
22272,0.4640,206.12,0.9059,55.87,true
22400,0.4667,206.87,0.9268,55.93,true
22528,0.4693,206.88,0.9291,55.94,true
22656,0.4720,207.65,0.9268,56.00,true
22784,0.4747,207.59,0.9433,55.99,true
22912,0.4773,206.81,0.9454,55.93,true
23040,0.4800,207.89,0.9493,56.02,true
23168,0.4827,207.97,0.9454,56.03,true
23296,0.4853,207.78,0.9391,56.01,true
23424,0.4880,207.72,0.9302,56.01,true
23552,0.4907,,,,false
23680,0.4933,,,,false
23808,0.4960,,,,false
23936,0.4987,,,,false
24064,0.5013,68.19,0.9036,36.72,true
24192,0.5040,68.09,0.9056,36.70,true
24320,0.5067,,,,false
24448,0.5093,,,,false
24576,0.5120,,,,false
24704,0.5147,,,,false
24832,0.5173,,,,false
24960,0.5200,204.16,0.9044,55.71,true
25088,0.5227,,,,false
25216,0.5253,203.58,0.9093,55.66,true
25344,0.5280,203.41,0.9025,55.64,true
25472,0.5307,,,,false
25600,0.5333,,,,false
25728,0.5360,,,,false
25856,0.5387,,,,false
25984,0.5413,,,,false
26112,0.5440,,,,false
26240,0.5467,,,,false
26368,0.5493,,,,false
26496,0.5520,,,,false
26624,0.5547,,,,false
26752,0.5573,,,,false
26880,0.5600,,,,false
27008,0.5627,,,,false
27136,0.5653,,,,false
27264,0.5680,,,,false
27392,0.5707,,,,false
27520,0.5733,,,,false
27648,0.5760,,,,false
27776,0.5787,,,,false
27904,0.5813,,,,false
28032,0.5840,,,,false
28160,0.5867,,,,false
28288,0.5893,,,,false
28416,0.5920,,,,false
28544,0.5947,,,,false
28672,0.5973,,,,false
28800,0.6000,,,,false
28928,0.6027,,,,false
29056,0.6053,,,,false
29184,0.6080,,,,false
29312,0.6107,,,,false
29440,0.6133,,,,false
29568,0.6160,,,,false
29696,0.6187,,,,false
29824,0.6213,,,,false
29952,0.6240,,,,false
30080,0.6267,,,,false
30208,0.6293,,,,false
30336,0.6320,198.41,0.9362,55.21,true
30464,0.6347,198.99,0.9509,55.26,true
30592,0.6373,199.08,0.9312,55.27,true
30720,0.6400,199.16,0.9105,55.28,true
30848,0.6427,199.21,0.9134,55.28,true
30976,0.6453,199.36,0.9211,55.29,true
31104,0.6480,199.86,0.9189,55.34,true
31232,0.6507,199.85,0.9068,55.34,true
31360,0.6533,199.85,0.9058,55.34,true
31488,0.6560,,,,false
31616,0.6587,199.87,0.9193,55.34,true
31744,0.6613,199.87,0.9388,55.34,true
31872,0.6640,199.88,0.9449,55.34,true
32000,0.6667,199.96,0.9346,55.35,true
32128,0.6693,200.07,0.9284,55.36,true
32256,0.6720,200.68,0.9375,55.41,true
32384,0.6747,200.87,0.9353,55.43,true
32512,0.6773,201.04,0.9469,55.44,true
32640,0.6800,201.62,0.9340,55.49,true
32768,0.6827,201.80,0.9266,55.50,true
32896,0.6853,202.56,0.9332,55.57,true
33024,0.6880,202.59,0.9282,55.57,true
33152,0.6907,202.60,0.9205,55.57,true
33280,0.6933,202.73,0.9013,55.58,true
33408,0.6960,203.45,0.9026,55.65,true
33536,0.6987,203.59,0.9018,55.66,true
33664,0.7013,204.09,0.9201,55.70,true
33792,0.7040,204.27,0.9175,55.72,true
33920,0.7067,204.36,0.9132,55.72,true
34048,0.7093,204.47,0.9161,55.73,true
34176,0.7120,204.99,0.9279,55.78,true
34304,0.7147,205.00,0.9434,55.78,true
34432,0.7173,205.00,0.9500,55.78,true
34560,0.7200,205.01,0.9543,55.78,true
34688,0.7227,204.99,0.9586,55.78,true
34816,0.7253,205.02,0.9663,55.78,true
34944,0.7280,204.99,0.9708,55.78,true
35072,0.7307,205.00,0.9739,55.78,true
35200,0.7333,205.10,0.9733,55.79,true
35328,0.7360,205.10,0.9753,55.79,true
35456,0.7387,205.08,0.9759,55.78,true
35584,0.7413,205.07,0.9751,55.78,true
35712,0.7440,205.13,0.9738,55.79,true
35840,0.7467,205.11,0.9696,55.79,true
35968,0.7493,205.13,0.9699,55.79,true
36096,0.7520,205.07,0.9694,55.78,true
36224,0.7547,205.10,0.9713,55.79,true
36352,0.7573,205.24,0.9674,55.80,true
36480,0.7600,205.87,0.9634,55.85,true
36608,0.7627,205.91,0.9627,55.85,true
36736,0.7653,205.96,0.9634,55.86,true
36864,0.7680,206.03,0.9631,55.86,true
36992,0.7707,206.16,0.9587,55.87,true
37120,0.7733,206.16,0.9564,55.88,true
37248,0.7760,206.12,0.9539,55.87,true
37376,0.7787,205.98,0.9547,55.86,true
37504,0.7813,205.95,0.9530,55.86,true
37632,0.7840,205.97,0.9523,55.86,true
37760,0.7867,205.98,0.9443,55.86,true
37888,0.7893,205.85,0.9436,55.85,true
38016,0.7920,205.32,0.9483,55.80,true
38144,0.7947,205.17,0.9473,55.79,true
38272,0.7973,205.13,0.9458,55.79,true
38400,0.8000,205.12,0.9444,55.79,true
38528,0.8027,204.39,0.9456,55.73,true
38656,0.8053,204.24,0.9455,55.71,true
38784,0.8080,204.15,0.9546,55.71,true
38912,0.8107,204.07,0.9586,55.70,true
39040,0.8133,203.48,0.9603,55.65,true
39168,0.8160,203.52,0.9566,55.65,true
39296,0.8187,203.53,0.9458,55.65,true
39424,0.8213,203.39,0.9348,55.64,true
39552,0.8240,203.36,0.9259,55.64,true
39680,0.8267,,,,false
39808,0.8293,,,,false
39936,0.8320,,,,false
40064,0.8347,,,,false
40192,0.8373,,,,false
40320,0.8400,,,,false
40448,0.8427,,,,false
40576,0.8453,,,,false
40704,0.8480,,,,false
40832,0.8507,201.51,0.9285,55.48,true
40960,0.8533,201.52,0.9302,55.48,true
41088,0.8560,200.96,0.9241,55.43,true
41216,0.8587,200.80,0.9323,55.42,true
41344,0.8613,200.63,0.9355,55.40,true
41472,0.8640,200.17,0.9261,55.36,true
41600,0.8667,199.96,0.9186,55.35,true
41728,0.8693,199.89,0.9095,55.34,true
41856,0.8720,,,,false
41984,0.8747,,,,false
42112,0.8773,,,,false
42240,0.8800,,,,false
42368,0.8827,,,,false
42496,0.8853,,,,false
42624,0.8880,,,,false
42752,0.8907,,,,false
42880,0.8933,199.01,0.9097,55.26,true
43008,0.8960,198.53,0.9364,55.22,true
43136,0.8987,198.45,0.9463,55.22,true
43264,0.9013,198.43,0.9566,55.21,true
43392,0.9040,198.41,0.9521,55.21,true
43520,0.9067,198.42,0.9513,55.21,true
43648,0.9093,198.42,0.9516,55.21,true
43776,0.9120,198.41,0.9540,55.21,true
43904,0.9147,198.38,0.9538,55.21,true
44032,0.9173,198.40,0.9538,55.21,true
44160,0.9200,198.45,0.9568,55.22,true
44288,0.9227,198.50,0.9557,55.22,true
44416,0.9253,198.48,0.9576,55.22,true
44544,0.9280,198.51,0.9607,55.22,true
44672,0.9307,198.97,0.9597,55.26,true
44800,0.9333,199.11,0.9527,55.27,true
44928,0.9360,199.28,0.9511,55.29,true
45056,0.9387,199.26,0.9445,55.29,true
45184,0.9413,199.32,0.9374,55.29,true
45312,0.9440,199.81,0.9292,55.33,true
45440,0.9467,199.95,0.9195,55.35,true
45568,0.9493,199.97,0.9084,55.35,true
45696,0.9520,,,,false
45824,0.9547,,,,false
45952,0.9573,,,,false
46080,0.9600,,,,false
46208,0.9627,,,,false
46336,0.9653,,,,false
46464,0.9680,,,,false
46592,0.9707,,,,false
46720,0.9733,,,,false
46848,0.9760,,,,false
46976,0.9787,,,,false
47104,0.9813,,,,false
47232,0.9840,,,,false
47360,0.9867,,,,false
47488,0.9893,,,,false
47616,0.9920,,,,false
47744,0.9947,204.35,0.9061,55.72,true
47872,0.9973,204.47,0.9105,55.73,true
48000,1.0000,204.96,0.9206,55.77,true
48128,1.0027,204.41,0.9380,55.73,true
48256,1.0053,204.45,0.9530,55.73,true
48384,1.0080,204.94,0.9460,55.77,true
48512,1.0107,204.96,0.9535,55.77,true
48640,1.0133,204.35,0.9567,55.72,true
48768,1.0160,204.44,0.9583,55.73,true
48896,1.0187,204.94,0.9487,55.77,true
49024,1.0213,204.41,0.9293,55.73,true
49152,1.0240,204.92,0.9263,55.77,true
49280,1.0267,205.00,0.9270,55.78,true
49408,1.0293,204.46,0.9280,55.73,true
49536,1.0320,204.47,0.9268,55.73,true
49664,1.0347,205.00,0.9250,55.78,true
49792,1.0373,204.40,0.9203,55.73,true
49920,1.0400,204.38,0.9233,55.73,true
50048,1.0427,204.93,0.9346,55.77,true
50176,1.0453,204.46,0.9267,55.73,true
50304,1.0480,204.28,0.9178,55.72,true
50432,1.0507,204.95,0.9157,55.77,true
50560,1.0533,204.92,0.9018,55.77,true
50688,1.0560,102.17,0.9015,43.72,true
50816,1.0587,,,,false
50944,1.0613,,,,false
51072,1.0640,,,,false
51200,1.0667,,,,false
51328,1.0693,203.57,0.9102,55.66,true
51456,1.0720,203.50,0.9104,55.65,true
51584,1.0747,203.47,0.9138,55.65,true
51712,1.0773,203.36,0.9116,55.64,true
51840,1.0800,203.28,0.9126,55.63,true
51968,1.0827,,,,false
52096,1.0853,,,,false
52224,1.0880,,,,false
52352,1.0907,,,,false
52480,1.0933,,,,false
52608,1.0960,,,,false
52736,1.0987,,,,false
52864,1.1013,,,,false
52992,1.1040,,,,false
53120,1.1067,,,,false
53248,1.1093,,,,false
53376,1.1120,,,,false
53504,1.1147,,,,false
53632,1.1173,,,,false
53760,1.1200,,,,false
53888,1.1227,,,,false
54016,1.1253,,,,false
54144,1.1280,,,,false
54272,1.1307,,,,false
54400,1.1333,,,,false
54528,1.1360,,,,false
54656,1.1387,,,,false
54784,1.1413,,,,false
54912,1.1440,,,,false
55040,1.1467,,,,false
55168,1.1493,,,,false
55296,1.1520,,,,false
55424,1.1547,,,,false
55552,1.1573,,,,false
55680,1.1600,,,,false
55808,1.1627,,,,false
55936,1.1653,,,,false
56064,1.1680,,,,false
56192,1.1707,,,,false
56320,1.1733,,,,false
56448,1.1760,,,,false
56576,1.1787,,,,false
56704,1.1813,,,,false
56832,1.1840,,,,false
56960,1.1867,,,,false
57088,1.1893,,,,false
57216,1.1920,197.65,0.9146,55.15,true
57344,1.1947,198.17,0.9209,55.19,true
57472,1.1973,197.68,0.9370,55.15,true
57600,1.2000,197.69,0.9388,55.15,true
57728,1.2027,198.41,0.9526,55.21,true
57856,1.2053,198.33,0.9401,55.20,true
57984,1.2080,197.71,0.9415,55.15,true
58112,1.2107,198.40,0.9312,55.21,true
58240,1.2133,197.68,0.9261,55.15,true
58368,1.2160,,,,false
58496,1.2187,,,,false
58624,1.2213,,,,false
58752,1.2240,,,,false
58880,1.2267,,,,false
59008,1.2293,,,,false
59136,1.2320,,,,false
59264,1.2347,,,,false
59392,1.2373,,,,false
59520,1.2400,,,,false
59648,1.2427,,,,false
59776,1.2453,,,,false
59904,1.2480,,,,false
60032,1.2507,,,,false
60160,1.2533,,,,false
60288,1.2560,,,,false
60416,1.2587,,,,false
60544,1.2613,,,,false
60672,1.2640,,,,false
60800,1.2667,,,,false
60928,1.2693,,,,false
61056,1.2720,,,,false
61184,1.2747,,,,false
61312,1.2773,205.97,0.9117,55.86,true
61440,1.2800,205.89,0.9230,55.85,true
61568,1.2827,205.88,0.9304,55.85,true
61696,1.2853,205.92,0.9444,55.85,true
61824,1.2880,205.93,0.9510,55.86,true
61952,1.2907,205.87,0.9551,55.85,true
62080,1.2933,205.97,0.9634,55.86,true
62208,1.2960,206.05,0.9669,55.87,true
62336,1.2987,206.12,0.9653,55.87,true
62464,1.3013,206.70,0.9629,55.92,true
62592,1.3040,206.83,0.9607,55.93,true
62720,1.3067,207.00,0.9597,55.95,true
62848,1.3093,207.66,0.9567,56.00,true
62976,1.3120,207.85,0.9591,56.02,true
63104,1.3147,207.99,0.9537,56.03,true
63232,1.3173,208.48,0.9556,56.07,true
63360,1.3200,208.48,0.9569,56.07,true
63488,1.3227,207.96,0.9595,56.03,true
63616,1.3253,207.88,0.9602,56.02,true
63744,1.3280,207.77,0.9548,56.01,true
63872,1.3307,207.68,0.9469,56.00,true
64000,1.3333,207.59,0.9440,55.99,true
64128,1.3360,207.05,0.9422,55.95,true
64256,1.3387,206.95,0.9374,55.94,true
64384,1.3413,206.97,0.9293,55.94,true
64512,1.3440,207.02,0.9137,55.95,true
64640,1.3467,206.97,0.9065,55.94,true
64768,1.3493,206.96,0.9090,55.94,true
64896,1.3520,206.92,0.9119,55.94,true
65024,1.3547,,,,false
65152,1.3573,,,,false
65280,1.3600,,,,false
65408,1.3627,,,,false
65536,1.3653,,,,false
65664,1.3680,,,,false
65792,1.3707,,,,false
65920,1.3733,,,,false
66048,1.3760,,,,false
66176,1.3787,,,,false
66304,1.3813,,,,false
66432,1.3840,,,,false
66560,1.3867,,,,false
66688,1.3893,,,,false
66816,1.3920,,,,false
66944,1.3947,,,,false
67072,1.3973,,,,false
67200,1.4000,,,,false
67328,1.4027,204.28,0.9023,55.72,true
67456,1.4053,,,,false
67584,1.4080,,,,false
67712,1.4107,,,,false
67840,1.4133,,,,false
67968,1.4160,,,,false
68096,1.4187,,,,false
68224,1.4213,203.33,0.9035,55.64,true
68352,1.4240,203.34,0.9080,55.64,true
68480,1.4267,203.37,0.9136,55.64,true
68608,1.4293,203.37,0.9167,55.64,true
68736,1.4320,203.28,0.9037,55.63,true
68864,1.4347,,,,false
68992,1.4373,,,,false
69120,1.4400,,,,false
69248,1.4427,,,,false
69376,1.4453,,,,false
69504,1.4480,,,,false
69632,1.4507,,,,false
69760,1.4533,,,,false
69888,1.4560,,,,false
70016,1.4587,,,,false
70144,1.4613,,,,false
70272,1.4640,,,,false
70400,1.4667,,,,false
70528,1.4693,,,,false
70656,1.4720,,,,false
70784,1.4747,,,,false
70912,1.4773,203.61,0.9075,55.66,true
71040,1.4800,204.30,0.9173,55.72,true
71168,1.4827,204.95,0.9266,55.77,true
71296,1.4853,204.29,0.9325,55.72,true
71424,1.4880,204.38,0.9425,55.73,true
71552,1.4907,204.44,0.9432,55.73,true
71680,1.4933,204.96,0.9436,55.77,true
71808,1.4960,205.00,0.9400,55.78,true
71936,1.4987,205.00,0.9350,55.78,true
72064,1.5013,204.93,0.9167,55.77,true
72192,1.5040,102.75,0.9011,43.82,true
72320,1.5067,,,,false
72448,1.5093,,,,false
72576,1.5120,,,,false
72704,1.5147,,,,false
72832,1.5173,,,,false
72960,1.5200,,,,false
73088,1.5227,,,,false
73216,1.5253,,,,false
73344,1.5280,103.69,0.9096,43.98,true
73472,1.5307,207.58,0.9255,55.99,true
73600,1.5333,208.00,0.9319,56.03,true
73728,1.5360,208.80,0.9428,56.10,true
73856,1.5387,208.80,0.9479,56.10,true
73984,1.5413,208.87,0.9488,56.10,true
74112,1.5440,208.86,0.9498,56.10,true
74240,1.5467,209.49,0.9503,56.15,true
74368,1.5493,209.59,0.9559,56.16,true
74496,1.5520,209.46,0.9596,56.15,true
74624,1.5547,209.40,0.9647,56.15,true
74752,1.5573,208.91,0.9619,56.10,true
74880,1.5600,209.39,0.9615,56.14,true
75008,1.5627,208.92,0.9624,56.11,true
75136,1.5653,208.77,0.9595,56.09,true
75264,1.5680,208.55,0.9612,56.07,true
75392,1.5707,208.00,0.9605,56.03,true
75520,1.5733,207.96,0.9627,56.03,true
75648,1.5760,207.90,0.9628,56.02,true
75776,1.5787,207.93,0.9676,56.02,true
75904,1.5813,207.98,0.9714,56.03,true
76032,1.5840,207.97,0.9736,56.03,true
76160,1.5867,208.57,0.9767,56.08,true
76288,1.5893,208.52,0.9771,56.07,true
76416,1.5920,207.89,0.9726,56.02,true
76544,1.5947,207.88,0.9727,56.02,true
76672,1.5973,207.74,0.9745,56.01,true
76800,1.6000,207.10,0.9747,55.95,true
76928,1.6027,206.96,0.9763,55.94,true
77056,1.6053,207.01,0.9741,55.95,true
77184,1.6080,207.01,0.9704,55.95,true
77312,1.6107,206.88,0.9710,55.94,true
77440,1.6133,206.92,0.9719,55.94,true
77568,1.6160,206.22,0.9688,55.88,true
77696,1.6187,206.15,0.9680,55.87,true
77824,1.6213,206.19,0.9647,55.88,true
77952,1.6240,206.72,0.9637,55.92,true
78080,1.6267,206.20,0.9658,55.88,true
78208,1.6293,206.71,0.9700,55.92,true
78336,1.6320,206.81,0.9702,55.93,true
78464,1.6347,206.71,0.9652,55.92,true
78592,1.6373,206.78,0.9616,55.93,true
78720,1.6400,206.74,0.9576,55.92,true
78848,1.6427,206.70,0.9518,55.92,true
78976,1.6453,204.46,0.9469,55.73,true
79104,1.6480,204.38,0.9487,55.73,true
79232,1.6507,204.22,0.9490,55.71,true
79360,1.6533,204.13,0.9447,55.70,true
79488,1.6560,204.18,0.9393,55.71,true
79616,1.6587,204.23,0.9429,55.71,true
79744,1.6613,204.08,0.9436,55.70,true
79872,1.6640,203.59,0.9449,55.66,true
80000,1.6667,204.09,0.9403,55.70,true
80128,1.6693,203.53,0.9300,55.65,true
80256,1.6720,203.37,0.9247,55.64,true
80384,1.6747,203.32,0.9176,55.63,true
80512,1.6773,202.68,0.9074,55.58,true
80640,1.6800,,,,false
80768,1.6827,,,,false
80896,1.6853,,,,false
81024,1.6880,,,,false
81152,1.6907,,,,false
81280,1.6933,,,,false
81408,1.6960,,,,false
81536,1.6987,,,,false
81664,1.7013,,,,false
81792,1.7040,,,,false
81920,1.7067,,,,false
82048,1.7093,,,,false
82176,1.7120,,,,false
82304,1.7147,,,,false
82432,1.7173,,,,false
82560,1.7200,,,,false
82688,1.7227,,,,false
82816,1.7253,,,,false
82944,1.7280,,,,false
83072,1.7307,,,,false
83200,1.7333,,,,false
83328,1.7360,,,,false
83456,1.7387,,,,false
83584,1.7413,,,,false
83712,1.7440,,,,false
83840,1.7467,,,,false
83968,1.7493,,,,false
84096,1.7520,,,,false
84224,1.7547,,,,false
84352,1.7573,,,,false
84480,1.7600,,,,false
84608,1.7627,,,,false
84736,1.7653,,,,false
84864,1.7680,,,,false
84992,1.7707,,,,false
85120,1.7733,,,,false
85248,1.7760,,,,false
85376,1.7787,,,,false
85504,1.7813,,,,false
85632,1.7840,,,,false
85760,1.7867,203.37,0.9002,55.64,true
85888,1.7893,203.44,0.9115,55.65,true
86016,1.7920,203.47,0.9201,55.65,true
86144,1.7947,203.58,0.9267,55.66,true
86272,1.7973,204.09,0.9331,55.70,true
86400,1.8000,203.47,0.9297,55.65,true
86528,1.8027,203.53,0.9355,55.65,true
86656,1.8053,203.57,0.9485,55.66,true
86784,1.8080,203.59,0.9527,55.66,true
86912,1.8107,204.06,0.9557,55.70,true
87040,1.8133,203.55,0.9559,55.65,true
87168,1.8160,203.53,0.9504,55.65,true
87296,1.8187,204.21,0.9414,55.71,true
87424,1.8213,204.32,0.9490,55.72,true
87552,1.8240,204.29,0.9489,55.72,true
87680,1.8267,204.41,0.9442,55.73,true
87808,1.8293,204.47,0.9394,55.73,true
87936,1.8320,205.07,0.9419,55.78,true
88064,1.8347,205.80,0.9380,55.84,true
88192,1.8373,205.23,0.9418,55.80,true
88320,1.8400,205.05,0.9219,55.78,true
88448,1.8427,205.32,0.9005,55.80,true
88576,1.8453,,,,false
88704,1.8480,,,,false
88832,1.8507,205.87,0.9051,55.85,true
88960,1.8533,205.91,0.9034,55.85,true
89088,1.8560,205.99,0.9066,55.86,true
89216,1.8587,206.23,0.9044,55.88,true
89344,1.8613,206.81,0.9372,55.93,true
89472,1.8640,206.70,0.9589,55.92,true
89600,1.8667,206.78,0.9629,55.93,true
89728,1.8693,206.93,0.9687,55.94,true
89856,1.8720,207.03,0.9656,55.95,true
89984,1.8747,207.06,0.9612,55.95,true
90112,1.8773,207.00,0.9610,55.95,true
90240,1.8800,206.93,0.9610,55.94,true
90368,1.8827,206.96,0.9595,55.94,true
90496,1.8853,207.00,0.9612,55.95,true
90624,1.8880,207.01,0.9626,55.95,true
90752,1.8907,207.00,0.9606,55.95,true
90880,1.8933,206.98,0.9596,55.94,true
91008,1.8960,206.95,0.9612,55.94,true
91136,1.8987,206.90,0.9641,55.94,true
91264,1.9013,206.93,0.9673,55.94,true
91392,1.9040,206.89,0.9659,55.94,true
91520,1.9067,206.72,0.9617,55.92,true
91648,1.9093,206.10,0.9614,55.87,true
91776,1.9120,206.01,0.9600,55.86,true
91904,1.9147,206.07,0.9606,55.87,true
92032,1.9173,205.97,0.9633,55.86,true
92160,1.9200,205.83,0.9628,55.85,true
92288,1.9227,205.22,0.9593,55.80,true
92416,1.9253,205.19,0.9570,55.79,true
92544,1.9280,205.26,0.9555,55.80,true
92672,1.9307,205.31,0.9568,55.80,true
92800,1.9333,205.18,0.9574,55.79,true
92928,1.9360,205.05,0.9558,55.78,true
93056,1.9387,205.04,0.9507,55.78,true
93184,1.9413,204.47,0.9449,55.73,true
93312,1.9440,204.37,0.9444,55.72,true
93440,1.9467,204.38,0.9442,55.72,true
93568,1.9493,204.17,0.9457,55.71,true
93696,1.9520,204.09,0.9459,55.70,true
93824,1.9547,203.54,0.9442,55.65,true
93952,1.9573,203.51,0.9438,55.65,true
94080,1.9600,203.30,0.9435,55.63,true
94208,1.9627,203.19,0.9438,55.62,true
94336,1.9653,202.74,0.9450,55.59,true
94464,1.9680,202.64,0.9457,55.58,true
94592,1.9707,202.56,0.9528,55.57,true
94720,1.9733,202.47,0.9468,55.56,true
94848,1.9760,202.47,0.9401,55.56,true
94976,1.9787,202.32,0.9265,55.55,true
95104,1.9813,202.33,0.9294,55.55,true
95232,1.9840,202.42,0.9265,55.56,true
95360,1.9867,202.32,0.9244,55.55,true
95488,1.9893,201.83,0.9105,55.51,true
95616,1.9920,,,,false
95744,1.9947,,,,false
95872,1.9973,,,,false
96000,2.0000,,,,false
96128,2.0027,,,,false
96256,2.0053,201.00,0.9001,55.44,true
96384,2.0080,,,,false
96512,2.0107,,,,false
96640,2.0133,,,,false
96768,2.0160,,,,false
96896,2.0187,,,,false
97024,2.0213,200.70,0.9068,55.41,true
97152,2.0240,200.68,0.9001,55.41,true
97280,2.0267,,,,false
97408,2.0293,,,,false
97536,2.0320,,,,false
97664,2.0347,,,,false
97792,2.0373,,,,false
97920,2.0400,201.79,0.9038,55.50,true
98048,2.0427,,,,false
98176,2.0453,,,,false
98304,2.0480,,,,false
98432,2.0507,,,,false
98560,2.0533,,,,false
98688,2.0560,,,,false
98816,2.0587,,,,false
98944,2.0613,,,,false
99072,2.0640,,,,false
99200,2.0667,,,,false
99328,2.0693,203.52,0.9061,55.65,true
99456,2.0720,203.60,0.9175,55.66,true
99584,2.0747,204.25,0.9242,55.71,true
99712,2.0773,204.37,0.9206,55.72,true
99840,2.0800,204.30,0.9233,55.72,true
99968,2.0827,204.43,0.9336,55.73,true
100096,2.0853,204.40,0.9308,55.73,true
100224,2.0880,204.99,0.9378,55.78,true
100352,2.0907,205.14,0.9485,55.79,true
100480,2.0933,205.30,0.9543,55.80,true
100608,2.0960,205.35,0.9535,55.81,true
100736,2.0987,205.34,0.9570,55.81,true
100864,2.1013,205.87,0.9644,55.85,true
100992,2.1040,205.95,0.9672,55.86,true
101120,2.1067,205.92,0.9744,55.86,true
101248,2.1093,205.87,0.9748,55.85,true
101376,2.1120,205.94,0.9754,55.86,true
101504,2.1147,206.02,0.9690,55.86,true
101632,2.1173,206.11,0.9691,55.87,true
101760,2.1200,206.77,0.9678,55.93,true
101888,2.1227,206.97,0.9652,55.94,true
102016,2.1253,206.99,0.9639,55.94,true
102144,2.1280,207.64,0.9622,56.00,true
102272,2.1307,207.86,0.9590,56.02,true
102400,2.1333,208.01,0.9581,56.03,true
102528,2.1360,208.63,0.9627,56.08,true
102656,2.1387,208.85,0.9661,56.10,true
102784,2.1413,209.41,0.9652,56.15,true
102912,2.1440,209.51,0.9655,56.15,true
103040,2.1467,209.61,0.9710,56.16,true
103168,2.1493,209.60,0.9734,56.16,true
103296,2.1520,209.43,0.9726,56.15,true
103424,2.1547,208.85,0.9682,56.10,true
103552,2.1573,208.80,0.9677,56.10,true
103680,2.1600,208.75,0.9683,56.09,true
103808,2.1627,208.69,0.9691,56.09,true
103936,2.1653,208.56,0.9695,56.08,true
104064,2.1680,208.50,0.9682,56.07,true
104192,2.1707,207.89,0.9684,56.02,true
104320,2.1733,207.73,0.9718,56.01,true
104448,2.1760,207.73,0.9742,56.01,true
104576,2.1787,207.08,0.9755,55.95,true
104704,2.1813,206.96,0.9777,55.94,true
104832,2.1840,206.88,0.9798,55.94,true
104960,2.1867,206.86,0.9831,55.93,true
105088,2.1893,206.83,0.9818,55.93,true
105216,2.1920,206.80,0.9830,55.93,true
105344,2.1947,206.72,0.9782,55.92,true
105472,2.1973,206.16,0.9752,55.88,true
105600,2.2000,206.16,0.9744,55.88,true
105728,2.2027,206.05,0.9672,55.87,true
105856,2.2053,205.95,0.9650,55.86,true
105984,2.2080,205.83,0.9633,55.85,true
106112,2.2107,205.20,0.9642,55.79,true
106240,2.2133,205.08,0.9643,55.78,true
106368,2.2160,204.98,0.9668,55.78,true
106496,2.2187,204.95,0.9691,55.77,true
106624,2.2213,204.91,0.9696,55.77,true
106752,2.2240,204.39,0.9713,55.73,true
106880,2.2267,204.21,0.9705,55.71,true
107008,2.2293,203.60,0.9634,55.66,true
107136,2.2320,203.55,0.9642,55.65,true
107264,2.2347,203.40,0.9659,55.64,true
107392,2.2373,203.40,0.9676,55.64,true
107520,2.2400,203.33,0.9667,55.64,true
107648,2.2427,202.74,0.9643,55.59,true
107776,2.2453,203.23,0.9679,55.63,true
107904,2.2480,203.35,0.9645,55.64,true
108032,2.2507,203.34,0.9675,55.64,true
108160,2.2533,203.32,0.9593,55.64,true
108288,2.2560,203.30,0.9556,55.63,true
108416,2.2587,202.74,0.9556,55.59,true
108544,2.2613,202.67,0.9529,55.58,true
108672,2.2640,202.68,0.9471,55.58,true
108800,2.2667,202.51,0.9350,55.57,true
108928,2.2693,201.68,0.9366,55.50,true
109056,2.2720,201.65,0.9223,55.49,true
109184,2.2747,200.89,0.9271,55.43,true
109312,2.2773,200.73,0.9143,55.41,true
109440,2.2800,200.08,0.9046,55.36,true
109568,2.2827,,,,false
109696,2.2853,,,,false
109824,2.2880,199.92,0.9013,55.34,true
109952,2.2907,199.83,0.9002,55.34,true
110080,2.2933,199.27,0.9055,55.29,true
110208,2.2960,199.92,0.9012,55.34,true
110336,2.2987,200.11,0.9149,55.36,true
110464,2.3013,199.96,0.9142,55.35,true
110592,2.3040,199.80,0.9181,55.33,true
110720,2.3067,199.97,0.9211,55.35,true
110848,2.3093,200.11,0.9329,55.36,true
110976,2.3120,200.77,0.9352,55.42,true
111104,2.3147,200.77,0.9461,55.42,true
111232,2.3173,200.20,0.9457,55.37,true
111360,2.3200,200.65,0.9505,55.41,true
111488,2.3227,200.81,0.9501,55.42,true
111616,2.3253,200.92,0.9551,55.43,true
111744,2.3280,200.95,0.9513,55.43,true
111872,2.3307,201.01,0.9472,55.44,true
112000,2.3333,201.56,0.9459,55.48,true
112128,2.3360,201.70,0.9468,55.50,true
112256,2.3387,202.35,0.9476,55.55,true
112384,2.3413,202.51,0.9397,55.57,true
112512,2.3440,202.57,0.9423,55.57,true
112640,2.3467,202.53,0.9339,55.57,true
112768,2.3493,202.61,0.9310,55.57,true
112896,2.3520,202.71,0.9162,55.58,true
113024,2.3547,202.73,0.9112,55.58,true
113152,2.3573,203.58,0.9054,55.66,true
113280,2.3600,204.20,0.9026,55.71,true
113408,2.3627,204.18,0.9039,55.71,true
113536,2.3653,204.28,0.9019,55.72,true
113664,2.3680,204.44,0.9222,55.73,true
113792,2.3707,204.40,0.9230,55.73,true
113920,2.3733,204.34,0.9376,55.72,true
114048,2.3760,204.44,0.9384,55.73,true
114176,2.3787,204.41,0.9478,55.73,true
114304,2.3813,204.42,0.9564,55.73,true
114432,2.3840,204.43,0.9635,55.73,true
114560,2.3867,204.47,0.9673,55.73,true
114688,2.3893,205.02,0.9677,55.78,true
114816,2.3920,205.15,0.9737,55.79,true
114944,2.3947,205.30,0.9755,55.80,true
115072,2.3973,205.79,0.9791,55.84,true
115200,2.4000,205.82,0.9791,55.85,true
115328,2.4027,205.90,0.9803,55.85,true
115456,2.4053,206.00,0.9806,55.86,true
115584,2.4080,206.08,0.9776,55.87,true
115712,2.4107,206.13,0.9728,55.87,true
115840,2.4133,206.16,0.9723,55.88,true
115968,2.4160,206.21,0.9723,55.88,true
116096,2.4187,206.72,0.9709,55.92,true
116224,2.4213,206.85,0.9734,55.93,true
116352,2.4240,206.86,0.9720,55.93,true
116480,2.4267,206.89,0.9725,55.94,true
116608,2.4293,206.86,0.9773,55.93,true
116736,2.4320,206.86,0.9832,55.93,true
116864,2.4347,206.93,0.9824,55.94,true
116992,2.4373,206.94,0.9808,55.94,true
117120,2.4400,206.95,0.9807,55.94,true
117248,2.4427,207.01,0.9791,55.95,true
117376,2.4453,207.03,0.9807,55.95,true
117504,2.4480,206.99,0.9765,55.94,true
117632,2.4507,207.03,0.9735,55.95,true
117760,2.4533,206.94,0.9676,55.94,true
117888,2.4560,206.21,0.9599,55.88,true
118016,2.4587,206.09,0.9558,55.87,true
118144,2.4613,205.84,0.9501,55.85,true
118272,2.4640,205.09,0.9474,55.79,true
118400,2.4667,204.94,0.9407,55.77,true
118528,2.4693,204.40,0.9449,55.73,true
118656,2.4720,204.23,0.9417,55.71,true
118784,2.4747,204.26,0.9463,55.72,true
118912,2.4773,204.43,0.9456,55.73,true
119040,2.4800,204.96,0.9476,55.77,true
119168,2.4827,204.93,0.9535,55.77,true
119296,2.4853,204.96,0.9563,55.77,true
119424,2.4880,204.41,0.9578,55.73,true
119552,2.4907,204.27,0.9552,55.72,true
119680,2.4933,204.21,0.9590,55.71,true
119808,2.4960,204.08,0.9537,55.70,true
119936,2.4987,203.45,0.9594,55.65,true
120064,2.5013,203.37,0.9511,55.64,true
120192,2.5040,203.25,0.9400,55.63,true
120320,2.5067,202.72,0.9326,55.58,true
120448,2.5093,202.58,0.9351,55.57,true
120576,2.5120,202.60,0.9312,55.57,true
120704,2.5147,202.50,0.9177,55.57,true
120832,2.5173,202.39,0.9168,55.56,true
120960,2.5200,201.87,0.9077,55.51,true
121088,2.5227,201.67,0.9094,55.49,true
121216,2.5253,201.56,0.9102,55.48,true
121344,2.5280,201.51,0.9117,55.48,true
121472,2.5307,200.95,0.9027,55.43,true
121600,2.5333,,,,false
121728,2.5360,,,,false
121856,2.5387,,,,false
121984,2.5413,200.63,0.9020,55.40,true
122112,2.5440,200.73,0.9111,55.41,true
122240,2.5467,200.77,0.9064,55.42,true
122368,2.5493,200.69,0.9061,55.41,true
122496,2.5520,,,,false
122624,2.5547,200.10,0.9017,55.36,true
122752,2.5573,200.01,0.9055,55.35,true
122880,2.5600,200.03,0.9106,55.35,true
123008,2.5627,200.09,0.9053,55.36,true
123136,2.5653,200.06,0.9052,55.36,true
123264,2.5680,200.19,0.9065,55.37,true
123392,2.5707,200.74,0.9137,55.41,true
123520,2.5733,200.78,0.9300,55.42,true
123648,2.5760,200.75,0.9237,55.42,true
123776,2.5787,200.86,0.9201,55.42,true
123904,2.5813,200.96,0.9176,55.43,true
124032,2.5840,200.90,0.9242,55.43,true
124160,2.5867,200.89,0.9184,55.43,true
124288,2.5893,200.79,0.9124,55.42,true
124416,2.5920,200.68,0.9061,55.41,true
124544,2.5947,200.02,0.9027,55.35,true
124672,2.5973,199.99,0.9030,55.35,true
124800,2.6000,199.96,0.9036,55.35,true
124928,2.6027,,,,false
125056,2.6053,,,,false
125184,2.6080,,,,false
125312,2.6107,,,,false
125440,2.6133,,,,false
125568,2.6160,,,,false
125696,2.6187,,,,false
125824,2.6213,,,,false
125952,2.6240,,,,false
126080,2.6267,,,,false
126208,2.6293,,,,false
126336,2.6320,201.58,0.9108,55.49,true
126464,2.6347,202.32,0.9182,55.55,true
126592,2.6373,202.41,0.9188,55.56,true
126720,2.6400,202.39,0.9030,55.56,true
126848,2.6427,,,,false
126976,2.6453,,,,false
127104,2.6480,,,,false
127232,2.6507,,,,false
127360,2.6533,,,,false
127488,2.6560,,,,false
127616,2.6587,,,,false
127744,2.6613,204.09,0.9190,55.70,true
127872,2.6640,204.17,0.9355,55.71,true
128000,2.6667,204.35,0.9400,55.72,true
128128,2.6693,204.30,0.9524,55.72,true
128256,2.6720,204.36,0.9594,55.72,true
128384,2.6747,204.30,0.9619,55.72,true
128512,2.6773,204.24,0.9637,55.71,true
128640,2.6800,204.36,0.9663,55.72,true
128768,2.6827,204.38,0.9670,55.73,true
128896,2.6853,204.47,0.9631,55.73,true
129024,2.6880,204.36,0.9659,55.72,true
129152,2.6907,204.47,0.9631,55.73,true
129280,2.6933,204.94,0.9591,55.77,true
129408,2.6960,205.14,0.9597,55.79,true
129536,2.6987,205.23,0.9604,55.80,true
129664,2.7013,205.29,0.9634,55.80,true
129792,2.7040,205.82,0.9660,55.85,true
129920,2.7067,205.26,0.9664,55.80,true
130048,2.7093,205.27,0.9661,55.80,true
130176,2.7120,205.21,0.9692,55.80,true
130304,2.7147,205.15,0.9725,55.79,true
130432,2.7173,204.42,0.9740,55.73,true
130560,2.7200,204.44,0.9767,55.73,true
130688,2.7227,204.40,0.9753,55.73,true
130816,2.7253,204.30,0.9756,55.72,true
130944,2.7280,204.91,0.9725,55.77,true
131072,2.7307,204.91,0.9713,55.77,true
131200,2.7333,204.97,0.9721,55.77,true
131328,2.7360,205.01,0.9710,55.78,true
131456,2.7387,205.08,0.9700,55.78,true
131584,2.7413,205.06,0.9664,55.78,true
131712,2.7440,205.12,0.9684,55.79,true
131840,2.7467,205.13,0.9699,55.79,true
131968,2.7493,205.02,0.9727,55.78,true
132096,2.7520,204.93,0.9738,55.77,true
132224,2.7547,204.41,0.9743,55.73,true
132352,2.7573,204.43,0.9745,55.73,true
132480,2.7600,204.35,0.9745,55.72,true
132608,2.7627,204.28,0.9771,55.72,true
132736,2.7653,204.22,0.9767,55.71,true
132864,2.7680,204.17,0.9747,55.71,true
132992,2.7707,204.10,0.9758,55.70,true
133120,2.7733,204.16,0.9739,55.71,true
133248,2.7760,204.18,0.9736,55.71,true
133376,2.7787,204.13,0.9728,55.70,true
133504,2.7813,204.09,0.9757,55.70,true
133632,2.7840,204.08,0.9764,55.70,true
133760,2.7867,203.60,0.9768,55.66,true
133888,2.7893,203.59,0.9785,55.66,true
134016,2.7920,203.56,0.9771,55.66,true
134144,2.7947,203.44,0.9798,55.65,true
134272,2.7973,203.41,0.9812,55.64,true
134400,2.8000,203.47,0.9817,55.65,true
134528,2.8027,203.40,0.9774,55.64,true
134656,2.8053,203.22,0.9719,55.63,true
134784,2.8080,202.74,0.9659,55.59,true
134912,2.8107,202.71,0.9623,55.58,true
135040,2.8133,202.66,0.9591,55.58,true
135168,2.8160,203.18,0.9559,55.62,true
135296,2.8187,202.62,0.9536,55.58,true
135424,2.8213,202.43,0.9559,55.56,true
135552,2.8240,202.33,0.9564,55.55,true
135680,2.8267,202.49,0.9577,55.56,true
135808,2.8293,202.50,0.9557,55.56,true
135936,2.8320,202.36,0.9574,55.55,true
136064,2.8347,202.54,0.9563,55.57,true
136192,2.8373,202.56,0.9521,55.57,true
136320,2.8400,202.59,0.9486,55.57,true
136448,2.8427,202.73,0.9367,55.59,true
136576,2.8453,203.30,0.9393,55.63,true
136704,2.8480,203.34,0.9365,55.64,true
136832,2.8507,203.33,0.9447,55.64,true
136960,2.8533,203.41,0.9384,55.64,true
137088,2.8560,203.36,0.9402,55.64,true
137216,2.8587,203.28,0.9406,55.63,true
137344,2.8613,203.35,0.9452,55.64,true
137472,2.8640,203.33,0.9528,55.64,true
137600,2.8667,203.31,0.9563,55.63,true
137728,2.8693,203.30,0.9556,55.63,true
137856,2.8720,203.29,0.9546,55.63,true
137984,2.8747,203.22,0.9596,55.63,true
138112,2.8773,203.22,0.9614,55.63,true
138240,2.8800,203.22,0.9601,55.63,true
138368,2.8827,202.63,0.9580,55.58,true
138496,2.8853,202.59,0.9634,55.57,true
138624,2.8880,202.67,0.9602,55.58,true
138752,2.8907,202.66,0.9651,55.58,true
138880,2.8933,202.65,0.9670,55.58,true
139008,2.8960,202.69,0.9639,55.58,true
139136,2.8987,203.23,0.9413,55.63,true
139264,2.9013,203.35,0.9322,55.64,true
139392,2.9040,203.46,0.9261,55.65,true
139520,2.9067,203.45,0.9165,55.65,true
139648,2.9093,203.48,0.9180,55.65,true
139776,2.9120,203.52,0.9148,55.65,true
139904,2.9147,203.45,0.9171,55.65,true
140032,2.9173,203.57,0.9153,55.66,true
140160,2.9200,204.07,0.9352,55.70,true
140288,2.9227,204.12,0.9446,55.70,true
140416,2.9253,204.14,0.9515,55.71,true
140544,2.9280,204.23,0.9584,55.71,true
140672,2.9307,204.29,0.9593,55.72,true
140800,2.9333,204.36,0.9630,55.72,true
140928,2.9360,204.97,0.9643,55.77,true
141056,2.9387,204.96,0.9711,55.77,true
141184,2.9413,205.10,0.9728,55.79,true
141312,2.9440,205.20,0.9762,55.79,true
141440,2.9467,205.83,0.9777,55.85,true
141568,2.9493,205.98,0.9753,55.86,true
141696,2.9520,205.98,0.9743,55.86,true
141824,2.9547,205.87,0.9716,55.85,true
141952,2.9573,205.93,0.9694,55.86,true
142080,2.9600,206.15,0.9645,55.87,true
142208,2.9627,206.15,0.9646,55.87,true
142336,2.9653,206.69,0.9556,55.92,true
142464,2.9680,206.75,0.9534,55.92,true
142592,2.9707,206.71,0.9568,55.92,true
142720,2.9733,206.81,0.9514,55.93,true
142848,2.9760,206.91,0.9515,55.94,true
142976,2.9787,206.88,0.9501,55.94,true
143104,2.9813,206.80,0.9479,55.93,true
143232,2.9840,206.75,0.9460,55.92,true
143360,2.9867,206.15,0.9525,55.87,true
143488,2.9893,206.09,0.9539,55.87,true
143616,2.9920,206.15,0.9427,55.87,true
143744,2.9947,206.21,0.9402,55.88,true
143872,2.9973,206.08,0.9297,55.87,true
144000,3.0000,206.07,0.9153,55.87,true
144128,3.0027,205.95,0.9116,55.86,true
144256,3.0053,205.87,0.9101,55.85,true
144384,3.0080,205.91,0.9106,55.85,true
144512,3.0107,205.86,0.9124,55.85,true
144640,3.0133,205.83,0.9174,55.85,true
144768,3.0160,205.27,0.9278,55.80,true
144896,3.0187,205.79,0.9430,55.84,true
145024,3.0213,205.32,0.9665,55.80,true
145152,3.0240,205.34,0.9748,55.81,true
145280,3.0267,205.80,0.9741,55.84,true
145408,3.0293,205.22,0.9684,55.80,true
145536,3.0320,205.19,0.9641,55.79,true
145664,3.0347,205.20,0.9702,55.79,true
145792,3.0373,205.24,0.9699,55.80,true
145920,3.0400,205.24,0.9680,55.80,true
146048,3.0427,205.34,0.9617,55.81,true
146176,3.0453,205.79,0.9597,55.84,true
146304,3.0480,205.84,0.9612,55.85,true
146432,3.0507,206.05,0.9700,55.87,true
146560,3.0533,206.13,0.9740,55.87,true
146688,3.0560,206.18,0.9722,55.88,true
146816,3.0587,206.19,0.9733,55.88,true
146944,3.0613,206.20,0.9721,55.88,true
147072,3.0640,206.17,0.9747,55.88,true
147200,3.0667,206.22,0.9766,55.88,true
147328,3.0693,206.71,0.9774,55.92,true
147456,3.0720,206.14,0.9723,55.87,true
147584,3.0747,205.99,0.9711,55.86,true
147712,3.0773,205.87,0.9684,55.85,true
147840,3.0800,205.83,0.9652,55.85,true
147968,3.0827,205.25,0.9652,55.80,true
148096,3.0853,205.00,0.9311,55.78,true
148224,3.0880,204.46,0.9225,55.73,true
148352,3.0907,102.11,0.9158,43.71,true
148480,3.0933,,,,false
148608,3.0960,,,,false
148736,3.0987,,,,false
148864,3.1013,,,,false
148992,3.1040,,,,false
149120,3.1067,,,,false
149248,3.1093,,,,false
149376,3.1120,,,,false
149504,3.1147,,,,false
149632,3.1173,,,,false
149760,3.1200,,,,false
149888,3.1227,,,,false
150016,3.1253,,,,false
150144,3.1280,,,,false
150272,3.1307,203.18,0.9089,55.62,true
150400,3.1333,,,,false
150528,3.1360,,,,false
150656,3.1387,,,,false
150784,3.1413,,,,false
150912,3.1440,,,,false
151040,3.1467,,,,false
151168,3.1493,,,,false
151296,3.1520,,,,false
151424,3.1547,,,,false
151552,3.1573,,,,false
151680,3.1600,,,,false
151808,3.1627,,,,false
151936,3.1653,,,,false
152064,3.1680,,,,false
152192,3.1707,,,,false
152320,3.1733,,,,false
152448,3.1760,,,,false
152576,3.1787,,,,false
152704,3.1813,,,,false
152832,3.1840,,,,false
152960,3.1867,,,,false
153088,3.1893,,,,false
153216,3.1920,,,,false
153344,3.1947,,,,false
153472,3.1973,,,,false
153600,3.2000,,,,false
153728,3.2027,,,,false
153856,3.2053,,,,false
153984,3.2080,,,,false
154112,3.2107,,,,false
154240,3.2133,,,,false
154368,3.2160,,,,false
154496,3.2187,,,,false
154624,3.2213,,,,false
154752,3.2240,,,,false
154880,3.2267,,,,false
155008,3.2293,,,,false
155136,3.2320,,,,false
155264,3.2347,,,,false
155392,3.2373,,,,false
155520,3.2400,,,,false
155648,3.2427,205.03,0.9100,55.78,true
155776,3.2453,205.11,0.9406,55.79,true
155904,3.2480,205.12,0.9281,55.79,true
156032,3.2507,205.06,0.9259,55.78,true
156160,3.2533,205.07,0.9338,55.78,true
156288,3.2560,205.03,0.9385,55.78,true
156416,3.2587,205.10,0.9414,55.79,true
156544,3.2613,205.17,0.9403,55.79,true
156672,3.2640,205.27,0.9440,55.80,true
156800,3.2667,205.33,0.9439,55.81,true
156928,3.2693,205.30,0.9545,55.80,true
157056,3.2720,205.34,0.9700,55.81,true
157184,3.2747,205.35,0.9725,55.81,true
157312,3.2773,205.80,0.9747,55.84,true
157440,3.2800,205.84,0.9751,55.85,true
157568,3.2827,205.87,0.9761,55.85,true
157696,3.2853,205.88,0.9697,55.85,true
157824,3.2880,205.87,0.9591,55.85,true
157952,3.2907,205.89,0.9587,55.85,true
158080,3.2933,205.83,0.9535,55.85,true
158208,3.2960,205.95,0.9540,55.86,true
158336,3.2987,205.97,0.9539,55.86,true
158464,3.3013,205.98,0.9527,55.86,true
158592,3.3040,206.02,0.9500,55.86,true
158720,3.3067,206.09,0.9551,55.87,true
158848,3.3093,206.20,0.9639,55.88,true
158976,3.3120,206.82,0.9612,55.93,true
159104,3.3147,206.81,0.9639,55.93,true
159232,3.3173,206.75,0.9611,55.92,true
159360,3.3200,206.76,0.9598,55.93,true
159488,3.3227,206.75,0.9587,55.92,true
159616,3.3253,206.12,0.9554,55.87,true
159744,3.3280,206.19,0.9503,55.88,true
159872,3.3307,205.96,0.9503,55.86,true
160000,3.3333,205.27,0.9543,55.80,true
160128,3.3360,205.25,0.9525,55.80,true
160256,3.3387,205.21,0.9497,55.80,true
160384,3.3413,205.11,0.9525,55.79,true
160512,3.3440,204.95,0.9521,55.77,true
160640,3.3467,204.97,0.9442,55.77,true
160768,3.3493,204.93,0.9535,55.77,true
160896,3.3520,204.92,0.9548,55.77,true
161024,3.3547,204.43,0.9566,55.73,true
161152,3.3573,204.26,0.9340,55.71,true
161280,3.3600,204.25,0.9366,55.71,true
161408,3.3627,204.27,0.9361,55.72,true
161536,3.3653,204.28,0.9368,55.72,true
161664,3.3680,204.23,0.9514,55.71,true
161792,3.3707,204.14,0.9540,55.70,true
161920,3.3733,204.15,0.9581,55.71,true
162048,3.3760,204.09,0.9589,55.70,true
162176,3.3787,204.15,0.9829,55.71,true
162304,3.3813,204.05,0.9807,55.70,true
162432,3.3840,203.51,0.9784,55.65,true
162560,3.3867,203.49,0.9771,55.65,true
162688,3.3893,203.54,0.9734,55.65,true
162816,3.3920,203.52,0.9708,55.65,true
162944,3.3947,203.42,0.9708,55.64,true
163072,3.3973,203.38,0.9684,55.64,true
163200,3.4000,203.41,0.9684,55.64,true
163328,3.4027,203.47,0.9687,55.65,true
163456,3.4053,203.45,0.9694,55.65,true
163584,3.4080,203.43,0.9708,55.64,true
163712,3.4107,203.24,0.9697,55.63,true
163840,3.4133,202.67,0.9728,55.58,true
163968,3.4160,202.59,0.9695,55.57,true
164096,3.4187,202.58,0.9696,55.57,true
164224,3.4213,202.44,0.9703,55.56,true
164352,3.4240,202.33,0.9683,55.55,true
164480,3.4267,201.87,0.9666,55.51,true
164608,3.4293,201.77,0.9691,55.50,true
164736,3.4320,201.85,0.9679,55.51,true
164864,3.4347,201.82,0.9229,55.51,true
164992,3.4373,,,,false
165120,3.4400,,,,false
165248,3.4427,,,,false
165376,3.4453,,,,false
165504,3.4480,,,,false
165632,3.4507,,,,false
165760,3.4533,,,,false
165888,3.4560,,,,false
166016,3.4587,,,,false
166144,3.4613,,,,false
166272,3.4640,,,,false
166400,3.4667,,,,false
166528,3.4693,,,,false
166656,3.4720,,,,false
166784,3.4747,,,,false
166912,3.4773,,,,false
167040,3.4800,,,,false
167168,3.4827,,,,false
167296,3.4853,,,,false
167424,3.4880,,,,false
167552,3.4907,,,,false
167680,3.4933,,,,false
167808,3.4960,,,,false
167936,3.4987,,,,false
168064,3.5013,,,,false
168192,3.5040,,,,false
168320,3.5067,,,,false
168448,3.5093,,,,false
168576,3.5120,,,,false
168704,3.5147,201.61,0.9110,55.49,true
168832,3.5173,201.49,0.9176,55.48,true
168960,3.5200,,,,false
169088,3.5227,,,,false
169216,3.5253,200.87,0.9019,55.43,true
169344,3.5280,200.94,0.9037,55.43,true
169472,3.5307,201.49,0.9032,55.48,true
169600,3.5333,,,,false
169728,3.5360,,,,false
169856,3.5387,,,,false
169984,3.5413,,,,false
170112,3.5440,,,,false
170240,3.5467,,,,false
170368,3.5493,,,,false
170496,3.5520,,,,false
170624,3.5547,,,,false
170752,3.5573,,,,false
170880,3.5600,,,,false
171008,3.5627,,,,false
171136,3.5653,,,,false
171264,3.5680,,,,false
171392,3.5707,,,,false
171520,3.5733,,,,false
171648,3.5760,,,,false
171776,3.5787,,,,false
171904,3.5813,,,,false
172032,3.5840,,,,false
172160,3.5867,,,,false
172288,3.5893,,,,false
172416,3.5920,,,,false
172544,3.5947,,,,false
172672,3.5973,,,,false
172800,3.6000,,,,false
172928,3.6027,,,,false
173056,3.6053,,,,false
173184,3.6080,,,,false
173312,3.6107,,,,false
173440,3.6133,,,,false
173568,3.6160,,,,false
173696,3.6187,,,,false
173824,3.6213,,,,false
173952,3.6240,,,,false
174080,3.6267,67.89,0.9104,36.65,true
174208,3.6293,67.89,0.9526,36.65,true
174336,3.6320,101.87,0.9116,43.67,true
174464,3.6347,204.10,0.9107,55.70,true
174592,3.6373,203.59,0.9155,55.66,true
174720,3.6400,203.54,0.9307,55.65,true
174848,3.6427,203.34,0.9523,55.64,true
174976,3.6453,203.31,0.9515,55.63,true
175104,3.6480,202.70,0.9566,55.58,true
175232,3.6507,202.60,0.9579,55.57,true
175360,3.6533,202.55,0.9581,55.57,true
175488,3.6560,202.54,0.9564,55.57,true
175616,3.6587,202.50,0.9507,55.57,true
175744,3.6613,202.39,0.9584,55.56,true
175872,3.6640,202.49,0.9309,55.56,true
176000,3.6667,202.34,0.9278,55.55,true
176128,3.6693,202.44,0.9136,55.56,true
176256,3.6720,,,,false
176384,3.6747,,,,false
176512,3.6773,,,,false
176640,3.6800,,,,false
176768,3.6827,,,,false
176896,3.6853,67.32,0.9009,36.50,true
177024,3.6880,,,,false
177152,3.6907,,,,false
177280,3.6933,,,,false
177408,3.6960,,,,false
177536,3.6987,,,,false
177664,3.7013,201.69,0.9081,55.50,true
177792,3.7040,201.71,0.9258,55.50,true
177920,3.7067,201.74,0.9211,55.50,true
178048,3.7093,,,,false
178176,3.7120,,,,false
178304,3.7147,,,,false
178432,3.7173,,,,false
178560,3.7200,,,,false
178688,3.7227,,,,false
178816,3.7253,,,,false
178944,3.7280,,,,false
179072,3.7307,,,,false
179200,3.7333,,,,false
179328,3.7360,,,,false
179456,3.7387,202.45,0.9247,55.56,true
179584,3.7413,201.84,0.9606,55.51,true
179712,3.7440,202.32,0.9532,55.55,true
179840,3.7467,202.43,0.9398,55.56,true
179968,3.7493,202.45,0.9264,55.56,true
180096,3.7520,202.57,0.9293,55.57,true
180224,3.7547,202.57,0.9093,55.57,true
180352,3.7573,101.50,0.9186,43.61,true
180480,3.7600,,,,false
180608,3.7627,,,,false
180736,3.7653,,,,false
180864,3.7680,,,,false
180992,3.7707,,,,false
181120,3.7733,,,,false
181248,3.7760,,,,false
181376,3.7787,,,,false
181504,3.7813,,,,false
181632,3.7840,,,,false
181760,3.7867,,,,false
181888,3.7893,204.39,0.9091,55.73,true
182016,3.7920,204.41,0.9196,55.73,true
182144,3.7947,204.27,0.9389,55.72,true
182272,3.7973,204.26,0.9581,55.71,true
182400,3.8000,204.27,0.9590,55.72,true
182528,3.8027,204.41,0.9585,55.73,true
182656,3.8053,204.95,0.9574,55.77,true
182784,3.8080,204.95,0.9312,55.77,true
182912,3.8107,205.17,0.9396,55.79,true
183040,3.8133,205.81,0.9376,55.85,true
183168,3.8160,206.02,0.9321,55.86,true
183296,3.8187,,,,false
183424,3.8213,,,,false
183552,3.8240,,,,false
183680,3.8267,,,,false
183808,3.8293,,,,false
183936,3.8320,,,,false
184064,3.8347,,,,false
184192,3.8373,,,,false
184320,3.8400,,,,false
184448,3.8427,,,,false
184576,3.8453,,,,false
184704,3.8480,,,,false
184832,3.8507,,,,false
184960,3.8533,,,,false
185088,3.8560,,,,false
185216,3.8587,103.91,0.9037,44.01,true
185344,3.8613,207.74,0.9220,56.01,true
185472,3.8640,207.74,0.9257,56.01,true
185600,3.8667,207.09,0.9487,55.95,true
185728,3.8693,207.02,0.9313,55.95,true
185856,3.8720,,,,false
185984,3.8747,,,,false
186112,3.8773,,,,false
186240,3.8800,,,,false
186368,3.8827,,,,false
186496,3.8853,,,,false
186624,3.8880,,,,false
186752,3.8907,,,,false
186880,3.8933,,,,false
187008,3.8960,,,,false
187136,3.8987,,,,false
187264,3.9013,,,,false
187392,3.9040,,,,false
187520,3.9067,,,,false
187648,3.9093,,,,false
187776,3.9120,,,,false
187904,3.9147,,,,false
188032,3.9173,,,,false
188160,3.9200,,,,false
188288,3.9227,,,,false
188416,3.9253,,,,false
188544,3.9280,,,,false
188672,3.9307,,,,false
188800,3.9333,,,,false
188928,3.9360,,,,false
189056,3.9387,,,,false
189184,3.9413,,,,false
189312,3.9440,,,,false
189440,3.9467,,,,false
189568,3.9493,,,,false
189696,3.9520,,,,false
189824,3.9547,,,,false
189952,3.9573,,,,false
190080,3.9600,,,,false
190208,3.9627,,,,false
190336,3.9653,,,,false
190464,3.9680,,,,false
190592,3.9707,,,,false
190720,3.9733,,,,false
190848,3.9760,,,,false
190976,3.9787,,,,false
191104,3.9813,,,,false
191232,3.9840,,,,false
191360,3.9867,,,,false
191488,3.9893,,,,false
191616,3.9920,,,,false
191744,3.9947,,,,false
191872,3.9973,,,,false
192000,4.0000,,,,false
192128,4.0027,,,,false
192256,4.0053,,,,false
192384,4.0080,,,,false
192512,4.0107,,,,false
192640,4.0133,,,,false
192768,4.0160,,,,false
192896,4.0187,,,,false
193024,4.0213,,,,false
193152,4.0240,,,,false
193280,4.0267,,,,false
193408,4.0293,,,,false
193536,4.0320,,,,false
193664,4.0347,,,,false
193792,4.0373,,,,false
193920,4.0400,,,,false
194048,4.0427,,,,false
194176,4.0453,,,,false
194304,4.0480,,,,false
194432,4.0507,,,,false
194560,4.0533,,,,false
194688,4.0560,,,,false
194816,4.0587,,,,false
194944,4.0613,,,,false
195072,4.0640,,,,false
195200,4.0667,,,,false
195328,4.0693,206.78,0.9120,55.93,true
195456,4.0720,206.84,0.9195,55.93,true
195584,4.0747,206.98,0.9320,55.94,true
195712,4.0773,207.01,0.9576,55.95,true
195840,4.0800,207.07,0.9709,55.95,true
195968,4.0827,207.62,0.9656,56.00,true
196096,4.0853,207.77,0.9645,56.01,true
196224,4.0880,207.97,0.9614,56.03,true
196352,4.0907,208.59,0.9603,56.08,true
196480,4.0933,208.79,0.9624,56.09,true
196608,4.0960,208.85,0.9643,56.10,true
196736,4.0987,209.47,0.9660,56.15,true
196864,4.1013,209.52,0.9697,56.16,true
196992,4.1040,209.43,0.9715,56.15,true
197120,4.1067,208.78,0.9710,56.09,true
197248,4.1093,208.61,0.9690,56.08,true
197376,4.1120,208.51,0.9699,56.07,true
197504,4.1147,207.96,0.9629,56.03,true
197632,4.1173,207.84,0.9645,56.02,true
197760,4.1200,207.73,0.9688,56.01,true
197888,4.1227,207.60,0.9646,56.00,true
198016,4.1253,206.97,0.9611,55.94,true
198144,4.1280,206.83,0.9584,55.93,true
198272,4.1307,206.81,0.9585,55.93,true
198400,4.1333,206.73,0.9566,55.92,true
198528,4.1360,206.09,0.9621,55.87,true
198656,4.1387,205.98,0.9568,55.86,true
198784,4.1413,205.87,0.9561,55.85,true
198912,4.1440,205.22,0.9621,55.80,true
199040,4.1467,205.21,0.9597,55.80,true
199168,4.1493,205.13,0.9468,55.79,true
199296,4.1520,204.97,0.9478,55.77,true
199424,4.1547,204.38,0.9434,55.72,true
199552,4.1573,204.34,0.9395,55.72,true
199680,4.1600,204.35,0.9284,55.72,true
199808,4.1627,204.28,0.9299,55.72,true
199936,4.1653,,,,false
200064,4.1680,,,,false
200192,4.1707,102.10,0.9043,43.71,true
200320,4.1733,102.08,0.9042,43.71,true
200448,4.1760,101.93,0.9152,43.68,true
200576,4.1787,101.87,0.9095,43.67,true
200704,4.1813,203.53,0.9021,55.65,true
200832,4.1840,203.47,0.9025,55.65,true
200960,4.1867,203.45,0.9355,55.65,true
201088,4.1893,203.40,0.9456,55.64,true
201216,4.1920,203.36,0.9450,55.64,true
201344,4.1947,203.52,0.9485,55.65,true
201472,4.1973,203.58,0.9467,55.66,true
201600,4.2000,204.06,0.9469,55.70,true
201728,4.2027,203.45,0.9241,55.65,true
201856,4.2053,203.34,0.9190,55.64,true
201984,4.2080,,,,false
202112,4.2107,,,,false
202240,4.2133,,,,false
202368,4.2160,,,,false
202496,4.2187,,,,false
202624,4.2213,,,,false
202752,4.2240,,,,false
202880,4.2267,,,,false
203008,4.2293,,,,false
203136,4.2320,,,,false
203264,4.2347,,,,false
203392,4.2373,,,,false
203520,4.2400,,,,false
203648,4.2427,,,,false
203776,4.2453,,,,false
203904,4.2480,,,,false
204032,4.2507,,,,false
204160,4.2533,,,,false
204288,4.2560,,,,false
204416,4.2587,,,,false
204544,4.2613,,,,false
204672,4.2640,,,,false
204800,4.2667,,,,false
204928,4.2693,,,,false
205056,4.2720,,,,false
205184,4.2747,,,,false
205312,4.2773,200.13,0.9017,55.36,true
205440,4.2800,200.08,0.9173,55.36,true
205568,4.2827,,,,false
205696,4.2853,,,,false
205824,4.2880,199.96,0.9014,55.35,true
205952,4.2907,199.84,0.9058,55.34,true
206080,4.2933,199.90,0.9040,55.34,true
206208,4.2960,199.96,0.9016,55.35,true
206336,4.2987,,,,false
206464,4.3013,,,,false
206592,4.3040,199.97,0.9221,55.35,true
206720,4.3067,200.17,0.9076,55.36,true
206848,4.3093,200.74,0.9114,55.41,true
206976,4.3120,,,,false
207104,4.3147,,,,false
207232,4.3173,,,,false
207360,4.3200,,,,false
207488,4.3227,,,,false
207616,4.3253,,,,false
207744,4.3280,,,,false
207872,4.3307,,,,false
208000,4.3333,,,,false
208128,4.3360,,,,false
208256,4.3387,,,,false
208384,4.3413,,,,false
208512,4.3440,203.53,0.9019,55.65,true
208640,4.3467,204.09,0.9180,55.70,true
208768,4.3493,204.28,0.9307,55.72,true
208896,4.3520,204.41,0.9386,55.73,true
209024,4.3547,204.31,0.9509,55.72,true
209152,4.3573,204.09,0.9548,55.70,true
209280,4.3600,204.14,0.9394,55.70,true
209408,4.3627,203.55,0.9438,55.65,true
209536,4.3653,204.38,0.9400,55.73,true
209664,4.3680,204.95,0.9378,55.77,true
209792,4.3707,204.94,0.9406,55.77,true
209920,4.3733,204.22,0.9448,55.71,true
210048,4.3760,204.24,0.9457,55.71,true
210176,4.3787,204.37,0.9515,55.72,true
210304,4.3813,204.19,0.9618,55.71,true
210432,4.3840,204.23,0.9592,55.71,true
210560,4.3867,204.13,0.9660,55.70,true
210688,4.3893,203.60,0.9716,55.66,true
210816,4.3920,204.10,0.9696,55.70,true
210944,4.3947,204.30,0.9651,55.72,true
211072,4.3973,204.95,0.9542,55.77,true
211200,4.4000,204.95,0.9527,55.77,true
211328,4.4027,205.09,0.9539,55.78,true
211456,4.4053,205.04,0.9578,55.78,true
211584,4.4080,205.10,0.9572,55.79,true
211712,4.4107,205.13,0.9590,55.79,true
211840,4.4133,205.04,0.9585,55.78,true
211968,4.4160,204.99,0.9624,55.78,true
212096,4.4187,204.36,0.9729,55.72,true
212224,4.4213,204.22,0.9684,55.71,true
212352,4.4240,204.23,0.9674,55.71,true
212480,4.4267,204.26,0.9664,55.72,true
212608,4.4293,204.17,0.9601,55.71,true
212736,4.4320,204.04,0.9590,55.70,true
212864,4.4347,204.08,0.9581,55.70,true
212992,4.4373,203.50,0.9562,55.65,true
213120,4.4400,203.44,0.9553,55.64,true
213248,4.4427,203.55,0.9610,55.65,true
213376,4.4453,204.10,0.9537,55.70,true
213504,4.4480,204.11,0.9536,55.70,true
213632,4.4507,204.06,0.9543,55.70,true
213760,4.4533,204.13,0.9529,55.70,true
213888,4.4560,204.06,0.9524,55.70,true
214016,4.4587,203.56,0.9533,55.66,true
214144,4.4613,203.55,0.9490,55.65,true
214272,4.4640,203.56,0.9335,55.66,true
214400,4.4667,202.71,0.9341,55.58,true
214528,4.4693,202.62,0.9264,55.58,true
214656,4.4720,202.59,0.9319,55.57,true
214784,4.4747,202.49,0.9319,55.56,true
214912,4.4773,202.46,0.9316,55.56,true
215040,4.4800,202.62,0.9168,55.58,true
215168,4.4827,,,,false
215296,4.4853,,,,false
215424,4.4880,,,,false
215552,4.4907,,,,false
215680,4.4933,,,,false
215808,4.4960,,,,false
215936,4.4987,,,,false
216064,4.5013,,,,false
216192,4.5040,,,,false
216320,4.5067,,,,false
216448,4.5093,,,,false
216576,4.5120,,,,false
216704,4.5147,,,,false
216832,4.5173,,,,false
216960,4.5200,,,,false
217088,4.5227,,,,false
217216,4.5253,,,,false
217344,4.5280,,,,false
217472,4.5307,,,,false
217600,4.5333,,,,false
217728,4.5360,,,,false
217856,4.5387,,,,false
217984,4.5413,,,,false
218112,4.5440,,,,false
218240,4.5467,,,,false
218368,4.5493,,,,false
218496,4.5520,,,,false
218624,4.5547,,,,false
218752,4.5573,,,,false
218880,4.5600,,,,false
219008,4.5627,,,,false
219136,4.5653,,,,false
219264,4.5680,,,,false
219392,4.5707,,,,false
219520,4.5733,,,,false
219648,4.5760,,,,false
219776,4.5787,,,,false
219904,4.5813,,,,false
220032,4.5840,203.48,0.9003,55.65,true
220160,4.5867,,,,false
220288,4.5893,203.36,0.9026,55.64,true
220416,4.5920,203.41,0.9093,55.64,true
220544,4.5947,204.07,0.9158,55.70,true
220672,4.5973,204.12,0.9034,55.70,true
220800,4.6000,204.07,0.9120,55.70,true
220928,4.6027,204.06,0.9184,55.70,true
221056,4.6053,204.11,0.9233,55.70,true
221184,4.6080,203.52,0.9179,55.65,true
221312,4.6107,204.18,0.9178,55.71,true
221440,4.6133,204.19,0.9203,55.71,true
221568,4.6160,203.54,0.9218,55.65,true
221696,4.6187,204.18,0.9222,55.71,true
221824,4.6213,204.29,0.9158,55.72,true
221952,4.6240,,,,false
222080,4.6267,,,,false
222208,4.6293,,,,false
222336,4.6320,,,,false
222464,4.6347,,,,false
222592,4.6373,,,,false
222720,4.6400,,,,false
222848,4.6427,,,,false
222976,4.6453,,,,false
223104,4.6480,,,,false
223232,4.6507,,,,false
223360,4.6533,,,,false
223488,4.6560,,,,false
223616,4.6587,,,,false
223744,4.6613,,,,false
223872,4.6640,,,,false
224000,4.6667,,,,false
224128,4.6693,,,,false
224256,4.6720,,,,false
224384,4.6747,,,,false
224512,4.6773,,,,false
224640,4.6800,,,,false
224768,4.6827,,,,false
224896,4.6853,,,,false
225024,4.6880,,,,false
225152,4.6907,,,,false
225280,4.6933,,,,false
225408,4.6960,,,,false
225536,4.6987,,,,false
225664,4.7013,,,,false
225792,4.7040,205.09,0.9032,55.79,true
225920,4.7067,,,,false
226048,4.7093,,,,false
226176,4.7120,,,,false
226304,4.7147,,,,false
226432,4.7173,,,,false
226560,4.7200,,,,false
226688,4.7227,,,,false
226816,4.7253,,,,false
226944,4.7280,,,,false
227072,4.7307,,,,false
227200,4.7333,,,,false
227328,4.7360,,,,false
227456,4.7387,,,,false
227584,4.7413,,,,false
227712,4.7440,,,,false
227840,4.7467,,,,false
227968,4.7493,,,,false
228096,4.7520,,,,false
228224,4.7547,,,,false
228352,4.7573,,,,false
228480,4.7600,,,,false
228608,4.7627,,,,false
228736,4.7653,,,,false
228864,4.7680,,,,false
228992,4.7707,,,,false
229120,4.7733,,,,false
229248,4.7760,202.33,0.9118,55.55,true
229376,4.7787,202.36,0.9236,55.55,true
229504,4.7813,202.38,0.9133,55.55,true
229632,4.7840,202.36,0.9132,55.55,true
229760,4.7867,201.89,0.9217,55.51,true
229888,4.7893,,,,false
230016,4.7920,,,,false
230144,4.7947,,,,false
230272,4.7973,,,,false
230400,4.8000,,,,false
230528,4.8027,,,,false
230656,4.8053,,,,false
230784,4.8080,,,,false
230912,4.8107,,,,false
231040,4.8133,,,,false
231168,4.8160,,,,false
231296,4.8187,,,,false
231424,4.8213,,,,false
231552,4.8240,,,,false
231680,4.8267,,,,false
231808,4.8293,,,,false
231936,4.8320,,,,false
232064,4.8347,,,,false
232192,4.8373,,,,false
232320,4.8400,,,,false
232448,4.8427,,,,false
232576,4.8453,,,,false
232704,4.8480,,,,false
232832,4.8507,,,,false
232960,4.8533,,,,false
233088,4.8560,,,,false
233216,4.8587,,,,false
233344,4.8613,,,,false
233472,4.8640,,,,false
233600,4.8667,,,,false
233728,4.8693,,,,false
233856,4.8720,,,,false
233984,4.8747,,,,false
234112,4.8773,,,,false
234240,4.8800,,,,false
234368,4.8827,,,,false
234496,4.8853,,,,false
234624,4.8880,,,,false
234752,4.8907,,,,false
234880,4.8933,,,,false
235008,4.8960,,,,false
235136,4.8987,,,,false
235264,4.9013,,,,false
235392,4.9040,,,,false
235520,4.9067,,,,false
235648,4.9093,,,,false
235776,4.9120,,,,false
235904,4.9147,,,,false
236032,4.9173,,,,false
236160,4.9200,,,,false
236288,4.9227,67.97,0.9037,36.67,true
236416,4.9253,204.11,0.9005,55.70,true
236544,4.9280,204.16,0.9347,55.71,true
236672,4.9307,204.12,0.9607,55.70,true
236800,4.9333,204.21,0.9620,55.71,true
236928,4.9360,204.25,0.9714,55.71,true
237056,4.9387,,,,false
237184,4.9413,,,,false
237312,4.9440,,,,false
237440,4.9467,,,,false
237568,4.9493,,,,false
237696,4.9520,,,,false
237824,4.9547,,,,false
237952,4.9573,,,,false
238080,4.9600,,,,false
238208,4.9627,,,,false
238336,4.9653,,,,false
238464,4.9680,,,,false
238592,4.9707,,,,false
238720,4.9733,,,,false
238848,4.9760,,,,false
238976,4.9787,,,,false
239104,4.9813,,,,false
239232,4.9840,,,,false
239360,4.9867,,,,false
239488,4.9893,,,,false
239616,4.9920,,,,false
239744,4.9947,,,,false
239872,4.9973,,,,false
240000,5.0000,,,,false
240128,5.0027,,,,false
240256,5.0053,,,,false
240384,5.0080,,,,false
240512,5.0107,,,,false
240640,5.0133,,,,false
240768,5.0160,,,,false
240896,5.0187,,,,false
241024,5.0213,,,,false
241152,5.0240,,,,false
241280,5.0267,,,,false
241408,5.0293,,,,false
241536,5.0320,,,,false
241664,5.0347,,,,false
241792,5.0373,,,,false
241920,5.0400,,,,false
242048,5.0427,,,,false
242176,5.0453,,,,false
242304,5.0480,,,,false
242432,5.0507,,,,false
242560,5.0533,204.24,0.9481,55.71,true
242688,5.0560,204.19,0.9753,55.71,true
242816,5.0587,203.58,0.9701,55.66,true
242944,5.0613,203.41,0.9675,55.64,true
243072,5.0640,203.28,0.9651,55.63,true
243200,5.0667,202.74,0.9607,55.59,true
243328,5.0693,202.70,0.9543,55.58,true
243456,5.0720,202.64,0.9535,55.58,true
243584,5.0747,203.20,0.9370,55.63,true
243712,5.0773,202.72,0.9107,55.58,true
243840,5.0800,,,,false
243968,5.0827,,,,false
244096,5.0853,,,,false
244224,5.0880,,,,false
244352,5.0907,,,,false
244480,5.0933,,,,false
244608,5.0960,,,,false
244736,5.0987,,,,false
244864,5.1013,,,,false
244992,5.1040,,,,false
245120,5.1067,202.73,0.9134,55.58,true
245248,5.1093,202.67,0.9338,55.58,true
245376,5.1120,202.47,0.9321,55.56,true
245504,5.1147,,,,false
245632,5.1173,,,,false
245760,5.1200,,,,false
245888,5.1227,,,,false
246016,5.1253,,,,false
246144,5.1280,,,,false
246272,5.1307,,,,false
246400,5.1333,,,,false
246528,5.1360,204.11,0.9015,55.70,true
246656,5.1387,203.57,0.9305,55.66,true
246784,5.1413,204.09,0.9413,55.70,true
246912,5.1440,204.09,0.9499,55.70,true
247040,5.1467,204.13,0.9491,55.70,true
247168,5.1493,203.58,0.9502,55.66,true
247296,5.1520,203.55,0.9446,55.65,true
247424,5.1547,204.10,0.9475,55.70,true
247552,5.1573,204.19,0.9493,55.71,true
247680,5.1600,204.28,0.9493,55.72,true
247808,5.1627,204.47,0.9378,55.73,true
247936,5.1653,205.00,0.9459,55.78,true
248064,5.1680,205.20,0.9504,55.79,true
248192,5.1707,205.85,0.9547,55.85,true
248320,5.1733,205.87,0.9611,55.85,true
248448,5.1760,206.02,0.9633,55.86,true
248576,5.1787,206.12,0.9647,55.87,true
248704,5.1813,206.71,0.9667,55.92,true
248832,5.1840,206.73,0.9693,55.92,true
248960,5.1867,206.85,0.9716,55.93,true
249088,5.1893,206.95,0.9686,55.94,true
249216,5.1920,207.05,0.9694,55.95,true
249344,5.1947,207.76,0.9721,56.01,true
249472,5.1973,208.49,0.9680,56.07,true
249600,5.2000,208.65,0.9692,56.08,true
249728,5.2027,208.78,0.9725,56.09,true
249856,5.2053,209.39,0.9794,56.14,true
249984,5.2080,209.50,0.9823,56.15,true
250112,5.2107,209.56,0.9850,56.16,true
250240,5.2133,209.61,0.9855,56.16,true
250368,5.2160,209.52,0.9845,56.15,true
250496,5.2187,209.43,0.9846,56.15,true
250624,5.2213,208.88,0.9845,56.10,true
250752,5.2240,208.84,0.9837,56.10,true
250880,5.2267,208.87,0.9818,56.10,true
251008,5.2293,208.87,0.9799,56.10,true
251136,5.2320,208.87,0.9810,56.10,true
251264,5.2347,209.44,0.9770,56.15,true
251392,5.2373,209.55,0.9788,56.16,true
251520,5.2400,209.51,0.9778,56.15,true
251648,5.2427,209.62,0.9807,56.16,true
251776,5.2453,209.58,0.9806,56.16,true
251904,5.2480,209.48,0.9811,56.15,true
252032,5.2507,209.45,0.9825,56.15,true
252160,5.2533,209.39,0.9814,56.14,true
252288,5.2560,208.79,0.9859,56.09,true
252416,5.2587,208.67,0.9862,56.09,true
252544,5.2613,208.60,0.9877,56.08,true
252672,5.2640,208.52,0.9889,56.07,true
252800,5.2667,208.52,0.9898,56.07,true
252928,5.2693,208.48,0.9893,56.07,true
253056,5.2720,207.89,0.9894,56.02,true
253184,5.2747,207.89,0.9898,56.02,true
253312,5.2773,207.88,0.9876,56.02,true
253440,5.2800,207.85,0.9861,56.02,true
253568,5.2827,207.81,0.9834,56.01,true
253696,5.2853,207.73,0.9840,56.01,true
253824,5.2880,207.59,0.9816,56.00,true
253952,5.2907,207.09,0.9802,55.95,true
254080,5.2933,207.03,0.9789,55.95,true
254208,5.2960,206.87,0.9764,55.93,true
254336,5.2987,206.69,0.9797,55.92,true
254464,5.3013,206.17,0.9807,55.88,true
254592,5.3040,206.12,0.9834,55.87,true
254720,5.3067,205.96,0.9801,55.86,true
254848,5.3093,205.94,0.9788,55.86,true
254976,5.3120,205.84,0.9775,55.85,true
255104,5.3147,205.83,0.9777,55.85,true
255232,5.3173,205.25,0.9785,55.80,true
255360,5.3200,205.12,0.9773,55.79,true
255488,5.3227,204.92,0.9731,55.77,true
255616,5.3253,204.30,0.9700,55.72,true
255744,5.3280,204.08,0.9736,55.70,true
255872,5.3307,203.49,0.9662,55.65,true
256000,5.3333,203.35,0.9593,55.64,true
256128,5.3360,203.35,0.9573,55.64,true
256256,5.3387,203.33,0.9545,55.64,true
256384,5.3413,203.31,0.9547,55.63,true
256512,5.3440,203.30,0.9608,55.63,true
256640,5.3467,203.27,0.9647,55.63,true
256768,5.3493,203.30,0.9655,55.63,true
256896,5.3520,203.27,0.9732,55.63,true
257024,5.3547,203.32,0.9778,55.64,true
257152,5.3573,203.29,0.9791,55.63,true
257280,5.3600,203.25,0.9815,55.63,true
257408,5.3627,203.22,0.9799,55.63,true
257536,5.3653,202.72,0.9755,55.58,true
257664,5.3680,202.68,0.9745,55.58,true
257792,5.3707,202.63,0.9716,55.58,true
257920,5.3733,202.52,0.9688,55.57,true
258048,5.3760,202.37,0.9668,55.55,true
258176,5.3787,201.80,0.9685,55.51,true
258304,5.3813,201.74,0.9395,55.50,true
258432,5.3840,201.66,0.9201,55.49,true
258560,5.3867,201.65,0.9174,55.49,true
258688,5.3893,201.55,0.9108,55.48,true
258816,5.3920,201.49,0.9043,55.48,true
258944,5.3947,,,,false
259072,5.3973,,,,false
259200,5.4000,,,,false
259328,5.4027,,,,false
259456,5.4053,201.77,0.9119,55.50,true
259584,5.4080,201.87,0.9085,55.51,true
259712,5.4107,202.40,0.9075,55.56,true
259840,5.4133,202.51,0.9175,55.57,true
259968,5.4160,203.24,0.9260,55.63,true
260096,5.4187,203.28,0.9360,55.63,true
260224,5.4213,204.07,0.9507,55.70,true
260352,5.4240,203.61,0.9489,55.66,true
260480,5.4267,204.14,0.9459,55.70,true
260608,5.4293,204.27,0.9277,55.72,true
260736,5.4320,204.33,0.9341,55.72,true
260864,5.4347,204.42,0.9374,55.73,true
260992,5.4373,204.95,0.9430,55.77,true
261120,5.4400,205.05,0.9476,55.78,true
261248,5.4427,205.11,0.9502,55.79,true
261376,5.4453,205.04,0.9393,55.78,true
261504,5.4480,205.08,0.9327,55.78,true
261632,5.4507,205.25,0.9364,55.80,true
261760,5.4533,,,,false
261888,5.4560,,,,false
262016,5.4587,,,,false
262144,5.4613,,,,false
262272,5.4640,,,,false
262400,5.4667,,,,false
262528,5.4693,,,,false
262656,5.4720,,,,false
262784,5.4747,,,,false
262912,5.4773,,,,false
263040,5.4800,,,,false
263168,5.4827,,,,false
263296,5.4853,,,,false
263424,5.4880,,,,false
263552,5.4907,,,,false
263680,5.4933,,,,false
263808,5.4960,,,,false
263936,5.4987,,,,false
264064,5.5013,,,,false
264192,5.5040,,,,false
264320,5.5067,,,,false
264448,5.5093,,,,false
264576,5.5120,,,,false
264704,5.5147,,,,false
264832,5.5173,,,,false
264960,5.5200,,,,false
265088,5.5227,,,,false
265216,5.5253,,,,false
265344,5.5280,,,,false
265472,5.5307,,,,false
265600,5.5333,,,,false
265728,5.5360,,,,false
265856,5.5387,,,,false
265984,5.5413,,,,false
266112,5.5440,,,,false
266240,5.5467,,,,false
266368,5.5493,,,,false
266496,5.5520,,,,false
266624,5.5547,,,,false
266752,5.5573,,,,false
266880,5.5600,,,,false
267008,5.5627,,,,false
267136,5.5653,,,,false
267264,5.5680,,,,false
267392,5.5707,,,,false
267520,5.5733,,,,false
267648,5.5760,,,,false
267776,5.5787,,,,false
267904,5.5813,,,,false
268032,5.5840,,,,false
268160,5.5867,,,,false
268288,5.5893,,,,false
268416,5.5920,,,,false
268544,5.5947,,,,false
268672,5.5973,,,,false
268800,5.6000,,,,false
268928,5.6027,,,,false
269056,5.6053,,,,false
269184,5.6080,,,,false
269312,5.6107,,,,false
269440,5.6133,,,,false
269568,5.6160,,,,false
269696,5.6187,,,,false
269824,5.6213,,,,false
269952,5.6240,,,,false
270080,5.6267,,,,false
270208,5.6293,,,,false
270336,5.6320,,,,false
270464,5.6347,,,,false
270592,5.6373,,,,false
270720,5.6400,,,,false
270848,5.6427,,,,false
270976,5.6453,,,,false
271104,5.6480,,,,false
271232,5.6507,,,,false
271360,5.6533,,,,false
271488,5.6560,,,,false
271616,5.6587,,,,false
271744,5.6613,,,,false
271872,5.6640,,,,false
272000,5.6667,,,,false
272128,5.6693,,,,false
272256,5.6720,,,,false
272384,5.6747,,,,false
272512,5.6773,,,,false
272640,5.6800,,,,false
272768,5.6827,,,,false
272896,5.6853,,,,false
273024,5.6880,204.43,0.9118,55.73,true
273152,5.6907,204.45,0.9269,55.73,true
273280,5.6933,204.94,0.9277,55.77,true
273408,5.6960,204.99,0.9363,55.78,true
273536,5.6987,204.96,0.9373,55.77,true
273664,5.7013,205.00,0.9464,55.78,true
273792,5.7040,204.47,0.9342,55.73,true
273920,5.7067,205.02,0.9382,55.78,true
274048,5.7093,204.92,0.9464,55.77,true
274176,5.7120,204.43,0.9495,55.73,true
274304,5.7147,204.42,0.9275,55.73,true
274432,5.7173,204.93,0.9136,55.77,true
274560,5.7200,204.44,0.9153,55.73,true
274688,5.7227,204.27,0.9163,55.72,true
274816,5.7253,204.27,0.9293,55.72,true
274944,5.7280,204.28,0.9309,55.72,true
275072,5.7307,204.30,0.9359,55.72,true
275200,5.7333,204.26,0.9373,55.71,true
275328,5.7360,204.26,0.9624,55.71,true
275456,5.7387,204.21,0.9692,55.71,true
275584,5.7413,204.32,0.9627,55.72,true
275712,5.7440,204.43,0.9653,55.73,true
275840,5.7467,204.91,0.9640,55.77,true
275968,5.7493,204.44,0.9668,55.73,true
276096,5.7520,204.42,0.9654,55.73,true
276224,5.7547,204.44,0.9674,55.73,true
276352,5.7573,204.37,0.9575,55.72,true
276480,5.7600,204.34,0.9624,55.72,true
276608,5.7627,204.24,0.9678,55.71,true
276736,5.7653,204.22,0.9597,55.71,true
276864,5.7680,204.12,0.9461,55.70,true
276992,5.7707,,,,false
277120,5.7733,,,,false
277248,5.7760,,,,false
277376,5.7787,,,,false
277504,5.7813,,,,false
277632,5.7840,,,,false
277760,5.7867,,,,false
277888,5.7893,,,,false
278016,5.7920,,,,false
278144,5.7947,,,,false
278272,5.7973,,,,false
278400,5.8000,,,,false
278528,5.8027,203.30,0.9421,55.63,true
278656,5.8053,203.22,0.9515,55.63,true
278784,5.8080,202.67,0.9494,55.58,true
278912,5.8107,202.61,0.9474,55.57,true
279040,5.8133,202.62,0.9438,55.58,true
279168,5.8160,202.48,0.9257,55.56,true
279296,5.8187,202.47,0.9337,55.56,true
279424,5.8213,202.34,0.9378,55.55,true
279552,5.8240,201.76,0.9307,55.50,true
279680,5.8267,201.57,0.9174,55.49,true
279808,5.8293,201.50,0.9063,55.48,true
279936,5.8320,,,,false
280064,5.8347,,,,false
280192,5.8373,,,,false
280320,5.8400,,,,false
280448,5.8427,,,,false
280576,5.8453,,,,false
280704,5.8480,,,,false
280832,5.8507,,,,false
280960,5.8533,,,,false
281088,5.8560,99.14,0.9128,43.20,true
281216,5.8587,99.15,0.9088,43.20,true
281344,5.8613,198.22,0.9006,55.20,true
281472,5.8640,198.39,0.9121,55.21,true
281600,5.8667,198.54,0.9232,55.22,true
281728,5.8693,199.03,0.9298,55.27,true
281856,5.8720,199.04,0.9339,55.27,true
281984,5.8747,199.06,0.9286,55.27,true
282112,5.8773,199.16,0.9164,55.28,true
282240,5.8800,199.08,0.9296,55.27,true
282368,5.8827,199.17,0.9254,55.28,true
282496,5.8853,199.24,0.9009,55.28,true
282624,5.8880,,,,false
282752,5.8907,,,,false
282880,5.8933,,,,false
283008,5.8960,,,,false
283136,5.8987,198.52,0.9038,55.22,true
283264,5.9013,,,,false
283392,5.9040,,,,false
283520,5.9067,198.23,0.9190,55.20,true
283648,5.9093,198.16,0.9111,55.19,true
283776,5.9120,198.26,0.9133,55.20,true
283904,5.9147,198.41,0.9073,55.21,true
284032,5.9173,,,,false
284160,5.9200,,,,false
284288,5.9227,,,,false
284416,5.9253,199.13,0.9000,55.27,true
284544,5.9280,,,,false
284672,5.9307,199.82,0.9052,55.33,true
284800,5.9333,199.89,0.9098,55.34,true
284928,5.9360,200.02,0.9062,55.35,true
285056,5.9387,200.04,0.9436,55.35,true
285184,5.9413,200.02,0.9497,55.35,true
285312,5.9440,200.03,0.9330,55.35,true
285440,5.9467,200.06,0.9272,55.35,true
285568,5.9493,199.93,0.9373,55.34,true
285696,5.9520,200.01,0.9375,55.35,true
285824,5.9547,200.19,0.9321,55.37,true
285952,5.9573,200.11,0.9319,55.36,true
286080,5.9600,200.17,0.9210,55.36,true
286208,5.9627,200.69,0.9008,55.41,true
286336,5.9653,200.78,0.9050,55.42,true
286464,5.9680,200.94,0.9049,55.43,true
286592,5.9707,100.65,0.9000,43.46,true
286720,5.9733,,,,false
286848,5.9760,100.62,0.9017,43.46,true
286976,5.9787,,,,false
287104,5.9813,,,,false
287232,5.9840,,,,false
287360,5.9867,202.51,0.9063,55.57,true
287488,5.9893,,,,false
287616,5.9920,203.50,0.9015,55.65,true
287744,5.9947,,,,false
287872,5.9973,204.21,0.9195,55.71,true
288000,6.0000,204.26,0.9334,55.72,true
288128,6.0027,204.33,0.9339,55.72,true
288256,6.0053,204.14,0.9250,55.70,true
288384,6.0080,204.08,0.9298,55.70,true
288512,6.0107,203.55,0.9404,55.65,true
288640,6.0133,203.47,0.9463,55.65,true
288768,6.0160,203.40,0.9591,55.64,true
288896,6.0187,203.35,0.9519,55.64,true
289024,6.0213,202.74,0.9478,55.59,true
289152,6.0240,202.49,0.9417,55.56,true
289280,6.0267,202.42,0.9505,55.56,true
289408,6.0293,202.34,0.9505,55.55,true
289536,6.0320,201.88,0.9545,55.51,true
289664,6.0347,201.85,0.9599,55.51,true
289792,6.0373,201.88,0.9615,55.51,true
289920,6.0400,202.34,0.9703,55.55,true
290048,6.0427,202.39,0.9744,55.56,true
290176,6.0453,202.49,0.9843,55.56,true
290304,6.0480,202.52,0.9845,55.57,true
290432,6.0507,202.56,0.9877,55.57,true
290560,6.0533,202.46,0.9866,55.56,true
290688,6.0560,202.45,0.9799,55.56,true
290816,6.0587,202.46,0.9782,55.56,true
290944,6.0613,202.35,0.9744,55.55,true
291072,6.0640,202.38,0.9748,55.55,true
291200,6.0667,202.48,0.9725,55.56,true
291328,6.0693,202.44,0.9635,55.56,true
291456,6.0720,202.54,0.9494,55.57,true
291584,6.0747,202.68,0.9511,55.58,true
291712,6.0773,203.18,0.9572,55.62,true
291840,6.0800,202.70,0.9578,55.58,true
291968,6.0827,202.70,0.9456,55.58,true
292096,6.0853,202.67,0.9407,55.58,true
292224,6.0880,202.44,0.9305,55.56,true
292352,6.0907,202.40,0.9352,55.56,true
292480,6.0933,201.75,0.9450,55.50,true
292608,6.0960,201.61,0.9372,55.49,true
292736,6.0987,201.02,0.9290,55.44,true
292864,6.1013,200.92,0.9152,55.43,true
292992,6.1040,200.99,0.9078,55.44,true
293120,6.1067,,,,false
293248,6.1093,,,,false
293376,6.1120,,,,false
293504,6.1147,,,,false
293632,6.1173,,,,false
293760,6.1200,,,,false
293888,6.1227,,,,false
294016,6.1253,,,,false
294144,6.1280,,,,false
294272,6.1307,,,,false
294400,6.1333,,,,false
294528,6.1360,,,,false
294656,6.1387,,,,false
294784,6.1413,,,,false
294912,6.1440,,,,false
295040,6.1467,,,,false
295168,6.1493,,,,false
295296,6.1520,,,,false
295424,6.1547,,,,false
295552,6.1573,,,,false
295680,6.1600,199.34,0.9031,55.29,true
295808,6.1627,199.16,0.9272,55.28,true
295936,6.1653,199.15,0.9403,55.28,true
296064,6.1680,199.01,0.9441,55.26,true
296192,6.1707,198.52,0.9292,55.22,true
296320,6.1733,199.14,0.9282,55.28,true
296448,6.1760,199.36,0.9359,55.29,true
296576,6.1787,199.95,0.9370,55.35,true
296704,6.1813,200.01,0.9404,55.35,true
296832,6.1840,199.99,0.9429,55.35,true
296960,6.1867,200.01,0.9303,55.35,true
297088,6.1893,200.02,0.9361,55.35,true
297216,6.1920,200.08,0.9437,55.36,true
297344,6.1947,200.05,0.9582,55.35,true
297472,6.1973,200.00,0.9617,55.35,true
297600,6.2000,199.80,0.9622,55.33,true
297728,6.2027,199.85,0.9539,55.34,true
297856,6.2053,200.70,0.9418,55.41,true
297984,6.2080,200.86,0.9490,55.42,true
298112,6.2107,200.83,0.9470,55.42,true
298240,6.2133,200.96,0.9514,55.43,true
298368,6.2160,201.60,0.9384,55.49,true
298496,6.2187,201.68,0.9208,55.50,true
298624,6.2213,202.44,0.9130,55.56,true
298752,6.2240,202.58,0.9206,55.57,true
298880,6.2267,202.59,0.9078,55.57,true
299008,6.2293,202.69,0.9023,55.58,true
299136,6.2320,203.56,0.9080,55.66,true
299264,6.2347,204.19,0.9125,55.71,true
299392,6.2373,204.15,0.9076,55.71,true
299520,6.2400,204.44,0.9147,55.73,true
299648,6.2427,204.99,0.9298,55.78,true
299776,6.2453,205.10,0.9299,55.79,true
299904,6.2480,205.08,0.9416,55.78,true
300032,6.2507,205.09,0.9445,55.78,true
300160,6.2533,205.03,0.9458,55.78,true
300288,6.2560,204.95,0.9444,55.77,true
300416,6.2587,205.02,0.9567,55.78,true
300544,6.2613,204.97,0.9644,55.77,true
300672,6.2640,204.96,0.9665,55.77,true
300800,6.2667,204.91,0.9689,55.77,true
300928,6.2693,204.46,0.9716,55.73,true
301056,6.2720,204.93,0.9741,55.77,true
301184,6.2747,204.96,0.9715,55.77,true
301312,6.2773,205.00,0.9756,55.78,true
301440,6.2800,204.94,0.9748,55.77,true
301568,6.2827,204.45,0.9762,55.73,true
301696,6.2853,204.43,0.9749,55.73,true
301824,6.2880,204.36,0.9711,55.72,true
301952,6.2907,204.35,0.9719,55.72,true
302080,6.2933,204.26,0.9731,55.71,true
302208,6.2960,204.27,0.9771,55.72,true
302336,6.2987,204.27,0.9748,55.72,true
302464,6.3013,204.35,0.9729,55.72,true
302592,6.3040,204.35,0.9702,55.72,true
302720,6.3067,204.27,0.9666,55.72,true
302848,6.3093,204.35,0.9724,55.72,true
302976,6.3120,204.31,0.9729,55.72,true
303104,6.3147,204.25,0.9736,55.71,true
303232,6.3173,204.14,0.9765,55.70,true
303360,6.3200,204.06,0.9789,55.70,true
303488,6.3227,203.59,0.9802,55.66,true
303616,6.3253,203.53,0.9838,55.65,true
303744,6.3280,203.48,0.9865,55.65,true
303872,6.3307,203.37,0.9837,55.64,true
304000,6.3333,203.35,0.9791,55.64,true
304128,6.3360,203.24,0.9760,55.63,true
304256,6.3387,202.71,0.9726,55.58,true
304384,6.3413,202.70,0.9675,55.58,true
304512,6.3440,202.60,0.9699,55.57,true
304640,6.3467,202.52,0.9679,55.57,true
304768,6.3493,202.58,0.9683,55.57,true
304896,6.3520,202.62,0.9712,55.57,true
305024,6.3547,202.50,0.9734,55.57,true
305152,6.3573,202.56,0.9639,55.57,true
305280,6.3600,202.59,0.9641,55.57,true
305408,6.3627,202.48,0.9639,55.56,true
305536,6.3653,202.37,0.9612,55.55,true
305664,6.3680,202.39,0.9544,55.56,true
305792,6.3707,201.86,0.9507,55.51,true
305920,6.3733,201.81,0.9418,55.51,true
306048,6.3760,201.81,0.9299,55.51,true
306176,6.3787,201.68,0.9382,55.50,true
306304,6.3813,201.59,0.9320,55.49,true
306432,6.3840,201.66,0.9244,55.49,true
306560,6.3867,201.56,0.9106,55.48,true
306688,6.3893,200.93,0.9027,55.43,true
306816,6.3920,,,,false
306944,6.3947,,,,false
307072,6.3973,,,,false
307200,6.4000,,,,false
307328,6.4027,,,,false
307456,6.4053,,,,false
307584,6.4080,,,,false
307712,6.4107,199.01,0.9063,55.26,true
307840,6.4133,199.07,0.9153,55.27,true
307968,6.4160,199.18,0.9356,55.28,true
308096,6.4187,198.98,0.9350,55.26,true
308224,6.4213,199.10,0.9399,55.27,true
308352,6.4240,199.24,0.9425,55.28,true
308480,6.4267,199.14,0.9429,55.28,true
308608,6.4293,199.23,0.9370,55.28,true
308736,6.4320,199.14,0.9366,55.28,true
308864,6.4347,199.05,0.9329,55.27,true
308992,6.4373,,,,false
309120,6.4400,,,,false
309248,6.4427,,,,false
309376,6.4453,,,,false
309504,6.4480,,,,false
309632,6.4507,,,,false
309760,6.4533,,,,false
309888,6.4560,,,,false
310016,6.4587,,,,false
310144,6.4613,,,,false
310272,6.4640,,,,false
310400,6.4667,,,,false
310528,6.4693,,,,false
310656,6.4720,,,,false
310784,6.4747,,,,false
310912,6.4773,,,,false
311040,6.4800,,,,false
311168,6.4827,,,,false
311296,6.4853,,,,false
311424,6.4880,,,,false
311552,6.4907,,,,false
311680,6.4933,,,,false
311808,6.4960,,,,false
311936,6.4987,,,,false
312064,6.5013,,,,false
312192,6.5040,,,,false
312320,6.5067,,,,false
312448,6.5093,,,,false
312576,6.5120,,,,false
312704,6.5147,,,,false
312832,6.5173,,,,false
312960,6.5200,,,,false
313088,6.5227,,,,false
313216,6.5253,,,,false
313344,6.5280,,,,false
313472,6.5307,,,,false
313600,6.5333,,,,false
313728,6.5360,,,,false
313856,6.5387,,,,false
313984,6.5413,,,,false
314112,6.5440,205.28,0.9404,55.80,true
314240,6.5467,205.25,0.9756,55.80,true
314368,6.5493,205.10,0.9785,55.79,true
314496,6.5520,205.10,0.9799,55.79,true
314624,6.5547,205.04,0.9724,55.78,true
314752,6.5573,205.19,0.9672,55.79,true
314880,6.5600,205.34,0.9643,55.81,true
315008,6.5627,205.26,0.9615,55.80,true
315136,6.5653,205.29,0.9534,55.80,true
315264,6.5680,205.29,0.9530,55.80,true
315392,6.5707,205.90,0.9543,55.85,true
315520,6.5733,205.95,0.9546,55.86,true
315648,6.5760,206.10,0.9622,55.87,true
315776,6.5787,206.06,0.9672,55.87,true
315904,6.5813,205.96,0.9685,55.86,true
316032,6.5840,206.08,0.9753,55.87,true
316160,6.5867,206.13,0.9862,55.87,true
316288,6.5893,206.17,0.9841,55.88,true
316416,6.5920,206.17,0.9832,55.88,true
316544,6.5947,206.20,0.9818,55.88,true
316672,6.5973,206.09,0.9809,55.87,true
316800,6.6000,205.99,0.9792,55.86,true
316928,6.6027,205.90,0.9787,55.85,true
317056,6.6053,205.88,0.9779,55.85,true
317184,6.6080,205.89,0.9780,55.85,true
317312,6.6107,205.81,0.9815,55.85,true
317440,6.6133,205.85,0.9822,55.85,true
317568,6.6160,205.89,0.9828,55.85,true
317696,6.6187,205.89,0.9788,55.85,true
317824,6.6213,205.95,0.9795,55.86,true
317952,6.6240,205.96,0.9775,55.86,true
318080,6.6267,205.79,0.9750,55.84,true
318208,6.6293,205.21,0.9770,55.80,true
318336,6.6320,205.23,0.9748,55.80,true
318464,6.6347,205.19,0.9754,55.79,true
318592,6.6373,205.08,0.9761,55.78,true
318720,6.6400,205.06,0.9782,55.78,true
318848,6.6427,204.93,0.9772,55.77,true
318976,6.6453,204.42,0.9764,55.73,true
319104,6.6480,204.36,0.9730,55.72,true
319232,6.6507,204.23,0.9689,55.71,true
319360,6.6533,204.06,0.9703,55.70,true
319488,6.6560,203.45,0.9729,55.65,true
319616,6.6587,203.31,0.9745,55.63,true
319744,6.6613,203.28,0.9691,55.63,true
319872,6.6640,203.24,0.9610,55.63,true
320000,6.6667,203.37,0.9596,55.64,true
320128,6.6693,203.38,0.9610,55.64,true
320256,6.6720,203.32,0.9629,55.64,true
320384,6.6747,203.27,0.9640,55.63,true
320512,6.6773,203.19,0.9606,55.62,true
320640,6.6800,203.18,0.9542,55.62,true
320768,6.6827,202.63,0.9618,55.58,true
320896,6.6853,202.64,0.9639,55.58,true
321024,6.6880,202.38,0.9662,55.55,true
321152,6.6907,201.88,0.9666,55.51,true
321280,6.6933,201.84,0.9678,55.51,true
321408,6.6960,201.71,0.9630,55.50,true
321536,6.6987,201.76,0.9631,55.50,true
321664,6.7013,201.82,0.9637,55.51,true
321792,6.7040,201.84,0.9553,55.51,true
321920,6.7067,201.73,0.9567,55.50,true
322048,6.7093,201.68,0.9503,55.50,true
322176,6.7120,201.61,0.9437,55.49,true
322304,6.7147,201.61,0.9252,55.49,true
322432,6.7173,201.80,0.9201,55.51,true
322560,6.7200,201.66,0.9070,55.49,true
322688,6.7227,,,,false
322816,6.7253,,,,false
322944,6.7280,,,,false
323072,6.7307,,,,false
323200,6.7333,,,,false
323328,6.7360,,,,false
323456,6.7387,,,,false
323584,6.7413,,,,false
323712,6.7440,,,,false
323840,6.7467,,,,false
323968,6.7493,,,,false
324096,6.7520,,,,false
324224,6.7547,,,,false
324352,6.7573,,,,false
324480,6.7600,,,,false
324608,6.7627,,,,false
324736,6.7653,,,,false
324864,6.7680,,,,false
324992,6.7707,,,,false
325120,6.7733,,,,false
325248,6.7760,,,,false
325376,6.7787,203.21,0.9061,55.63,true
325504,6.7813,203.22,0.9197,55.63,true
325632,6.7840,202.60,0.9466,55.57,true
325760,6.7867,202.56,0.9653,55.57,true
325888,6.7893,202.67,0.9639,55.58,true
326016,6.7920,203.26,0.9508,55.63,true
326144,6.7947,203.50,0.9639,55.65,true
326272,6.7973,204.12,0.9597,55.70,true
326400,6.8000,204.22,0.9670,55.71,true
326528,6.8027,204.30,0.9686,55.72,true
326656,6.8053,204.22,0.9683,55.71,true
326784,6.8080,204.26,0.9702,55.72,true
326912,6.8107,204.17,0.9675,55.71,true
327040,6.8133,204.08,0.9714,55.70,true
327168,6.8160,203.53,0.9735,55.65,true
327296,6.8187,203.49,0.9726,55.65,true
327424,6.8213,203.45,0.9724,55.65,true
327552,6.8240,203.48,0.9736,55.65,true
327680,6.8267,203.46,0.9667,55.65,true
327808,6.8293,203.58,0.9650,55.66,true
327936,6.8320,204.06,0.9627,55.70,true
328064,6.8347,204.25,0.9659,55.71,true
328192,6.8373,204.34,0.9667,55.72,true
328320,6.8400,204.43,0.9713,55.73,true
328448,6.8427,204.94,0.9741,55.77,true
328576,6.8453,204.99,0.9753,55.78,true
328704,6.8480,205.17,0.9836,55.79,true
328832,6.8507,205.24,0.9857,55.80,true
328960,6.8533,205.28,0.9899,55.80,true
329088,6.8560,205.27,0.9900,55.80,true
329216,6.8587,205.30,0.9908,55.80,true
329344,6.8613,205.30,0.9887,55.80,true
329472,6.8640,205.26,0.9875,55.80,true
329600,6.8667,205.25,0.9857,55.80,true
329728,6.8693,205.22,0.9849,55.80,true
329856,6.8720,205.19,0.9843,55.79,true
329984,6.8747,205.28,0.9837,55.80,true
330112,6.8773,205.34,0.9830,55.81,true
330240,6.8800,205.34,0.9813,55.81,true
330368,6.8827,205.30,0.9840,55.80,true
330496,6.8853,205.85,0.9832,55.85,true
330624,6.8880,205.87,0.9832,55.85,true
330752,6.8907,205.80,0.9809,55.85,true
330880,6.8933,205.32,0.9802,55.80,true
331008,6.8960,205.22,0.9761,55.80,true
331136,6.8987,205.02,0.9707,55.78,true
331264,6.9013,204.96,0.9694,55.77,true
331392,6.9040,204.92,0.9630,55.77,true
331520,6.9067,204.40,0.9529,55.73,true
331648,6.9093,204.28,0.9492,55.72,true
331776,6.9120,204.32,0.9500,55.72,true
331904,6.9147,204.19,0.9488,55.71,true
332032,6.9173,204.10,0.9523,55.70,true
332160,6.9200,204.21,0.9504,55.71,true
332288,6.9227,204.12,0.9512,55.70,true
332416,6.9253,204.12,0.9559,55.70,true
332544,6.9280,204.14,0.9622,55.70,true
332672,6.9307,204.08,0.9650,55.70,true
332800,6.9333,203.53,0.9665,55.65,true
332928,6.9360,203.56,0.9671,55.66,true
333056,6.9387,203.52,0.9686,55.65,true
333184,6.9413,203.32,0.9703,55.63,true
333312,6.9440,203.21,0.9672,55.63,true
333440,6.9467,202.66,0.9671,55.58,true
333568,6.9493,202.41,0.9716,55.56,true
333696,6.9520,202.32,0.9694,55.55,true
333824,6.9547,201.87,0.9473,55.51,true
333952,6.9573,201.68,0.9059,55.49,true
334080,6.9600,,,,false
334208,6.9627,,,,false
334336,6.9653,,,,false
334464,6.9680,,,,false
334592,6.9707,,,,false
334720,6.9733,,,,false
334848,6.9760,,,,false
334976,6.9787,,,,false
335104,6.9813,,,,false
335232,6.9840,,,,false
335360,6.9867,,,,false
335488,6.9893,,,,false
335616,6.9920,,,,false
335744,6.9947,,,,false
335872,6.9973,,,,false
336000,7.0000,199.98,0.9147,55.35,true
336128,7.0027,199.92,0.9224,55.34,true
336256,7.0053,199.96,0.9154,55.35,true
336384,7.0080,199.86,0.9063,55.34,true
336512,7.0107,199.32,0.9106,55.29,true
336640,7.0133,,,,false
336768,7.0160,,,,false
336896,7.0187,,,,false
337024,7.0213,,,,false
337152,7.0240,,,,false
337280,7.0267,,,,false
337408,7.0293,,,,false
337536,7.0320,,,,false
337664,7.0347,,,,false
337792,7.0373,,,,false
337920,7.0400,,,,false
338048,7.0427,66.02,0.9035,36.16,true
338176,7.0453,98.98,0.9198,43.17,true
338304,7.0480,198.25,0.9264,55.20,true
338432,7.0507,198.29,0.9382,55.20,true
338560,7.0533,198.29,0.9540,55.20,true
338688,7.0560,198.53,0.9419,55.22,true
338816,7.0587,199.03,0.9429,55.27,true
338944,7.0613,199.18,0.9377,55.28,true
339072,7.0640,199.79,0.9387,55.33,true
339200,7.0667,199.80,0.9386,55.33,true
339328,7.0693,199.37,0.9349,55.30,true
339456,7.0720,199.89,0.9360,55.34,true
339584,7.0747,199.81,0.9419,55.33,true
339712,7.0773,199.80,0.9507,55.33,true
339840,7.0800,199.91,0.9492,55.34,true
339968,7.0827,199.99,0.9501,55.35,true
340096,7.0853,200.05,0.9439,55.35,true
340224,7.0880,200.12,0.9357,55.36,true
340352,7.0907,200.82,0.9231,55.42,true
340480,7.0933,201.03,0.9117,55.44,true
340608,7.0960,,,,false
340736,7.0987,,,,false
340864,7.1013,,,,false
340992,7.1040,,,,false
341120,7.1067,,,,false
341248,7.1093,,,,false
341376,7.1120,,,,false
341504,7.1147,,,,false
341632,7.1173,,,,false
341760,7.1200,,,,false
341888,7.1227,,,,false
342016,7.1253,,,,false
342144,7.1280,205.32,0.9036,55.80,true
342272,7.1307,205.93,0.9138,55.86,true
342400,7.1333,205.98,0.9002,55.86,true
342528,7.1360,,,,false
342656,7.1387,206.05,0.9130,55.87,true
342784,7.1413,206.06,0.9252,55.87,true
342912,7.1440,205.90,0.9275,55.85,true
343040,7.1467,205.89,0.9286,55.85,true
343168,7.1493,205.88,0.9220,55.85,true
343296,7.1520,205.28,0.9259,55.80,true
343424,7.1547,205.21,0.9255,55.80,true
343552,7.1573,205.14,0.9223,55.79,true
343680,7.1600,205.24,0.9173,55.80,true
343808,7.1627,205.23,0.9219,55.80,true
343936,7.1653,205.86,0.9146,55.85,true
344064,7.1680,205.85,0.9190,55.85,true
344192,7.1707,206.01,0.9347,55.86,true
344320,7.1733,206.18,0.9349,55.88,true
344448,7.1760,206.74,0.9511,55.92,true
344576,7.1787,206.84,0.9665,55.93,true
344704,7.1813,206.72,0.9703,55.92,true
344832,7.1840,206.22,0.9712,55.88,true
344960,7.1867,206.09,0.9773,55.87,true
345088,7.1893,206.06,0.9683,55.87,true
345216,7.1920,205.83,0.9618,55.85,true
345344,7.1947,205.83,0.9247,55.85,true
345472,7.1973,,,,false
345600,7.2000,,,,false
345728,7.2027,,,,false
345856,7.2053,,,,false
345984,7.2080,,,,false
346112,7.2107,,,,false
346240,7.2133,,,,false
346368,7.2160,,,,false
346496,7.2187,204.25,0.9180,55.71,true
346624,7.2213,204.20,0.9329,55.71,true
346752,7.2240,204.24,0.9583,55.71,true
346880,7.2267,204.20,0.9559,55.71,true
347008,7.2293,204.23,0.9689,55.71,true
347136,7.2320,204.18,0.9745,55.71,true
347264,7.2347,204.15,0.9759,55.71,true
347392,7.2373,204.08,0.9729,55.70,true
347520,7.2400,203.53,0.9681,55.65,true
347648,7.2427,203.44,0.9646,55.65,true
347776,7.2453,203.36,0.9608,55.64,true
347904,7.2480,203.26,0.9634,55.63,true
348032,7.2507,202.71,0.9579,55.58,true
348160,7.2533,202.64,0.9543,55.58,true
348288,7.2560,202.48,0.9546,55.56,true
348416,7.2587,202.50,0.9628,55.56,true
348544,7.2613,202.42,0.9681,55.56,true
348672,7.2640,202.38,0.9653,55.55,true
348800,7.2667,201.79,0.9713,55.50,true
348928,7.2693,201.78,0.9696,55.50,true
349056,7.2720,201.80,0.9678,55.51,true
349184,7.2747,201.78,0.9682,55.50,true
349312,7.2773,201.78,0.9550,55.50,true
349440,7.2800,201.69,0.9220,55.50,true
349568,7.2827,201.52,0.9037,55.48,true
349696,7.2853,,,,false
349824,7.2880,,,,false
349952,7.2907,,,,false
350080,7.2933,,,,false
350208,7.2960,,,,false
350336,7.2987,,,,false
350464,7.3013,,,,false
350592,7.3040,,,,false
350720,7.3067,,,,false
350848,7.3093,,,,false
350976,7.3120,,,,false
351104,7.3147,,,,false
351232,7.3173,,,,false
351360,7.3200,,,,false
351488,7.3227,,,,false
351616,7.3253,,,,false
351744,7.3280,,,,false
351872,7.3307,,,,false
352000,7.3333,,,,false
352128,7.3360,,,,false
352256,7.3387,,,,false
352384,7.3413,,,,false
352512,7.3440,,,,false
352640,7.3467,,,,false
352768,7.3493,,,,false
352896,7.3520,,,,false
353024,7.3547,,,,false
353152,7.3573,,,,false
353280,7.3600,,,,false
353408,7.3627,,,,false
353536,7.3653,,,,false
353664,7.3680,,,,false
353792,7.3707,,,,false
353920,7.3733,,,,false
354048,7.3760,,,,false
354176,7.3787,204.36,0.9103,55.72,true
354304,7.3813,,,,false
354432,7.3840,204.94,0.9012,55.77,true
354560,7.3867,,,,false
354688,7.3893,,,,false
354816,7.3920,,,,false
354944,7.3947,,,,false
355072,7.3973,,,,false
355200,7.4000,,,,false
355328,7.4027,,,,false
355456,7.4053,,,,false
355584,7.4080,,,,false
355712,7.4107,,,,false
355840,7.4133,,,,false
355968,7.4160,,,,false
356096,7.4187,,,,false
356224,7.4213,205.82,0.9147,55.85,true
356352,7.4240,205.90,0.9339,55.85,true
356480,7.4267,205.95,0.9420,55.86,true
356608,7.4293,206.08,0.9459,55.87,true
356736,7.4320,206.12,0.9656,55.87,true
356864,7.4347,206.18,0.9777,55.88,true
356992,7.4373,206.14,0.9782,55.87,true
357120,7.4400,206.09,0.9775,55.87,true
357248,7.4427,206.04,0.9746,55.86,true
357376,7.4453,205.98,0.9659,55.86,true
357504,7.4480,205.86,0.9654,55.85,true
357632,7.4507,205.34,0.9643,55.81,true
357760,7.4533,205.19,0.9609,55.79,true
357888,7.4560,205.21,0.9621,55.79,true
358016,7.4587,205.06,0.9534,55.78,true
358144,7.4613,205.12,0.9520,55.79,true
358272,7.4640,205.12,0.9542,55.79,true
358400,7.4667,205.27,0.9631,55.80,true
358528,7.4693,205.81,0.9578,55.85,true
358656,7.4720,205.35,0.9571,55.81,true
358784,7.4747,205.90,0.9628,55.85,true
358912,7.4773,206.00,0.9657,55.86,true
359040,7.4800,206.17,0.9770,55.88,true
359168,7.4827,206.04,0.9572,55.87,true
359296,7.4853,205.93,0.9538,55.86,true
359424,7.4880,206.03,0.9012,55.86,true
359552,7.4907,,,,false
359680,7.4933,,,,false
359808,7.4960,,,,false
359936,7.4987,,,,false
360064,7.5013,,,,false
360192,7.5040,,,,false
360320,7.5067,,,,false
360448,7.5093,,,,false
360576,7.5120,204.36,0.9117,55.72,true
360704,7.5147,204.23,0.9235,55.71,true
360832,7.5173,204.39,0.9549,55.73,true
360960,7.5200,204.29,0.9618,55.72,true
361088,7.5227,204.21,0.9330,55.71,true
361216,7.5253,,,,false
361344,7.5280,,,,false
361472,7.5307,,,,false
361600,7.5333,,,,false
361728,7.5360,,,,false
361856,7.5387,,,,false
361984,7.5413,,,,false
362112,7.5440,,,,false
362240,7.5467,,,,false
362368,7.5493,,,,false
362496,7.5520,,,,false
362624,7.5547,,,,false
362752,7.5573,,,,false
362880,7.5600,,,,false
363008,7.5627,,,,false
363136,7.5653,,,,false
363264,7.5680,,,,false
363392,7.5707,,,,false
363520,7.5733,,,,false
363648,7.5760,,,,false
363776,7.5787,,,,false
363904,7.5813,,,,false
364032,7.5840,,,,false
364160,7.5867,,,,false
364288,7.5893,,,,false
364416,7.5920,,,,false
364544,7.5947,,,,false
364672,7.5973,,,,false
364800,7.6000,,,,false
364928,7.6027,,,,false
365056,7.6053,,,,false
365184,7.6080,,,,false
365312,7.6107,,,,false
365440,7.6133,,,,false
365568,7.6160,,,,false
365696,7.6187,,,,false
365824,7.6213,,,,false
365952,7.6240,,,,false
366080,7.6267,201.56,0.9206,55.48,true
366208,7.6293,,,,false
366336,7.6320,,,,false
366464,7.6347,,,,false
366592,7.6373,,,,false
366720,7.6400,201.53,0.9006,55.48,true
366848,7.6427,,,,false
366976,7.6453,,,,false
367104,7.6480,,,,false
367232,7.6507,,,,false
367360,7.6533,203.29,0.9017,55.63,true
367488,7.6560,203.49,0.9117,55.65,true
367616,7.6587,204.28,0.9171,55.72,true
367744,7.6613,204.39,0.9204,55.73,true
367872,7.6640,204.44,0.9384,55.73,true
368000,7.6667,204.95,0.9350,55.77,true
368128,7.6693,205.01,0.9479,55.78,true
368256,7.6720,205.08,0.9543,55.78,true
368384,7.6747,205.13,0.9568,55.79,true
368512,7.6773,205.30,0.9477,55.80,true
368640,7.6800,205.24,0.9558,55.80,true
368768,7.6827,205.30,0.9593,55.80,true
368896,7.6853,205.34,0.9626,55.81,true
369024,7.6880,205.81,0.9682,55.85,true
369152,7.6907,205.87,0.9659,55.85,true
369280,7.6933,205.92,0.9718,55.85,true
369408,7.6960,206.04,0.9725,55.87,true
369536,7.6987,206.05,0.9783,55.87,true
369664,7.7013,206.11,0.9811,55.87,true
369792,7.7040,206.18,0.9807,55.88,true
369920,7.7067,206.76,0.9814,55.93,true
370048,7.7093,206.85,0.9823,55.93,true
370176,7.7120,207.00,0.9819,55.95,true
370304,7.7147,207.06,0.9809,55.95,true
370432,7.7173,207.05,0.9806,55.95,true
370560,7.7200,207.11,0.9760,55.95,true
370688,7.7227,207.70,0.9750,56.00,true
370816,7.7253,207.76,0.9616,56.01,true
370944,7.7280,207.94,0.9348,56.02,true
371072,7.7307,207.99,0.9311,56.03,true
371200,7.7333,207.95,0.9284,56.02,true
371328,7.7360,207.86,0.9072,56.02,true
371456,7.7387,,,,false
371584,7.7413,,,,false
371712,7.7440,,,,false
371840,7.7467,,,,false
371968,7.7493,,,,false
372096,7.7520,,,,false
372224,7.7547,,,,false
372352,7.7573,,,,false
372480,7.7600,,,,false
372608,7.7627,,,,false
372736,7.7653,,,,false
372864,7.7680,,,,false
372992,7.7707,,,,false
373120,7.7733,,,,false
373248,7.7760,,,,false
373376,7.7787,,,,false
373504,7.7813,,,,false
373632,7.7840,203.39,0.9205,55.64,true
373760,7.7867,203.46,0.9328,55.65,true
373888,7.7893,203.44,0.9464,55.65,true
374016,7.7920,203.27,0.9569,55.63,true
374144,7.7947,203.24,0.9571,55.63,true
374272,7.7973,203.41,0.9591,55.64,true
374400,7.8000,203.37,0.9646,55.64,true
374528,7.8027,203.34,0.9685,55.64,true
374656,7.8053,203.27,0.9738,55.63,true
374784,7.8080,203.19,0.9422,55.62,true
374912,7.8107,,,,false
375040,7.8133,,,,false
375168,7.8160,,,,false
375296,7.8187,,,,false
375424,7.8213,,,,false
375552,7.8240,,,,false
375680,7.8267,,,,false
375808,7.8293,,,,false
375936,7.8320,,,,false
376064,7.8347,,,,false
376192,7.8373,,,,false
376320,7.8400,200.13,0.9019,55.36,true
376448,7.8427,,,,false
376576,7.8453,,,,false
376704,7.8480,,,,false
376832,7.8507,,,,false
376960,7.8533,200.82,0.9054,55.42,true
377088,7.8560,,,,false
377216,7.8587,,,,false
377344,7.8613,,,,false
377472,7.8640,,,,false
377600,7.8667,,,,false
377728,7.8693,,,,false
377856,7.8720,,,,false
377984,7.8747,,,,false
378112,7.8773,,,,false
378240,7.8800,,,,false
378368,7.8827,,,,false
378496,7.8853,,,,false
378624,7.8880,,,,false
378752,7.8907,,,,false
378880,7.8933,,,,false
379008,7.8960,,,,false
379136,7.8987,,,,false
379264,7.9013,,,,false
379392,7.9040,,,,false
379520,7.9067,,,,false
379648,7.9093,,,,false
379776,7.9120,202.45,0.9090,55.56,true
379904,7.9147,202.55,0.9174,55.57,true
380032,7.9173,202.56,0.9302,55.57,true
380160,7.9200,202.61,0.9310,55.57,true
380288,7.9227,202.55,0.9356,55.57,true
380416,7.9253,203.31,0.9313,55.63,true
380544,7.9280,203.40,0.9385,55.64,true
380672,7.9307,203.50,0.9391,55.65,true
380800,7.9333,203.42,0.9467,55.64,true
380928,7.9360,203.48,0.9507,55.65,true
381056,7.9387,203.41,0.9469,55.64,true
381184,7.9413,203.43,0.9413,55.64,true
381312,7.9440,203.41,0.9492,55.64,true
381440,7.9467,203.37,0.9562,55.64,true
381568,7.9493,203.25,0.9584,55.63,true
381696,7.9520,203.25,0.9608,55.63,true
381824,7.9547,203.29,0.9604,55.63,true
381952,7.9573,202.71,0.9605,55.58,true
382080,7.9600,202.68,0.9658,55.58,true
382208,7.9627,202.69,0.9692,55.58,true
382336,7.9653,202.71,0.9723,55.58,true
382464,7.9680,203.25,0.9637,55.63,true
382592,7.9707,203.24,0.9513,55.63,true
382720,7.9733,203.21,0.9511,55.63,true
382848,7.9760,203.20,0.9504,55.62,true
382976,7.9787,203.29,0.9515,55.63,true
383104,7.9813,203.31,0.9497,55.63,true
383232,7.9840,203.30,0.9457,55.63,true
383360,7.9867,203.33,0.9391,55.64,true
383488,7.9893,202.71,0.9413,55.58,true
383616,7.9920,203.29,0.9502,55.63,true
383744,7.9947,203.25,0.9494,55.63,true
383872,7.9973,203.29,0.9504,55.63,true
384000,8.0000,203.39,0.9489,55.64,true
384128,8.0027,203.41,0.9466,55.64,true
384256,8.0053,203.43,0.9561,55.64,true
384384,8.0080,203.47,0.9603,55.65,true
384512,8.0107,203.53,0.9681,55.65,true
384640,8.0133,203.47,0.9699,55.65,true
384768,8.0160,203.54,0.9673,55.65,true
384896,8.0187,204.06,0.9657,55.70,true
385024,8.0213,203.60,0.9665,55.66,true
385152,8.0240,204.06,0.9708,55.70,true
385280,8.0267,204.13,0.9692,55.70,true
385408,8.0293,204.16,0.9726,55.71,true
385536,8.0320,204.24,0.9727,55.71,true
385664,8.0347,204.35,0.9742,55.72,true
385792,8.0373,204.45,0.9763,55.73,true
385920,8.0400,204.47,0.9765,55.73,true
386048,8.0427,204.92,0.9792,55.77,true
386176,8.0453,204.92,0.9776,55.77,true
386304,8.0480,204.46,0.9763,55.73,true
386432,8.0507,204.92,0.9757,55.77,true
386560,8.0533,204.92,0.9746,55.77,true
386688,8.0560,204.94,0.9750,55.77,true
386816,8.0587,204.40,0.9763,55.73,true
386944,8.0613,204.33,0.9779,55.72,true
387072,8.0640,204.31,0.9749,55.72,true
387200,8.0667,204.38,0.9773,55.72,true
387328,8.0693,204.41,0.9799,55.73,true
387456,8.0720,204.25,0.9763,55.71,true
387584,8.0747,204.17,0.9781,55.71,true
387712,8.0773,203.58,0.9788,55.66,true
387840,8.0800,203.48,0.9724,55.65,true
387968,8.0827,203.33,0.9695,55.64,true
388096,8.0853,203.23,0.9694,55.63,true
388224,8.0880,202.61,0.9650,55.57,true
388352,8.0907,202.42,0.9619,55.56,true
388480,8.0933,202.32,0.9591,55.55,true
388608,8.0960,201.80,0.9486,55.50,true
388736,8.0987,201.69,0.9456,55.50,true
388864,8.1013,201.68,0.9464,55.49,true
388992,8.1040,201.64,0.9427,55.49,true
389120,8.1067,201.53,0.9367,55.48,true
389248,8.1093,201.03,0.9395,55.44,true
389376,8.1120,200.91,0.9320,55.43,true
389504,8.1147,200.77,0.9116,55.42,true
389632,8.1173,200.02,0.9119,55.35,true
389760,8.1200,,,,false
389888,8.1227,,,,false
390016,8.1253,,,,false
390144,8.1280,,,,false
390272,8.1307,,,,false
390400,8.1333,,,,false
390528,8.1360,,,,false
390656,8.1387,,,,false
390784,8.1413,199.18,0.9101,55.28,true
390912,8.1440,199.32,0.9102,55.29,true
391040,8.1467,199.23,0.9130,55.28,true
391168,8.1493,199.27,0.9124,55.29,true
391296,8.1520,199.87,0.9305,55.34,true
391424,8.1547,199.36,0.9276,55.29,true
391552,8.1573,199.21,0.9267,55.28,true
391680,8.1600,199.19,0.9228,55.28,true
391808,8.1627,199.01,0.9304,55.26,true
391936,8.1653,198.99,0.9331,55.26,true
392064,8.1680,199.00,0.9430,55.26,true
392192,8.1707,198.51,0.9486,55.22,true
392320,8.1733,198.31,0.9453,55.20,true
392448,8.1760,198.22,0.9366,55.19,true
392576,8.1787,198.23,0.9296,55.20,true
392704,8.1813,198.30,0.9331,55.20,true
392832,8.1840,198.34,0.9323,55.21,true
392960,8.1867,198.42,0.9390,55.21,true
393088,8.1893,198.42,0.9338,55.21,true
393216,8.1920,198.36,0.9448,55.21,true
393344,8.1947,198.98,0.9217,55.26,true
393472,8.1973,199.10,0.9312,55.27,true
393600,8.2000,199.25,0.9278,55.28,true
393728,8.2027,199.81,0.9313,55.33,true
393856,8.2053,199.80,0.9296,55.33,true
393984,8.2080,199.93,0.9173,55.34,true
394112,8.2107,199.97,0.9207,55.35,true
394240,8.2133,200.10,0.9097,55.36,true
394368,8.2160,200.01,0.9224,55.35,true
394496,8.2187,200.05,0.9234,55.35,true
394624,8.2213,200.04,0.9285,55.35,true
394752,8.2240,200.02,0.9214,55.35,true
394880,8.2267,200.13,0.9123,55.36,true
395008,8.2293,199.96,0.9232,55.35,true
395136,8.2320,199.98,0.9149,55.35,true
395264,8.2347,199.97,0.9178,55.35,true
395392,8.2373,200.11,0.9185,55.36,true
395520,8.2400,200.75,0.9111,55.41,true
395648,8.2427,100.65,0.9013,43.46,true
395776,8.2453,201.52,0.9007,55.48,true
395904,8.2480,201.83,0.9005,55.51,true
396032,8.2507,202.47,0.9031,55.56,true
396160,8.2533,202.63,0.9019,55.58,true
396288,8.2560,203.46,0.9074,55.65,true
396416,8.2587,203.54,0.9050,55.65,true
396544,8.2613,101.72,0.9106,43.64,true
396672,8.2640,101.73,0.9016,43.65,true
396800,8.2667,101.86,0.9074,43.67,true
396928,8.2693,101.73,0.9100,43.65,true
397056,8.2720,67.90,0.9002,36.65,true
397184,8.2747,203.59,0.9017,55.66,true
397312,8.2773,203.36,0.9131,55.64,true
397440,8.2800,203.56,0.9166,55.66,true
397568,8.2827,204.27,0.9321,55.72,true
397696,8.2853,204.10,0.9388,55.70,true
397824,8.2880,204.05,0.9442,55.70,true
397952,8.2907,204.07,0.9601,55.70,true
398080,8.2933,204.09,0.9646,55.70,true
398208,8.2960,203.53,0.9671,55.65,true
398336,8.2987,204.05,0.9702,55.70,true
398464,8.3013,203.57,0.9751,55.66,true
398592,8.3040,203.57,0.9757,55.66,true
398720,8.3067,203.57,0.9760,55.66,true
398848,8.3093,203.54,0.9729,55.65,true
398976,8.3120,203.53,0.9739,55.65,true
399104,8.3147,203.55,0.9718,55.65,true
399232,8.3173,203.59,0.9716,55.66,true
399360,8.3200,203.39,0.9681,55.64,true
399488,8.3227,203.28,0.9674,55.63,true
399616,8.3253,202.70,0.9688,55.58,true
399744,8.3280,202.63,0.9685,55.58,true
399872,8.3307,202.58,0.9737,55.57,true
400000,8.3333,202.56,0.9586,55.57,true
400128,8.3360,202.48,0.9595,55.56,true
400256,8.3387,202.37,0.9585,55.55,true
400384,8.3413,202.46,0.9604,55.56,true
400512,8.3440,202.38,0.9550,55.55,true
400640,8.3467,202.33,0.9539,55.55,true
400768,8.3493,201.84,0.9547,55.51,true
400896,8.3520,201.77,0.9536,55.50,true
401024,8.3547,201.66,0.9726,55.49,true
401152,8.3573,201.01,0.9706,55.44,true
401280,8.3600,201.00,0.9605,55.44,true
401408,8.3627,200.96,0.9444,55.43,true
401536,8.3653,200.78,0.9264,55.42,true
401664,8.3680,200.17,0.9132,55.36,true
401792,8.3707,200.06,0.9098,55.36,true
401920,8.3733,,,,false
402048,8.3760,,,,false
402176,8.3787,,,,false
402304,8.3813,,,,false
402432,8.3840,,,,false
402560,8.3867,,,,false
402688,8.3893,,,,false
402816,8.3920,,,,false
402944,8.3947,,,,false
403072,8.3973,,,,false
403200,8.4000,,,,false
403328,8.4027,198.40,0.9214,55.21,true
403456,8.4053,198.26,0.9327,55.20,true
403584,8.4080,198.19,0.9320,55.19,true
403712,8.4107,197.65,0.9227,55.15,true
403840,8.4133,198.19,0.9141,55.19,true
403968,8.4160,198.30,0.9172,55.20,true
404096,8.4187,198.41,0.9215,55.21,true
404224,8.4213,198.29,0.9114,55.20,true
404352,8.4240,,,,false
404480,8.4267,,,,false
404608,8.4293,,,,false
404736,8.4320,,,,false
404864,8.4347,,,,false
404992,8.4373,,,,false
405120,8.4400,,,,false
405248,8.4427,,,,false
405376,8.4453,,,,false
405504,8.4480,,,,false
405632,8.4507,198.36,0.9053,55.21,true
405760,8.4533,198.44,0.9056,55.21,true
405888,8.4560,198.50,0.9251,55.22,true
406016,8.4587,198.41,0.9152,55.21,true
406144,8.4613,198.25,0.9154,55.20,true
406272,8.4640,198.26,0.9082,55.20,true
406400,8.4667,198.31,0.9219,55.20,true
406528,8.4693,199.04,0.9315,55.27,true
406656,8.4720,199.16,0.9310,55.28,true
406784,8.4747,199.27,0.9251,55.29,true
406912,8.4773,199.27,0.9300,55.29,true
407040,8.4800,199.89,0.9208,55.34,true
407168,8.4827,200.20,0.9295,55.37,true
407296,8.4853,200.81,0.9325,55.42,true
407424,8.4880,201.47,0.9189,55.48,true
407552,8.4907,201.63,0.9210,55.49,true
407680,8.4933,201.82,0.9238,55.51,true
407808,8.4960,202.63,0.9180,55.58,true
407936,8.4987,203.38,0.9212,55.64,true
408064,8.5013,204.11,0.9441,55.70,true
408192,8.5040,204.19,0.9504,55.71,true
408320,8.5067,204.28,0.9512,55.72,true
408448,8.5093,204.44,0.9584,55.73,true
408576,8.5120,204.97,0.9613,55.78,true
408704,8.5147,205.14,0.9586,55.79,true
408832,8.5173,205.18,0.9584,55.79,true
408960,8.5200,205.32,0.9629,55.80,true
409088,8.5227,205.80,0.9579,55.85,true
409216,8.5253,205.96,0.9645,55.86,true
409344,8.5280,206.02,0.9706,55.86,true
409472,8.5307,206.01,0.9711,55.86,true
409600,8.5333,206.02,0.9742,55.86,true
409728,8.5360,205.99,0.9798,55.86,true
409856,8.5387,206.00,0.9826,55.86,true
409984,8.5413,205.97,0.9845,55.86,true
410112,8.5440,206.02,0.9889,55.86,true
410240,8.5467,206.03,0.9896,55.86,true
410368,8.5493,206.04,0.9894,55.87,true
410496,8.5520,206.06,0.9906,55.87,true
410624,8.5547,206.12,0.9896,55.87,true
410752,8.5573,206.15,0.9876,55.87,true
410880,8.5600,206.17,0.9874,55.88,true
411008,8.5627,206.16,0.9861,55.88,true
411136,8.5653,206.08,0.9844,55.87,true
411264,8.5680,206.03,0.9835,55.86,true
411392,8.5707,206.00,0.9837,55.86,true
411520,8.5733,205.90,0.9836,55.85,true
411648,8.5760,205.30,0.9819,55.80,true
411776,8.5787,205.31,0.9798,55.80,true
411904,8.5813,205.22,0.9804,55.80,true
412032,8.5840,205.21,0.9783,55.79,true
412160,8.5867,205.14,0.9778,55.79,true
412288,8.5893,204.98,0.9767,55.78,true
412416,8.5920,204.92,0.9745,55.77,true
412544,8.5947,204.40,0.9732,55.73,true
412672,8.5973,204.39,0.9768,55.73,true
412800,8.6000,204.28,0.9830,55.72,true
412928,8.6027,204.23,0.9846,55.71,true
413056,8.6053,204.17,0.9877,55.71,true
413184,8.6080,204.25,0.9834,55.71,true
413312,8.6107,204.41,0.9825,55.73,true
413440,8.6133,204.34,0.9834,55.72,true
413568,8.6160,204.37,0.9847,55.72,true
413696,8.6187,204.40,0.9844,55.73,true
413824,8.6213,204.40,0.9851,55.73,true
413952,8.6240,204.41,0.9856,55.73,true
414080,8.6267,204.40,0.9853,55.73,true
414208,8.6293,204.38,0.9889,55.73,true
414336,8.6320,204.23,0.9868,55.71,true
414464,8.6347,204.22,0.9866,55.71,true
414592,8.6373,204.09,0.9828,55.70,true
414720,8.6400,203.56,0.9825,55.66,true
414848,8.6427,615.07,0.9054,74.80,true
414976,8.6453,616.04,0.9028,74.83,true
415104,8.6480,614.62,0.9102,74.79,true
415232,8.6507,615.84,0.9085,74.82,true
415360,8.6533,613.51,0.9102,74.76,true
415488,8.6560,614.51,0.9212,74.78,true
415616,8.6587,608.34,0.9199,74.61,true
415744,8.6613,609.23,0.9152,74.63,true
415872,8.6640,202.34,0.9722,55.55,true
416000,8.6667,201.79,0.9681,55.50,true
416128,8.6693,201.53,0.9718,55.48,true
416256,8.6720,201.49,0.9684,55.48,true
416384,8.6747,201.03,0.9651,55.44,true
416512,8.6773,200.98,0.9519,55.43,true
416640,8.6800,200.97,0.9265,55.43,true
416768,8.6827,200.93,0.9133,55.43,true
416896,8.6853,,,,false
417024,8.6880,,,,false
417152,8.6907,,,,false
417280,8.6933,,,,false
417408,8.6960,,,,false
417536,8.6987,,,,false
417664,8.7013,,,,false
417792,8.7040,,,,false
417920,8.7067,,,,false
418048,8.7093,,,,false
418176,8.7120,,,,false
418304,8.7147,,,,false
418432,8.7173,,,,false
418560,8.7200,,,,false
418688,8.7227,,,,false
418816,8.7253,,,,false
418944,8.7280,,,,false
419072,8.7307,,,,false
419200,8.7333,,,,false
419328,8.7360,,,,false
419456,8.7387,,,,false
419584,8.7413,,,,false
419712,8.7440,,,,false
419840,8.7467,,,,false
419968,8.7493,,,,false
420096,8.7520,,,,false
420224,8.7547,,,,false
420352,8.7573,,,,false
420480,8.7600,,,,false
420608,8.7627,,,,false
420736,8.7653,,,,false
420864,8.7680,,,,false
420992,8.7707,,,,false
421120,8.7733,,,,false
421248,8.7760,,,,false
421376,8.7787,,,,false
421504,8.7813,,,,false
421632,8.7840,,,,false
421760,8.7867,,,,false
421888,8.7893,,,,false
422016,8.7920,,,,false
422144,8.7947,,,,false
422272,8.7973,,,,false
422400,8.8000,,,,false
422528,8.8027,,,,false
422656,8.8053,,,,false
422784,8.8080,,,,false
422912,8.8107,,,,false
423040,8.8133,,,,false
423168,8.8160,,,,false
423296,8.8187,204.32,0.9291,55.72,true
423424,8.8213,204.27,0.9463,55.72,true
423552,8.8240,204.33,0.9540,55.72,true
423680,8.8267,204.26,0.9652,55.71,true
423808,8.8293,204.30,0.9775,55.72,true
423936,8.8320,204.30,0.9766,55.72,true
424064,8.8347,204.28,0.9776,55.72,true
424192,8.8373,204.28,0.9776,55.72,true
424320,8.8400,204.39,0.9758,55.73,true
424448,8.8427,204.94,0.9747,55.77,true
424576,8.8453,204.47,0.9693,55.73,true
424704,8.8480,205.00,0.9722,55.78,true
424832,8.8507,205.07,0.9673,55.78,true
424960,8.8533,205.17,0.9679,55.79,true
425088,8.8560,205.22,0.9667,55.80,true
425216,8.8587,205.81,0.9673,55.85,true
425344,8.8613,205.85,0.9661,55.85,true
425472,8.8640,205.96,0.9675,55.86,true
425600,8.8667,206.18,0.9726,55.88,true
425728,8.8693,206.74,0.9734,55.92,true
425856,8.8720,206.72,0.9767,55.92,true
425984,8.8747,206.77,0.9785,55.93,true
426112,8.8773,206.86,0.9809,55.93,true
426240,8.8800,206.94,0.9817,55.94,true
426368,8.8827,207.07,0.9779,55.95,true
426496,8.8853,207.64,0.9769,56.00,true
426624,8.8880,207.73,0.9754,56.01,true
426752,8.8907,207.84,0.9752,56.02,true
426880,8.8933,208.53,0.9779,56.07,true
427008,8.8960,208.68,0.9761,56.09,true
427136,8.8987,208.81,0.9790,56.10,true
427264,8.9013,208.80,0.9773,56.10,true
427392,8.9040,208.75,0.9772,56.09,true
427520,8.9067,208.65,0.9732,56.08,true
427648,8.9093,208.50,0.9715,56.07,true
427776,8.9120,207.97,0.9697,56.03,true
427904,8.9147,207.89,0.9704,56.02,true
428032,8.9173,207.83,0.9753,56.02,true
428160,8.9200,207.63,0.9732,56.00,true
428288,8.9227,207.67,0.9724,56.00,true
428416,8.9253,207.63,0.9779,56.00,true
428544,8.9280,207.61,0.9805,56.00,true
428672,8.9307,207.11,0.9794,55.95,true
428800,8.9333,207.01,0.9785,55.95,true
428928,8.9360,206.87,0.9762,55.94,true
429056,8.9387,206.69,0.9734,55.92,true
429184,8.9413,206.14,0.9711,55.87,true
429312,8.9440,205.91,0.9703,55.85,true
429440,8.9467,205.23,0.9647,55.80,true
429568,8.9493,204.97,0.9598,55.77,true
429696,8.9520,204.33,0.9484,55.72,true
429824,8.9547,204.18,0.9476,55.71,true
429952,8.9573,203.47,0.9509,55.65,true
430080,8.9600,203.23,0.9473,55.63,true
430208,8.9627,203.27,0.9459,55.63,true
430336,8.9653,203.32,0.9476,55.64,true
430464,8.9680,203.35,0.9406,55.64,true
430592,8.9707,203.27,0.9405,55.63,true
430720,8.9733,203.45,0.9441,55.65,true
430848,8.9760,203.60,0.9449,55.66,true
430976,8.9787,203.56,0.9284,55.66,true
431104,8.9813,204.22,0.9144,55.71,true
431232,8.9840,204.24,0.9173,55.71,true
431360,8.9867,204.13,0.9014,55.70,true
431488,8.9893,203.60,0.9010,55.66,true
431616,8.9920,204.06,0.9059,55.70,true
431744,8.9947,203.56,0.9032,55.66,true
431872,8.9973,,,,false
432000,9.0000,,,,false
432128,9.0027,,,,false
432256,9.0053,,,,false
432384,9.0080,,,,false
432512,9.0107,,,,false
432640,9.0133,,,,false
432768,9.0160,,,,false
432896,9.0187,,,,false
433024,9.0213,,,,false
433152,9.0240,,,,false
433280,9.0267,,,,false
433408,9.0293,,,,false
433536,9.0320,,,,false
433664,9.0347,,,,false
433792,9.0373,,,,false
433920,9.0400,,,,false
434048,9.0427,,,,false
434176,9.0453,,,,false
434304,9.0480,,,,false
434432,9.0507,,,,false
434560,9.0533,,,,false
434688,9.0560,,,,false
434816,9.0587,,,,false
434944,9.0613,,,,false
435072,9.0640,,,,false
435200,9.0667,,,,false
435328,9.0693,,,,false
435456,9.0720,,,,false
435584,9.0747,,,,false
435712,9.0773,,,,false
435840,9.0800,,,,false
435968,9.0827,,,,false
436096,9.0853,,,,false
436224,9.0880,,,,false
436352,9.0907,,,,false
436480,9.0933,,,,false
436608,9.0960,,,,false
436736,9.0987,,,,false
436864,9.1013,,,,false
436992,9.1040,,,,false
437120,9.1067,,,,false
437248,9.1093,,,,false
437376,9.1120,,,,false
437504,9.1147,205.22,0.9463,55.80,true
437632,9.1173,205.24,0.9809,55.80,true
437760,9.1200,205.22,0.9823,55.80,true
437888,9.1227,205.21,0.9812,55.80,true
438016,9.1253,205.17,0.9836,55.79,true
438144,9.1280,205.28,0.9831,55.80,true
438272,9.1307,205.31,0.9799,55.80,true
438400,9.1333,205.30,0.9768,55.80,true
438528,9.1360,205.20,0.9740,55.79,true
438656,9.1387,205.34,0.9695,55.81,true
438784,9.1413,205.84,0.9690,55.85,true
438912,9.1440,205.82,0.9698,55.85,true
439040,9.1467,205.85,0.9690,55.85,true
439168,9.1493,205.34,0.9666,55.81,true
439296,9.1520,205.27,0.9701,55.80,true
439424,9.1547,205.31,0.9728,55.80,true
439552,9.1573,205.34,0.9604,55.81,true
439680,9.1600,205.24,0.9588,55.80,true
439808,9.1627,205.08,0.9162,55.78,true
439936,9.1653,,,,false
440064,9.1680,,,,false
440192,9.1707,,,,false
440320,9.1733,,,,false
440448,9.1760,,,,false
440576,9.1787,,,,false
440704,9.1813,,,,false
440832,9.1840,,,,false
440960,9.1867,,,,false
441088,9.1893,,,,false
441216,9.1920,,,,false
441344,9.1947,,,,false
441472,9.1973,,,,false
441600,9.2000,203.51,0.9256,55.65,true
441728,9.2027,203.52,0.9223,55.65,true
441856,9.2053,203.50,0.9354,55.65,true
441984,9.2080,203.45,0.9508,55.65,true
442112,9.2107,203.41,0.9578,55.64,true
442240,9.2133,203.29,0.9541,55.63,true
442368,9.2160,203.19,0.9523,55.62,true
442496,9.2187,202.61,0.9506,55.57,true
442624,9.2213,202.54,0.9530,55.57,true
442752,9.2240,202.45,0.9635,55.56,true
442880,9.2267,202.53,0.9675,55.57,true
443008,9.2293,202.51,0.9691,55.57,true
443136,9.2320,202.42,0.9778,55.56,true
443264,9.2347,202.38,0.9816,55.55,true
443392,9.2373,202.41,0.9804,55.56,true
443520,9.2400,202.46,0.9797,55.56,true
443648,9.2427,202.45,0.9743,55.56,true
443776,9.2453,202.41,0.9679,55.56,true
443904,9.2480,202.37,0.9680,55.55,true
444032,9.2507,202.35,0.9546,55.55,true
444160,9.2533,202.36,0.9493,55.55,true
444288,9.2560,201.85,0.9330,55.51,true
444416,9.2587,201.83,0.9193,55.51,true
444544,9.2613,,,,false
444672,9.2640,,,,false
444800,9.2667,,,,false
444928,9.2693,,,,false
445056,9.2720,,,,false
445184,9.2747,,,,false
445312,9.2773,,,,false
445440,9.2800,,,,false
445568,9.2827,,,,false
445696,9.2853,,,,false
445824,9.2880,,,,false
445952,9.2907,,,,false
446080,9.2933,,,,false
446208,9.2960,,,,false
446336,9.2987,203.30,0.9366,55.63,true
446464,9.3013,203.35,0.9407,55.64,true
446592,9.3040,203.41,0.9419,55.64,true
446720,9.3067,203.53,0.9353,55.65,true
446848,9.3093,204.14,0.9247,55.70,true
446976,9.3120,204.26,0.9277,55.71,true
447104,9.3147,204.36,0.9346,55.72,true
447232,9.3173,204.92,0.9461,55.77,true
447360,9.3200,204.95,0.9506,55.77,true
447488,9.3227,205.07,0.9584,55.78,true
447616,9.3253,205.15,0.9636,55.79,true
447744,9.3280,205.17,0.9692,55.79,true
447872,9.3307,205.09,0.9765,55.79,true
448000,9.3333,205.03,0.9791,55.78,true
448128,9.3360,205.09,0.9787,55.78,true
448256,9.3387,205.16,0.9767,55.79,true
448384,9.3413,205.18,0.9768,55.79,true
448512,9.3440,205.17,0.9793,55.79,true
448640,9.3467,205.21,0.9783,55.80,true
448768,9.3493,205.31,0.9787,55.80,true
448896,9.3520,205.81,0.9804,55.85,true
449024,9.3547,205.96,0.9836,55.86,true
449152,9.3573,206.04,0.9848,55.87,true
449280,9.3600,206.20,0.9836,55.88,true
449408,9.3627,206.86,0.9840,55.93,true
449536,9.3653,207.10,0.9823,55.95,true
449664,9.3680,207.70,0.9823,56.00,true
449792,9.3707,207.85,0.9841,56.02,true
449920,9.3733,208.00,0.9862,56.03,true
450048,9.3760,208.01,0.9849,56.03,true
450176,9.3787,207.99,0.9843,56.03,true
450304,9.3813,208.51,0.9851,56.07,true
450432,9.3840,208.48,0.9853,56.07,true
450560,9.3867,208.01,0.9821,56.03,true
450688,9.3893,207.90,0.9831,56.02,true
450816,9.3920,207.85,0.9809,56.02,true
450944,9.3947,207.81,0.9815,56.01,true
451072,9.3973,207.95,0.9814,56.02,true
451200,9.4000,208.01,0.9801,56.03,true
451328,9.4027,207.98,0.9817,56.03,true
451456,9.4053,208.49,0.9810,56.07,true
451584,9.4080,208.48,0.9831,56.07,true
451712,9.4107,208.61,0.9838,56.08,true
451840,9.4133,208.68,0.9864,56.09,true
451968,9.4160,208.68,0.9868,56.09,true
452096,9.4187,208.64,0.9881,56.08,true
452224,9.4213,208.67,0.9897,56.08,true
452352,9.4240,208.69,0.9904,56.09,true
452480,9.4267,208.59,0.9883,56.08,true
452608,9.4293,208.53,0.9873,56.07,true
452736,9.4320,208.01,0.9872,56.03,true
452864,9.4347,207.99,0.9878,56.03,true
452992,9.4373,208.00,0.9871,56.03,true
453120,9.4400,207.95,0.9872,56.03,true
453248,9.4427,207.90,0.9889,56.02,true
453376,9.4453,207.82,0.9884,56.01,true
453504,9.4480,207.79,0.9891,56.01,true
453632,9.4507,207.83,0.9906,56.01,true
453760,9.4533,207.85,0.9906,56.02,true
453888,9.4560,207.78,0.9908,56.01,true
454016,9.4587,207.75,0.9922,56.01,true
454144,9.4613,207.77,0.9918,56.01,true
454272,9.4640,207.77,0.9908,56.01,true
454400,9.4667,207.83,0.9910,56.01,true
454528,9.4693,207.82,0.9915,56.01,true
454656,9.4720,207.84,0.9912,56.02,true
454784,9.4747,207.79,0.9905,56.01,true
454912,9.4773,207.80,0.9906,56.01,true
455040,9.4800,207.80,0.9883,56.01,true
455168,9.4827,207.76,0.9867,56.01,true
455296,9.4853,207.69,0.9857,56.00,true
455424,9.4880,207.64,0.9827,56.00,true
455552,9.4907,207.66,0.9828,56.00,true
455680,9.4933,207.04,0.9806,55.95,true
455808,9.4960,207.00,0.9814,55.95,true
455936,9.4987,206.88,0.9759,55.94,true
456064,9.5013,206.72,0.9756,55.92,true
456192,9.5040,206.09,0.9690,55.87,true
456320,9.5067,205.94,0.9583,55.86,true
456448,9.5093,205.25,0.9514,55.80,true
456576,9.5120,204.45,0.9429,55.73,true
456704,9.5147,204.11,0.9393,55.70,true
456832,9.5173,203.34,0.9338,55.64,true
456960,9.5200,202.74,0.9300,55.59,true
457088,9.5227,202.69,0.9305,55.58,true
457216,9.5253,202.65,0.9359,55.58,true
457344,9.5280,202.68,0.9464,55.58,true
457472,9.5307,202.67,0.9534,55.58,true
457600,9.5333,203.19,0.9611,55.62,true
457728,9.5360,203.33,0.9591,55.64,true
457856,9.5387,202.72,0.9661,55.58,true
457984,9.5413,202.74,0.9610,55.59,true
458112,9.5440,203.18,0.9603,55.62,true
458240,9.5467,202.71,0.9567,55.58,true
458368,9.5493,203.19,0.9549,55.62,true
458496,9.5520,203.23,0.9402,55.63,true
458624,9.5547,202.64,0.9196,55.58,true
458752,9.5573,202.47,0.9096,55.56,true
458880,9.5600,,,,false
459008,9.5627,,,,false
459136,9.5653,,,,false
459264,9.5680,,,,false
459392,9.5707,,,,false
459520,9.5733,,,,false
459648,9.5760,200.16,0.9153,55.36,true
459776,9.5787,200.81,0.9111,55.42,true
459904,9.5813,,,,false
460032,9.5840,,,,false
460160,9.5867,,,,false
460288,9.5893,,,,false
460416,9.5920,,,,false
460544,9.5947,,,,false
460672,9.5973,,,,false
460800,9.6000,,,,false
460928,9.6027,,,,false
461056,9.6053,,,,false
461184,9.6080,,,,false
461312,9.6107,,,,false
461440,9.6133,,,,false
461568,9.6160,,,,false
461696,9.6187,,,,false
461824,9.6213,,,,false
461952,9.6240,,,,false
462080,9.6267,,,,false
462208,9.6293,202.47,0.9006,55.56,true
462336,9.6320,202.50,0.9042,55.56,true
462464,9.6347,,,,false
462592,9.6373,,,,false
462720,9.6400,,,,false
462848,9.6427,,,,false
462976,9.6453,,,,false
463104,9.6480,,,,false
463232,9.6507,,,,false
463360,9.6533,,,,false
463488,9.6560,,,,false
463616,9.6587,203.39,0.9190,55.64,true
463744,9.6613,203.33,0.9266,55.64,true
463872,9.6640,203.36,0.9430,55.64,true
464000,9.6667,203.21,0.9495,55.63,true
464128,9.6693,203.21,0.9449,55.63,true
464256,9.6720,203.25,0.9452,55.63,true
464384,9.6747,202.60,0.9396,55.57,true
464512,9.6773,202.64,0.9469,55.58,true
464640,9.6800,202.65,0.9485,55.58,true
464768,9.6827,202.63,0.9532,55.58,true
464896,9.6853,203.21,0.9504,55.63,true
465024,9.6880,203.20,0.9557,55.63,true
465152,9.6907,203.31,0.9582,55.63,true
465280,9.6933,203.32,0.9587,55.63,true
465408,9.6960,203.46,0.9671,55.65,true
465536,9.6987,203.41,0.9683,55.64,true
465664,9.7013,203.54,0.9648,55.65,true
465792,9.7040,203.54,0.9426,55.65,true
465920,9.7067,204.16,0.9194,55.71,true
466048,9.7093,204.14,0.9121,55.70,true
466176,9.7120,204.23,0.9207,55.71,true
466304,9.7147,204.25,0.9257,55.71,true
466432,9.7173,204.29,0.9295,55.72,true
466560,9.7200,204.41,0.9322,55.73,true
466688,9.7227,204.45,0.9350,55.73,true
466816,9.7253,205.06,0.9525,55.78,true
466944,9.7280,204.47,0.9669,55.73,true
467072,9.7307,205.15,0.9772,55.79,true
467200,9.7333,205.25,0.9770,55.80,true
467328,9.7360,205.25,0.9768,55.80,true
467456,9.7387,205.29,0.9765,55.80,true
467584,9.7413,205.31,0.9747,55.80,true
467712,9.7440,205.80,0.9765,55.84,true
467840,9.7467,205.31,0.9780,55.80,true
467968,9.7493,205.80,0.9806,55.85,true
468096,9.7520,205.28,0.9825,55.80,true
468224,9.7547,205.25,0.9837,55.80,true
468352,9.7573,205.33,0.9826,55.81,true
468480,9.7600,205.30,0.9767,55.80,true
468608,9.7627,205.32,0.9779,55.80,true
468736,9.7653,205.22,0.9768,55.80,true
468864,9.7680,205.22,0.9715,55.80,true
468992,9.7707,205.11,0.9653,55.79,true
469120,9.7733,205.02,0.9612,55.78,true
469248,9.7760,204.44,0.9592,55.73,true
469376,9.7787,204.39,0.9572,55.73,true
469504,9.7813,204.36,0.9662,55.72,true
469632,9.7840,204.23,0.9678,55.71,true
469760,9.7867,204.21,0.9704,55.71,true
469888,9.7893,204.15,0.9760,55.71,true
470016,9.7920,204.15,0.9813,55.71,true
470144,9.7947,204.18,0.9812,55.71,true
470272,9.7973,204.26,0.9754,55.72,true
470400,9.8000,204.15,0.9809,55.71,true
470528,9.8027,204.21,0.9786,55.71,true
470656,9.8053,204.18,0.9798,55.71,true
470784,9.8080,204.09,0.9760,55.70,true
470912,9.8107,204.15,0.9747,55.71,true
471040,9.8133,204.24,0.9730,55.71,true
471168,9.8160,204.22,0.9755,55.71,true
471296,9.8187,204.10,0.9799,55.70,true
471424,9.8213,204.06,0.9804,55.70,true
471552,9.8240,204.15,0.9620,55.71,true
471680,9.8267,204.19,0.9557,55.71,true
471808,9.8293,204.25,0.9593,55.71,true
471936,9.8320,204.15,0.9541,55.71,true
472064,9.8347,204.15,0.9518,55.71,true
472192,9.8373,204.20,0.9517,55.71,true
472320,9.8400,204.25,0.9514,55.71,true
472448,9.8427,204.33,0.9510,55.72,true
472576,9.8453,204.06,0.9646,55.70,true
472704,9.8480,204.05,0.9689,55.70,true
472832,9.8507,203.57,0.9669,55.66,true
472960,9.8533,203.55,0.9674,55.65,true
473088,9.8560,203.50,0.9673,55.65,true
473216,9.8587,203.31,0.9589,55.63,true
473344,9.8613,202.74,0.9596,55.59,true
473472,9.8640,202.62,0.9605,55.58,true
473600,9.8667,202.62,0.9620,55.57,true
473728,9.8693,202.53,0.9652,55.57,true
473856,9.8720,202.48,0.9663,55.56,true
473984,9.8747,202.48,0.9662,55.56,true
474112,9.8773,201.87,0.9717,55.51,true
474240,9.8800,202.37,0.9772,55.55,true
474368,9.8827,202.34,0.9764,55.55,true
474496,9.8853,201.84,0.9727,55.51,true
474624,9.8880,201.85,0.9641,55.51,true
474752,9.8907,201.75,0.9506,55.50,true
474880,9.8933,201.62,0.9427,55.49,true
475008,9.8960,201.50,0.9369,55.48,true
475136,9.8987,200.99,0.9212,55.44,true
475264,9.9013,200.66,0.9142,55.41,true
475392,9.9040,,,,false
475520,9.9067,,,,false
475648,9.9093,,,,false
475776,9.9120,,,,false
475904,9.9147,,,,false
476032,9.9173,,,,false
476160,9.9200,199.09,0.9011,55.27,true
476288,9.9227,,,,false
476416,9.9253,200.03,0.9111,55.35,true
476544,9.9280,199.96,0.9159,55.35,true
476672,9.9307,200.02,0.9313,55.35,true
476800,9.9333,200.11,0.9308,55.36,true
476928,9.9360,200.06,0.9361,55.35,true
477056,9.9387,200.10,0.9206,55.36,true
477184,9.9413,200.15,0.9081,55.36,true
477312,9.9440,200.18,0.9098,55.37,true
477440,9.9467,200.09,0.9055,55.36,true
477568,9.9493,,,,false
477696,9.9520,,,,false
477824,9.9547,,,,false
477952,9.9573,,,,false
478080,9.9600,,,,false
478208,9.9627,,,,false
478336,9.9653,,,,false
478464,9.9680,,,,false
478592,9.9707,,,,false
478720,9.9733,,,,false
478848,9.9760,,,,false
478976,9.9787,,,,false
479104,9.9813,,,,false
479232,9.9840,,,,false
479360,9.9867,,,,false
479488,9.9893,,,,false
479616,9.9920,,,,false
479744,9.9947,,,,false
479872,9.9973,,,,false
480000,10.0000,,,,false
480128,10.0027,,,,false
480256,10.0053,,,,false
480384,10.0080,,,,false
480512,10.0107,,,,false
480640,10.0133,,,,false
480768,10.0160,,,,false
480896,10.0187,,,,false
481024,10.0213,,,,false
481152,10.0240,,,,false
481280,10.0267,,,,false
481408,10.0293,,,,false
481536,10.0320,,,,false
481664,10.0347,,,,false
481792,10.0373,,,,false
481920,10.0400,,,,false
482048,10.0427,,,,false
482176,10.0453,,,,false
482304,10.0480,203.38,0.9104,55.64,true
482432,10.0507,203.38,0.9374,55.64,true
482560,10.0533,203.42,0.9449,55.64,true
482688,10.0560,203.46,0.9495,55.65,true
482816,10.0587,203.58,0.9446,55.66,true
482944,10.0613,204.11,0.9409,55.70,true
483072,10.0640,204.21,0.9419,55.71,true
483200,10.0667,204.22,0.9399,55.71,true
483328,10.0693,204.47,0.9324,55.73,true
483456,10.0720,204.31,0.9231,55.72,true
483584,10.0747,204.34,0.9310,55.72,true
483712,10.0773,204.26,0.9238,55.71,true
483840,10.0800,204.24,0.9340,55.71,true
483968,10.0827,204.19,0.9426,55.71,true
484096,10.0853,204.14,0.9456,55.70,true
484224,10.0880,204.14,0.9486,55.70,true
484352,10.0907,203.59,0.9580,55.66,true
484480,10.0933,204.17,0.9707,55.71,true
484608,10.0960,204.26,0.9723,55.72,true
484736,10.0987,204.16,0.9563,55.71,true
484864,10.1013,204.14,0.9430,55.70,true
484992,10.1040,204.07,0.9413,55.70,true
485120,10.1067,204.11,0.9283,55.70,true
485248,10.1093,204.07,0.9180,55.70,true
485376,10.1120,204.08,0.9195,55.70,true
485504,10.1147,203.51,0.9160,55.65,true
485632,10.1173,203.38,0.9178,55.64,true
485760,10.1200,203.54,0.9364,55.65,true
485888,10.1227,203.45,0.9512,55.65,true
486016,10.1253,203.41,0.9501,55.64,true
486144,10.1280,203.30,0.9660,55.63,true
486272,10.1307,203.35,0.9785,55.64,true
486400,10.1333,203.25,0.9745,55.63,true
486528,10.1360,203.21,0.9734,55.63,true
486656,10.1387,202.71,0.9690,55.58,true
486784,10.1413,202.56,0.9566,55.57,true
486912,10.1440,202.50,0.9423,55.56,true
487040,10.1467,202.53,0.9284,55.57,true
487168,10.1493,202.40,0.9196,55.56,true
487296,10.1520,201.76,0.9085,55.50,true
487424,10.1547,201.69,0.9008,55.50,true
487552,10.1573,,,,false
487680,10.1600,,,,false
487808,10.1627,,,,false
487936,10.1653,,,,false
488064,10.1680,,,,false
488192,10.1707,,,,false
488320,10.1733,,,,false
488448,10.1760,,,,false
488576,10.1787,,,,false
488704,10.1813,,,,false
488832,10.1840,,,,false
488960,10.1867,,,,false
489088,10.1893,,,,false
489216,10.1920,,,,false
489344,10.1947,,,,false
489472,10.1973,200.69,0.9101,55.41,true
489600,10.2000,200.67,0.9227,55.41,true
489728,10.2027,200.66,0.9296,55.41,true
489856,10.2053,200.87,0.9315,55.42,true
489984,10.2080,200.91,0.9204,55.43,true
490112,10.2107,200.91,0.9268,55.43,true
490240,10.2133,200.93,0.9246,55.43,true
490368,10.2160,200.78,0.9332,55.42,true
490496,10.2187,200.71,0.9300,55.41,true
490624,10.2213,200.83,0.9138,55.42,true
490752,10.2240,201.47,0.9118,55.48,true
490880,10.2267,201.49,0.9211,55.48,true
491008,10.2293,201.57,0.9226,55.49,true
491136,10.2320,,,,false
491264,10.2347,,,,false
491392,10.2373,,,,false
491520,10.2400,,,,false
491648,10.2427,,,,false
491776,10.2453,,,,false
491904,10.2480,,,,false
492032,10.2507,,,,false
492160,10.2533,,,,false
492288,10.2560,,,,false
492416,10.2587,,,,false
492544,10.2613,,,,false
492672,10.2640,,,,false
492800,10.2667,,,,false
492928,10.2693,,,,false
493056,10.2720,,,,false
493184,10.2747,,,,false
493312,10.2773,,,,false
493440,10.2800,,,,false
493568,10.2827,,,,false
493696,10.2853,,,,false
493824,10.2880,,,,false
493952,10.2907,,,,false
494080,10.2933,,,,false
494208,10.2960,,,,false
494336,10.2987,205.08,0.9174,55.78,true
494464,10.3013,205.13,0.9217,55.79,true
494592,10.3040,205.80,0.9423,55.85,true
494720,10.3067,205.98,0.9577,55.86,true
494848,10.3093,206.19,0.9592,55.88,true
494976,10.3120,206.83,0.9647,55.93,true
495104,10.3147,206.99,0.9703,55.94,true
495232,10.3173,207.63,0.9330,56.00,true
495360,10.3200,,,,false
495488,10.3227,,,,false
495616,10.3253,,,,false
495744,10.3280,,,,false
495872,10.3307,,,,false
496000,10.3333,,,,false
496128,10.3360,,,,false
496256,10.3387,,,,false
496384,10.3413,,,,false
496512,10.3440,,,,false
496640,10.3467,,,,false
496768,10.3493,,,,false
496896,10.3520,211.35,0.9389,56.31,true
497024,10.3547,211.30,0.9641,56.30,true
497152,10.3573,211.37,0.9814,56.31,true
497280,10.3600,211.33,0.9772,56.30,true
497408,10.3627,211.41,0.9615,56.31,true
497536,10.3653,211.46,0.9623,56.31,true
497664,10.3680,211.52,0.9639,56.32,true
497792,10.3707,211.52,0.9592,56.32,true
497920,10.3733,211.49,0.9543,56.32,true
498048,10.3760,211.46,0.9544,56.31,true
498176,10.3787,211.46,0.9523,56.31,true
498304,10.3813,211.47,0.9515,56.32,true
498432,10.3840,211.39,0.9616,56.31,true
498560,10.3867,211.30,0.9437,56.30,true
498688,10.3893,211.35,0.9365,56.31,true
498816,10.3920,211.38,0.9389,56.31,true
498944,10.3947,211.52,0.9207,56.32,true
499072,10.3973,211.53,0.9112,56.32,true
499200,10.4000,211.54,0.9113,56.32,true
499328,10.4027,211.56,0.9179,56.32,true
499456,10.4053,211.59,0.9178,56.33,true
499584,10.4080,211.65,0.9332,56.33,true
499712,10.4107,211.44,0.9278,56.31,true
499840,10.4133,211.38,0.9178,56.31,true
499968,10.4160,210.73,0.9305,56.25,true
500096,10.4187,210.56,0.9335,56.24,true
500224,10.4213,210.35,0.9313,56.22,true
500352,10.4240,209.71,0.9240,56.17,true
500480,10.4267,209.59,0.9093,56.16,true
500608,10.4293,,,,false
500736,10.4320,,,,false
500864,10.4347,,,,false
500992,10.4373,,,,false
501120,10.4400,,,,false
501248,10.4427,,,,false
501376,10.4453,,,,false
501504,10.4480,,,,false
501632,10.4507,,,,false
501760,10.4533,,,,false
501888,10.4560,,,,false
502016,10.4587,,,,false
502144,10.4613,,,,false
502272,10.4640,,,,false
502400,10.4667,,,,false
502528,10.4693,,,,false
502656,10.4720,,,,false
502784,10.4747,,,,false
502912,10.4773,,,,false
503040,10.4800,,,,false
503168,10.4827,,,,false
503296,10.4853,,,,false
503424,10.4880,,,,false
503552,10.4907,,,,false
503680,10.4933,,,,false
503808,10.4960,,,,false
503936,10.4987,,,,false
504064,10.5013,,,,false
504192,10.5040,,,,false
504320,10.5067,,,,false
504448,10.5093,,,,false
504576,10.5120,,,,false
504704,10.5147,,,,false
504832,10.5173,,,,false
504960,10.5200,,,,false
505088,10.5227,,,,false
505216,10.5253,,,,false
505344,10.5280,,,,false
505472,10.5307,,,,false
505600,10.5333,,,,false
505728,10.5360,,,,false
505856,10.5387,,,,false
505984,10.5413,,,,false
506112,10.5440,,,,false
506240,10.5467,,,,false
506368,10.5493,,,,false
506496,10.5520,,,,false
506624,10.5547,,,,false
506752,10.5573,,,,false
506880,10.5600,,,,false
507008,10.5627,,,,false
507136,10.5653,,,,false
507264,10.5680,,,,false
507392,10.5707,,,,false
507520,10.5733,,,,false
507648,10.5760,,,,false
507776,10.5787,,,,false
507904,10.5813,,,,false
508032,10.5840,200.87,0.9018,55.42,true
508160,10.5867,,,,false
508288,10.5893,,,,false
508416,10.5920,,,,false
508544,10.5947,,,,false
508672,10.5973,,,,false
508800,10.6000,,,,false
508928,10.6027,,,,false
509056,10.6053,,,,false
509184,10.6080,,,,false
509312,10.6107,,,,false
509440,10.6133,,,,false
509568,10.6160,,,,false
509696,10.6187,,,,false
509824,10.6213,,,,false
509952,10.6240,,,,false
510080,10.6267,205.88,0.9221,55.85,true
510208,10.6293,205.87,0.9302,55.85,true
510336,10.6320,205.87,0.9550,55.85,true
510464,10.6347,205.85,0.9591,55.85,true
510592,10.6373,205.30,0.9601,55.80,true
510720,10.6400,205.23,0.9594,55.80,true
510848,10.6427,205.24,0.9544,55.80,true
510976,10.6453,205.30,0.9523,55.80,true
511104,10.6480,205.25,0.9555,55.80,true
511232,10.6507,205.24,0.9700,55.80,true
511360,10.6533,205.23,0.9649,55.80,true
511488,10.6560,205.23,0.9671,55.80,true
511616,10.6587,205.25,0.9712,55.80,true
511744,10.6613,205.25,0.9737,55.80,true
511872,10.6640,205.22,0.9781,55.80,true
512000,10.6667,205.11,0.9810,55.79,true
512128,10.6693,205.02,0.9770,55.78,true
512256,10.6720,205.02,0.9721,55.78,true
512384,10.6747,204.46,0.9781,55.73,true
512512,10.6773,204.46,0.9731,55.73,true
512640,10.6800,204.30,0.9649,55.72,true
512768,10.6827,204.28,0.9643,55.72,true
512896,10.6853,204.24,0.9635,55.71,true
513024,10.6880,204.11,0.9309,55.70,true
513152,10.6907,204.25,0.9056,55.71,true
513280,10.6933,204.07,0.9099,55.70,true
513408,10.6960,,,,false
513536,10.6987,,,,false
513664,10.7013,,,,false
513792,10.7040,,,,false
513920,10.7067,,,,false
514048,10.7093,,,,false
514176,10.7120,202.71,0.9018,55.58,true
514304,10.7147,203.18,0.9008,55.62,true
514432,10.7173,203.18,0.9174,55.62,true
514560,10.7200,203.23,0.9093,55.63,true
514688,10.7227,202.71,0.9011,55.58,true
514816,10.7253,202.54,0.9008,55.57,true
514944,10.7280,202.59,0.9100,55.57,true
515072,10.7307,202.42,0.9279,55.56,true
515200,10.7333,202.40,0.9144,55.56,true
515328,10.7360,201.80,0.9052,55.51,true
515456,10.7387,,,,false
515584,10.7413,,,,false
515712,10.7440,,,,false
515840,10.7467,,,,false
515968,10.7493,,,,false
516096,10.7520,,,,false
516224,10.7547,,,,false
516352,10.7573,,,,false
516480,10.7600,,,,false
516608,10.7627,,,,false
516736,10.7653,,,,false
516864,10.7680,,,,false
516992,10.7707,,,,false
517120,10.7733,,,,false
517248,10.7760,,,,false
517376,10.7787,,,,false
517504,10.7813,,,,false
517632,10.7840,,,,false
517760,10.7867,,,,false
517888,10.7893,198.15,0.9022,55.19,true
518016,10.7920,197.69,0.9108,55.15,true
518144,10.7947,197.57,0.9166,55.14,true
518272,10.7973,197.47,0.9051,55.13,true
518400,10.8000,197.48,0.9013,55.13,true
518528,10.8027,,,,false
518656,10.8053,,,,false
518784,10.8080,,,,false
518912,10.8107,197.34,0.9011,55.12,true
519040,10.8133,,,,false
519168,10.8160,,,,false
519296,10.8187,,,,false
519424,10.8213,,,,false
519552,10.8240,197.72,0.9021,55.15,true
519680,10.8267,197.63,0.9168,55.14,true
519808,10.8293,197.50,0.9396,55.13,true
519936,10.8320,197.58,0.9448,55.14,true
520064,10.8347,198.17,0.9410,55.19,true
520192,10.8373,197.44,0.9028,55.13,true
520320,10.8400,,,,false
520448,10.8427,,,,false
520576,10.8453,,,,false
520704,10.8480,,,,false
520832,10.8507,,,,false
520960,10.8533,,,,false
521088,10.8560,,,,false
521216,10.8587,,,,false
521344,10.8613,,,,false
521472,10.8640,,,,false
521600,10.8667,,,,false
521728,10.8693,,,,false
521856,10.8720,,,,false
521984,10.8747,,,,false
522112,10.8773,199.25,0.9177,55.29,true
522240,10.8800,199.88,0.9428,55.34,true
522368,10.8827,199.94,0.9673,55.34,true
522496,10.8853,199.98,0.9645,55.35,true
522624,10.8880,200.02,0.9669,55.35,true
522752,10.8907,200.08,0.9676,55.36,true
522880,10.8933,200.17,0.9689,55.36,true
523008,10.8960,200.66,0.9641,55.41,true
523136,10.8987,200.71,0.9631,55.41,true
523264,10.9013,200.75,0.9681,55.41,true
523392,10.9040,606.37,0.9062,74.55,true
523520,10.9067,605.91,0.9194,74.54,true
523648,10.9093,607.10,0.9220,74.57,true
523776,10.9120,601.77,0.9156,74.42,true
523904,10.9147,607.50,0.9053,74.58,true
524032,10.9173,201.64,0.9234,55.49,true
524160,10.9200,201.84,0.9173,55.51,true
524288,10.9227,202.39,0.9054,55.56,true
524416,10.9253,202.69,0.9042,55.58,true
524544,10.9280,203.25,0.9204,55.63,true
524672,10.9307,203.33,0.9251,55.64,true
524800,10.9333,203.50,0.9317,55.65,true
524928,10.9360,203.39,0.9414,55.64,true
525056,10.9387,203.44,0.9564,55.65,true
525184,10.9413,203.45,0.9627,55.65,true
525312,10.9440,203.43,0.9690,55.64,true
525440,10.9467,203.34,0.9695,55.64,true
525568,10.9493,203.41,0.9572,55.64,true
525696,10.9520,203.52,0.9567,55.65,true
525824,10.9547,203.57,0.9598,55.66,true
525952,10.9573,203.59,0.9627,55.66,true
526080,10.9600,203.56,0.9639,55.66,true
526208,10.9627,203.56,0.9641,55.66,true
526336,10.9653,203.43,0.9659,55.64,true
526464,10.9680,203.36,0.9649,55.64,true
526592,10.9707,203.28,0.9739,55.63,true
526720,10.9733,203.20,0.9764,55.62,true
526848,10.9760,202.58,0.9789,55.57,true
526976,10.9787,202.49,0.9772,55.56,true
527104,10.9813,202.53,0.9754,55.57,true
527232,10.9840,202.45,0.9773,55.56,true
527360,10.9867,202.49,0.9781,55.56,true
527488,10.9893,202.45,0.9798,55.56,true
527616,10.9920,202.46,0.9806,55.56,true
527744,10.9947,202.47,0.9803,55.56,true
527872,10.9973,202.51,0.9801,55.57,true
528000,11.0000,202.58,0.9810,55.57,true
528128,11.0027,202.56,0.9809,55.57,true
528256,11.0053,202.54,0.9800,55.57,true
528384,11.0080,202.50,0.9747,55.57,true
528512,11.0107,202.46,0.9708,55.56,true
528640,11.0133,202.35,0.9669,55.55,true
528768,11.0160,201.79,0.9627,55.50,true
528896,11.0187,201.66,0.9585,55.49,true
529024,11.0213,201.54,0.9568,55.48,true
529152,11.0240,201.00,0.9612,55.44,true
529280,11.0267,201.00,0.9558,55.44,true
529408,11.0293,201.48,0.9476,55.48,true
529536,11.0320,201.54,0.9494,55.48,true
529664,11.0347,201.54,0.9472,55.48,true
529792,11.0373,201.53,0.9476,55.48,true
529920,11.0400,200.99,0.9388,55.44,true
530048,11.0427,200.88,0.9279,55.43,true
530176,11.0453,200.74,0.9177,55.41,true
530304,11.0480,,,,false
530432,11.0507,,,,false
530560,11.0533,,,,false
530688,11.0560,,,,false
530816,11.0587,,,,false
530944,11.0613,,,,false
531072,11.0640,,,,false
531200,11.0667,,,,false
531328,11.0693,,,,false
531456,11.0720,,,,false
531584,11.0747,,,,false
531712,11.0773,,,,false
531840,11.0800,,,,false
531968,11.0827,,,,false
532096,11.0853,,,,false
532224,11.0880,,,,false
532352,11.0907,,,,false
532480,11.0933,,,,false
532608,11.0960,,,,false
532736,11.0987,,,,false
532864,11.1013,,,,false
532992,11.1040,,,,false
533120,11.1067,,,,false
533248,11.1093,,,,false
533376,11.1120,,,,false
533504,11.1147,,,,false
533632,11.1173,,,,false
533760,11.1200,,,,false
533888,11.1227,,,,false
534016,11.1253,,,,false
534144,11.1280,,,,false
534272,11.1307,,,,false
534400,11.1333,,,,false
534528,11.1360,,,,false
534656,11.1387,,,,false
534784,11.1413,,,,false
534912,11.1440,,,,false
535040,11.1467,,,,false
535168,11.1493,,,,false
535296,11.1520,,,,false
535424,11.1547,,,,false
535552,11.1573,,,,false
535680,11.1600,,,,false
535808,11.1627,,,,false
535936,11.1653,,,,false
536064,11.1680,,,,false
536192,11.1707,,,,false
536320,11.1733,,,,false
536448,11.1760,,,,false
536576,11.1787,,,,false
536704,11.1813,,,,false
536832,11.1840,68.01,0.9092,36.68,true
536960,11.1867,68.01,0.9317,36.68,true
537088,11.1893,204.19,0.9102,55.71,true
537216,11.1920,204.24,0.9304,55.71,true
537344,11.1947,204.23,0.9361,55.71,true
537472,11.1973,204.15,0.9595,55.71,true
537600,11.2000,204.24,0.9765,55.71,true
537728,11.2027,204.22,0.9734,55.71,true
537856,11.2053,204.44,0.9482,55.73,true
537984,11.2080,204.40,0.9156,55.73,true
538112,11.2107,,,,false
538240,11.2133,,,,false
538368,11.2160,,,,false
538496,11.2187,,,,false
538624,11.2213,,,,false
538752,11.2240,,,,false
538880,11.2267,,,,false
539008,11.2293,,,,false
539136,11.2320,,,,false
539264,11.2347,,,,false
539392,11.2373,,,,false
539520,11.2400,,,,false
539648,11.2427,204.98,0.9076,55.78,true
539776,11.2453,204.35,0.9454,55.72,true
539904,11.2480,204.42,0.9393,55.73,true
540032,11.2507,204.37,0.9412,55.72,true
540160,11.2533,204.28,0.9414,55.72,true
540288,11.2560,204.27,0.9388,55.72,true
540416,11.2587,204.24,0.9180,55.71,true
540544,11.2613,204.17,0.9213,55.71,true
540672,11.2640,204.19,0.9033,55.71,true
540800,11.2667,204.23,0.9046,55.71,true
540928,11.2693,204.24,0.9103,55.71,true
541056,11.2720,204.21,0.9210,55.71,true
541184,11.2747,204.23,0.9207,55.71,true
541312,11.2773,204.25,0.9160,55.71,true
541440,11.2800,204.29,0.9312,55.72,true
541568,11.2827,204.42,0.9394,55.73,true
541696,11.2853,204.31,0.9642,55.72,true
541824,11.2880,204.25,0.9580,55.71,true
541952,11.2907,204.15,0.9614,55.71,true
542080,11.2933,204.09,0.9604,55.70,true
542208,11.2960,203.56,0.9510,55.66,true
542336,11.2987,203.50,0.9563,55.65,true
542464,11.3013,203.41,0.9483,55.64,true
542592,11.3040,202.71,0.9221,55.58,true
542720,11.3067,202.68,0.9057,55.58,true
542848,11.3093,202.60,0.9106,55.57,true
542976,11.3120,202.37,0.9073,55.55,true
543104,11.3147,,,,false
543232,11.3173,,,,false
543360,11.3200,,,,false
543488,11.3227,,,,false
543616,11.3253,,,,false
543744,11.3280,,,,false
543872,11.3307,,,,false
544000,11.3333,,,,false
544128,11.3360,,,,false
544256,11.3387,,,,false
544384,11.3413,,,,false
544512,11.3440,,,,false
544640,11.3467,,,,false
544768,11.3493,198.47,0.9011,55.22,true
544896,11.3520,199.01,0.9037,55.26,true
545024,11.3547,199.01,0.9248,55.26,true
545152,11.3573,199.07,0.9215,55.27,true
545280,11.3600,,,,false
545408,11.3627,,,,false
545536,11.3653,,,,false
545664,11.3680,,,,false
545792,11.3707,,,,false
545920,11.3733,,,,false
546048,11.3760,,,,false
546176,11.3787,,,,false
546304,11.3813,,,,false
546432,11.3840,,,,false
546560,11.3867,,,,false
546688,11.3893,,,,false
546816,11.3920,,,,false
546944,11.3947,,,,false
547072,11.3973,,,,false
547200,11.4000,,,,false
547328,11.4027,,,,false
547456,11.4053,,,,false
547584,11.4080,,,,false
547712,11.4107,,,,false
547840,11.4133,,,,false
547968,11.4160,,,,false
548096,11.4187,,,,false
548224,11.4213,,,,false
548352,11.4240,,,,false
548480,11.4267,,,,false
548608,11.4293,,,,false
548736,11.4320,,,,false
548864,11.4347,199.01,0.9076,55.26,true
548992,11.4373,198.99,0.9329,55.26,true
549120,11.4400,199.14,0.9375,55.28,true
549248,11.4427,199.24,0.9520,55.28,true
549376,11.4453,199.28,0.9588,55.29,true
549504,11.4480,199.82,0.9673,55.33,true
549632,11.4507,199.82,0.9534,55.33,true
549760,11.4533,199.85,0.9002,55.34,true
549888,11.4560,,,,false
550016,11.4587,,,,false
550144,11.4613,,,,false
550272,11.4640,,,,false
550400,11.4667,,,,false
550528,11.4693,,,,false
550656,11.4720,,,,false
550784,11.4747,,,,false
550912,11.4773,,,,false
551040,11.4800,,,,false
551168,11.4827,,,,false
551296,11.4853,,,,false
551424,11.4880,,,,false
551552,11.4907,,,,false
551680,11.4933,199.92,0.9262,55.34,true
551808,11.4960,199.88,0.9275,55.34,true
551936,11.4987,200.11,0.9267,55.36,true
552064,11.5013,200.71,0.9303,55.41,true
552192,11.5040,200.81,0.9263,55.42,true
552320,11.5067,200.87,0.9317,55.43,true
552448,11.5093,200.97,0.9427,55.43,true
552576,11.5120,607.77,0.9069,74.59,true
552704,11.5147,601.73,0.9105,74.42,true
552832,11.5173,607.58,0.9143,74.59,true
552960,11.5200,601.08,0.9102,74.40,true
553088,11.5227,201.75,0.9217,55.50,true
553216,11.5253,201.80,0.9262,55.50,true
553344,11.5280,,,,false
553472,11.5307,,,,false
553600,11.5333,,,,false
553728,11.5360,,,,false
553856,11.5387,,,,false
553984,11.5413,,,,false
554112,11.5440,,,,false
554240,11.5467,,,,false
554368,11.5493,,,,false
554496,11.5520,,,,false
554624,11.5547,,,,false
554752,11.5573,,,,false
554880,11.5600,202.57,0.9002,55.57,true
555008,11.5627,202.60,0.9049,55.57,true
555136,11.5653,202.54,0.9315,55.57,true
555264,11.5680,202.38,0.9524,55.55,true
555392,11.5707,202.50,0.9488,55.56,true
555520,11.5733,202.38,0.9372,55.55,true
555648,11.5760,,,,false
555776,11.5787,,,,false
555904,11.5813,,,,false
556032,11.5840,,,,false
556160,11.5867,,,,false
556288,11.5893,,,,false
556416,11.5920,,,,false
556544,11.5947,,,,false
556672,11.5973,,,,false
556800,11.6000,199.96,0.9144,55.35,true
556928,11.6027,,,,false
557056,11.6053,,,,false
557184,11.6080,,,,false
557312,11.6107,,,,false
557440,11.6133,,,,false
557568,11.6160,199.24,0.9114,55.28,true
557696,11.6187,199.31,0.9048,55.29,true
557824,11.6213,199.80,0.9142,55.33,true
557952,11.6240,199.86,0.9282,55.34,true
558080,11.6267,199.32,0.9312,55.29,true
558208,11.6293,199.17,0.9297,55.28,true
558336,11.6320,199.33,0.9211,55.29,true
558464,11.6347,199.87,0.9214,55.34,true
558592,11.6373,199.87,0.9292,55.34,true
558720,11.6400,200.01,0.9350,55.35,true
558848,11.6427,199.82,0.9157,55.33,true
558976,11.6453,199.20,0.9203,55.28,true
559104,11.6480,199.27,0.9142,55.29,true
559232,11.6507,199.86,0.9185,55.34,true
559360,11.6533,199.84,0.9305,55.34,true
559488,11.6560,199.79,0.9315,55.33,true
559616,11.6587,199.07,0.9221,55.27,true
559744,11.6613,198.36,0.9276,55.21,true
559872,11.6640,198.44,0.9444,55.21,true
560000,11.6667,198.55,0.9421,55.22,true
560128,11.6693,199.10,0.9512,55.27,true
560256,11.6720,198.53,0.9479,55.22,true
560384,11.6747,198.35,0.9505,55.21,true
560512,11.6773,198.28,0.9488,55.20,true
560640,11.6800,198.32,0.9591,55.20,true
560768,11.6827,198.51,0.9513,55.22,true
560896,11.6853,198.97,0.9494,55.26,true
561024,11.6880,198.52,0.9505,55.22,true
561152,11.6907,198.36,0.9467,55.21,true
561280,11.6933,198.49,0.9501,55.22,true
561408,11.6960,198.54,0.9367,55.22,true
561536,11.6987,198.98,0.9256,55.26,true
561664,11.7013,199.14,0.9001,55.28,true
561792,11.7040,199.01,0.9015,55.26,true
561920,11.7067,99.22,0.9283,43.21,true
562048,11.7093,99.20,0.9290,43.21,true
562176,11.7120,99.19,0.9307,43.21,true
562304,11.7147,99.14,0.9301,43.20,true
562432,11.7173,99.01,0.9283,43.18,true
562560,11.7200,98.99,0.9198,43.17,true
562688,11.7227,98.98,0.9248,43.17,true
562816,11.7253,198.28,0.9036,55.20,true
562944,11.7280,99.00,0.9327,43.18,true
563072,11.7307,197.72,0.9012,55.15,true
563200,11.7333,198.16,0.9166,55.19,true
563328,11.7360,198.15,0.9089,55.19,true
563456,11.7387,197.61,0.9125,55.14,true
563584,11.7413,99.16,0.9286,43.20,true
563712,11.7440,198.42,0.9073,55.21,true
563840,11.7467,198.36,0.9144,55.21,true
563968,11.7493,198.44,0.9284,55.21,true
564096,11.7520,198.48,0.9314,55.22,true
564224,11.7547,198.98,0.9345,55.26,true
564352,11.7573,199.05,0.9386,55.27,true
564480,11.7600,199.30,0.9404,55.29,true
564608,11.7627,199.32,0.9507,55.29,true
564736,11.7653,199.11,0.9485,55.27,true
564864,11.7680,199.16,0.9464,55.28,true
564992,11.7707,199.36,0.9308,55.29,true
565120,11.7733,199.81,0.9252,55.33,true
565248,11.7760,199.96,0.9137,55.35,true
565376,11.7787,199.96,0.9168,55.35,true
565504,11.7813,199.93,0.9205,55.34,true
565632,11.7840,199.95,0.9200,55.35,true
565760,11.7867,200.19,0.9225,55.37,true
565888,11.7893,200.68,0.9228,55.41,true
566016,11.7920,200.64,0.9044,55.41,true
566144,11.7947,200.69,0.9087,55.41,true
566272,11.7973,200.64,0.9170,55.40,true
566400,11.8000,200.70,0.9199,55.41,true
566528,11.8027,200.78,0.9160,55.42,true
566656,11.8053,200.83,0.9218,55.42,true
566784,11.8080,200.79,0.9250,55.42,true
566912,11.8107,200.74,0.9287,55.41,true
567040,11.8133,200.19,0.9588,55.37,true
567168,11.8160,200.13,0.9051,55.36,true
567296,11.8187,,,,false
567424,11.8213,,,,false
567552,11.8240,,,,false
567680,11.8267,,,,false
567808,11.8293,,,,false
567936,11.8320,,,,false
568064,11.8347,,,,false
568192,11.8373,,,,false
568320,11.8400,,,,false
568448,11.8427,,,,false
568576,11.8453,,,,false
568704,11.8480,,,,false
568832,11.8507,,,,false
568960,11.8533,,,,false
569088,11.8560,,,,false
569216,11.8587,,,,false
569344,11.8613,,,,false
569472,11.8640,,,,false
569600,11.8667,,,,false
569728,11.8693,,,,false
569856,11.8720,,,,false
569984,11.8747,,,,false
570112,11.8773,,,,false
570240,11.8800,200.08,0.9099,55.36,true
570368,11.8827,200.06,0.9157,55.36,true
570496,11.8853,199.90,0.9122,55.34,true
570624,11.8880,199.31,0.9071,55.29,true
570752,11.8907,199.91,0.9083,55.34,true
570880,11.8933,200.05,0.9081,55.35,true
571008,11.8960,199.90,0.9060,55.34,true
571136,11.8987,99.95,0.9309,43.34,true
571264,11.9013,99.84,0.9239,43.32,true
571392,11.9040,99.95,0.9256,43.34,true
571520,11.9067,200.05,0.9042,55.35,true
571648,11.9093,200.04,0.9227,55.35,true
571776,11.9120,199.83,0.9209,55.34,true
571904,11.9147,199.17,0.9346,55.28,true
572032,11.9173,199.12,0.9207,55.27,true
572160,11.9200,199.04,0.9219,55.27,true
572288,11.9227,198.98,0.9068,55.26,true
572416,11.9253,198.98,0.9089,55.26,true
572544,11.9280,,,,false
572672,11.9307,,,,false
572800,11.9333,,,,false
572928,11.9360,,,,false
573056,11.9387,,,,false
573184,11.9413,,,,false
573312,11.9440,,,,false
573440,11.9467,,,,false
573568,11.9493,,,,false
573696,11.9520,,,,false
573824,11.9547,,,,false
573952,11.9573,,,,false
574080,11.9600,,,,false
574208,11.9627,,,,false
574336,11.9653,,,,false
574464,11.9680,,,,false
574592,11.9707,198.24,0.9076,55.20,true
574720,11.9733,,,,false
574848,11.9760,,,,false
574976,11.9787,,,,false
575104,11.9813,,,,false
575232,11.9840,197.70,0.9021,55.15,true
575360,11.9867,198.21,0.9004,55.19,true
575488,11.9893,198.35,0.9107,55.21,true
575616,11.9920,198.55,0.9197,55.22,true
575744,11.9947,198.19,0.9392,55.19,true
575872,11.9973,198.19,0.9112,55.19,true
576000,12.0000,,,,false
576128,12.0027,,,,false
576256,12.0053,,,,false
576384,12.0080,,,,false
576512,12.0107,66.13,0.9063,36.19,true
576640,12.0133,66.21,0.9343,36.21,true
576768,12.0160,66.30,0.9392,36.24,true
576896,12.0187,66.37,0.9358,36.25,true
577024,12.0213,,,,false
577152,12.0240,,,,false
577280,12.0267,,,,false
577408,12.0293,,,,false
577536,12.0320,,,,false
577664,12.0347,,,,false
577792,12.0373,,,,false
577920,12.0400,,,,false
578048,12.0427,,,,false
578176,12.0453,,,,false
578304,12.0480,,,,false
578432,12.0507,,,,false
578560,12.0533,,,,false
578688,12.0560,,,,false
578816,12.0587,,,,false
578944,12.0613,,,,false
579072,12.0640,,,,false
579200,12.0667,,,,false
579328,12.0693,,,,false
579456,12.0720,,,,false
579584,12.0747,,,,false
579712,12.0773,,,,false
579840,12.0800,,,,false
579968,12.0827,,,,false
580096,12.0853,,,,false
580224,12.0880,,,,false
580352,12.0907,,,,false
580480,12.0933,,,,false
580608,12.0960,,,,false
580736,12.0987,,,,false
580864,12.1013,205.81,0.9045,55.85,true
580992,12.1040,205.80,0.9120,55.84,true
581120,12.1067,205.85,0.9244,55.85,true
581248,12.1093,205.91,0.9418,55.85,true
581376,12.1120,205.90,0.9320,55.85,true
581504,12.1147,206.09,0.9109,55.87,true
581632,12.1173,206.01,0.9069,55.86,true
581760,12.1200,103.25,0.9150,43.90,true
581888,12.1227,103.44,0.9134,43.94,true
582016,12.1253,,,,false
582144,12.1280,,,,false
582272,12.1307,,,,false
582400,12.1333,,,,false
582528,12.1360,,,,false
582656,12.1387,,,,false
582784,12.1413,,,,false
582912,12.1440,,,,false
583040,12.1467,,,,false
583168,12.1493,,,,false
583296,12.1520,,,,false
583424,12.1547,,,,false
583552,12.1573,,,,false
583680,12.1600,,,,false
583808,12.1627,206.93,0.9192,55.94,true
583936,12.1653,206.72,0.9610,55.92,true
584064,12.1680,206.70,0.9765,55.92,true
584192,12.1707,205.92,0.9593,55.85,true
584320,12.1733,,,,false
584448,12.1760,,,,false
584576,12.1787,,,,false
584704,12.1813,,,,false
584832,12.1840,,,,false
584960,12.1867,,,,false
585088,12.1893,,,,false
585216,12.1920,,,,false
585344,12.1947,,,,false
585472,12.1973,,,,false
585600,12.2000,,,,false
585728,12.2027,,,,false
585856,12.2053,,,,false
585984,12.2080,,,,false
586112,12.2107,203.19,0.9051,55.62,true
586240,12.2133,202.73,0.9047,55.58,true
586368,12.2160,202.65,0.9048,55.58,true
586496,12.2187,202.57,0.9079,55.57,true
586624,12.2213,202.53,0.9212,55.57,true
586752,12.2240,201.84,0.9360,55.51,true
586880,12.2267,201.84,0.9536,55.51,true
587008,12.2293,201.68,0.9603,55.49,true
587136,12.2320,201.67,0.9214,55.49,true
587264,12.2347,,,,false
587392,12.2373,,,,false
587520,12.2400,,,,false
587648,12.2427,,,,false
587776,12.2453,,,,false
587904,12.2480,,,,false
588032,12.2507,,,,false
588160,12.2533,,,,false
588288,12.2560,,,,false
588416,12.2587,,,,false
588544,12.2613,,,,false
588672,12.2640,,,,false
588800,12.2667,,,,false
588928,12.2693,200.15,0.9084,55.36,true
589056,12.2720,,,,false
589184,12.2747,,,,false
589312,12.2773,,,,false
589440,12.2800,,,,false
589568,12.2827,200.99,0.9005,55.44,true
589696,12.2853,,,,false
589824,12.2880,,,,false
589952,12.2907,,,,false
590080,12.2933,,,,false
590208,12.2960,,,,false
590336,12.2987,,,,false
590464,12.3013,,,,false
590592,12.3040,,,,false
590720,12.3067,,,,false
590848,12.3093,,,,false
590976,12.3120,,,,false
591104,12.3147,,,,false
591232,12.3173,,,,false
591360,12.3200,203.60,0.9089,55.66,true
591488,12.3227,204.05,0.9287,55.70,true
591616,12.3253,203.54,0.9424,55.65,true
591744,12.3280,204.10,0.9530,55.70,true
591872,12.3307,204.13,0.9594,55.70,true
592000,12.3333,204.22,0.9695,55.71,true
592128,12.3360,204.19,0.9778,55.71,true
592256,12.3387,204.22,0.9789,55.71,true
592384,12.3413,204.17,0.9806,55.71,true
592512,12.3440,204.09,0.9743,55.70,true
592640,12.3467,204.10,0.9758,55.70,true
592768,12.3493,204.09,0.9768,55.70,true
592896,12.3520,203.57,0.9790,55.66,true
593024,12.3547,203.55,0.9808,55.65,true
593152,12.3573,203.54,0.9811,55.65,true
593280,12.3600,203.45,0.9836,55.65,true
593408,12.3627,203.41,0.9829,55.64,true
593536,12.3653,203.49,0.9864,55.65,true
593664,12.3680,203.61,0.9844,55.66,true
593792,12.3707,204.08,0.9867,55.70,true
593920,12.3733,204.25,0.9857,55.71,true
594048,12.3760,204.29,0.9873,55.72,true
594176,12.3787,204.26,0.9867,55.71,true
594304,12.3813,204.31,0.9872,55.72,true
594432,12.3840,204.33,0.9885,55.72,true
594560,12.3867,204.26,0.9886,55.71,true
594688,12.3893,204.14,0.9877,55.71,true
594816,12.3920,204.09,0.9855,55.70,true
594944,12.3947,203.52,0.9887,55.65,true
595072,12.3973,203.38,0.9864,55.64,true
595200,12.4000,203.28,0.9861,55.63,true
595328,12.4027,202.71,0.9859,55.58,true
595456,12.4053,202.56,0.9868,55.57,true
595584,12.4080,202.53,0.9846,55.57,true
595712,12.4107,202.45,0.9834,55.56,true
595840,12.4133,202.35,0.9844,55.55,true
595968,12.4160,201.86,0.9817,55.51,true
596096,12.4187,201.82,0.9804,55.51,true
596224,12.4213,201.68,0.9756,55.49,true
596352,12.4240,201.57,0.9706,55.49,true
596480,12.4267,201.63,0.9623,55.49,true
596608,12.4293,201.59,0.9599,55.49,true
596736,12.4320,201.58,0.9529,55.49,true
596864,12.4347,201.03,0.9433,55.44,true
596992,12.4373,200.78,0.9406,55.42,true
597120,12.4400,200.64,0.9331,55.41,true
597248,12.4427,200.74,0.9284,55.41,true
597376,12.4453,200.74,0.9215,55.41,true
597504,12.4480,199.95,0.9316,55.35,true
597632,12.4507,199.19,0.9307,55.28,true
597760,12.4533,199.05,0.9373,55.27,true
597888,12.4560,199.00,0.9364,55.26,true
598016,12.4587,199.16,0.9232,55.28,true
598144,12.4613,199.21,0.9305,55.28,true
598272,12.4640,199.87,0.9289,55.34,true
598400,12.4667,199.98,0.9348,55.35,true
598528,12.4693,199.90,0.9373,55.34,true
598656,12.4720,199.88,0.9346,55.34,true
598784,12.4747,199.35,0.9349,55.29,true
598912,12.4773,199.30,0.9390,55.29,true
599040,12.4800,199.34,0.9517,55.29,true
599168,12.4827,199.85,0.9539,55.34,true
599296,12.4853,199.34,0.9587,55.29,true
599424,12.4880,199.35,0.9565,55.29,true
599552,12.4907,199.85,0.9566,55.34,true
599680,12.4933,199.95,0.9562,55.35,true
599808,12.4960,200.12,0.9517,55.36,true
599936,12.4987,200.63,0.9543,55.40,true
600064,12.5013,200.70,0.9490,55.41,true
600192,12.5040,200.80,0.9395,55.42,true
600320,12.5067,200.88,0.9204,55.43,true
600448,12.5093,200.95,0.9160,55.43,true
600576,12.5120,200.87,0.9097,55.43,true
600704,12.5147,200.94,0.9140,55.43,true
600832,12.5173,200.94,0.9079,55.43,true
600960,12.5200,200.90,0.9078,55.43,true
601088,12.5227,,,,false
601216,12.5253,,,,false
601344,12.5280,,,,false
601472,12.5307,,,,false
601600,12.5333,,,,false
601728,12.5360,,,,false
601856,12.5387,,,,false
601984,12.5413,,,,false
602112,12.5440,,,,false
602240,12.5467,,,,false
602368,12.5493,,,,false
602496,12.5520,,,,false
602624,12.5547,200.19,0.9136,55.37,true
602752,12.5573,200.66,0.9214,55.41,true
602880,12.5600,200.74,0.9245,55.41,true
603008,12.5627,200.72,0.9329,55.41,true
603136,12.5653,200.66,0.9416,55.41,true
603264,12.5680,200.14,0.9461,55.36,true
603392,12.5707,200.16,0.9485,55.36,true
603520,12.5733,200.15,0.9454,55.36,true
603648,12.5760,200.69,0.9435,55.41,true
603776,12.5787,200.74,0.9583,55.41,true
603904,12.5813,200.63,0.9579,55.40,true
604032,12.5840,200.04,0.9588,55.35,true
604160,12.5867,200.13,0.9499,55.36,true
604288,12.5893,200.81,0.9379,55.42,true
604416,12.5920,200.79,0.9351,55.42,true
604544,12.5947,200.90,0.9379,55.43,true
604672,12.5973,200.89,0.9380,55.43,true
604800,12.6000,200.77,0.9242,55.42,true
604928,12.6027,201.02,0.9133,55.44,true
605056,12.6053,201.78,0.9115,55.50,true
605184,12.6080,201.77,0.9122,55.50,true
605312,12.6107,201.73,0.9132,55.50,true
605440,12.6133,202.46,0.9030,55.56,true
605568,12.6160,202.64,0.9071,55.58,true
605696,12.6187,202.59,0.9038,55.57,true
605824,12.6213,202.73,0.9151,55.58,true
605952,12.6240,202.74,0.9119,55.59,true
606080,12.6267,202.74,0.9207,55.59,true
606208,12.6293,203.42,0.9343,55.64,true
606336,12.6320,203.41,0.9419,55.64,true
606464,12.6347,203.34,0.9540,55.64,true
606592,12.6373,203.45,0.9506,55.65,true
606720,12.6400,204.06,0.9590,55.70,true
606848,12.6427,204.09,0.9657,55.70,true
606976,12.6453,204.09,0.9732,55.70,true
607104,12.6480,204.05,0.9740,55.70,true
607232,12.6507,203.57,0.9753,55.66,true
607360,12.6533,203.46,0.9733,55.65,true
607488,12.6560,203.34,0.9717,55.64,true
607616,12.6587,203.23,0.9724,55.63,true
607744,12.6613,202.68,0.9684,55.58,true
607872,12.6640,202.61,0.9665,55.57,true
608000,12.6667,202.45,0.9627,55.56,true
608128,12.6693,201.85,0.9593,55.51,true
608256,12.6720,201.62,0.9588,55.49,true
608384,12.6747,201.59,0.9574,55.49,true
608512,12.6773,201.51,0.9515,55.48,true
608640,12.6800,200.97,0.9550,55.43,true
608768,12.6827,200.88,0.9540,55.43,true
608896,12.6853,200.70,0.9531,55.41,true
609024,12.6880,200.21,0.9505,55.37,true
609152,12.6907,200.66,0.9467,55.41,true
609280,12.6933,200.20,0.9348,55.37,true
609408,12.6960,199.98,0.9325,55.35,true
609536,12.6987,199.30,0.9283,55.29,true
609664,12.7013,199.04,0.9045,55.27,true
609792,12.7040,,,,false
609920,12.7067,,,,false
610048,12.7093,,,,false
610176,12.7120,,,,false
610304,12.7147,,,,false
610432,12.7173,,,,false
610560,12.7200,,,,false
610688,12.7227,,,,false
610816,12.7253,100.01,0.9046,43.35,true
610944,12.7280,199.95,0.9017,55.35,true
611072,12.7307,199.81,0.9038,55.33,true
611200,12.7333,99.75,0.9093,43.31,true
611328,12.7360,99.82,0.9003,43.32,true
611456,12.7387,66.50,0.9210,36.29,true
611584,12.7413,66.50,0.9358,36.29,true
611712,12.7440,99.59,0.9129,43.28,true
611840,12.7467,66.56,0.9530,36.30,true
611968,12.7493,99.75,0.9103,43.31,true
612096,12.7520,66.55,0.9428,36.30,true
612224,12.7547,99.98,0.9030,43.35,true
612352,12.7573,200.15,0.9048,55.36,true
612480,12.7600,199.96,0.9047,55.35,true
612608,12.7627,66.38,0.9230,36.26,true
612736,12.7653,66.37,0.9127,36.25,true
612864,12.7680,66.32,0.9164,36.24,true
612992,12.7707,66.37,0.9170,36.25,true
613120,12.7733,66.40,0.9057,36.26,true
613248,12.7760,66.41,0.9170,36.26,true
613376,12.7787,99.62,0.9081,43.28,true
613504,12.7813,99.77,0.9075,43.31,true
613632,12.7840,99.96,0.9247,43.34,true
613760,12.7867,199.92,0.9030,55.34,true
613888,12.7893,200.05,0.9170,55.35,true
614016,12.7920,200.05,0.9155,55.35,true
614144,12.7947,199.95,0.9300,55.35,true
614272,12.7973,199.85,0.9257,55.34,true
614400,12.8000,199.35,0.9226,55.29,true
614528,12.8027,199.35,0.9300,55.29,true
614656,12.8053,199.36,0.9230,55.29,true
614784,12.8080,199.30,0.9186,55.29,true
614912,12.8107,199.10,0.9067,55.27,true
615040,12.8133,99.22,0.9240,43.21,true
615168,12.8160,99.36,0.9111,43.24,true
615296,12.8187,,,,false
615424,12.8213,,,,false
615552,12.8240,,,,false
615680,12.8267,,,,false
615808,12.8293,,,,false
615936,12.8320,,,,false
616064,12.8347,,,,false
616192,12.8373,,,,false
616320,12.8400,,,,false
616448,12.8427,,,,false
616576,12.8453,,,,false
616704,12.8480,,,,false
616832,12.8507,,,,false
616960,12.8533,,,,false
617088,12.8560,,,,false
617216,12.8587,,,,false
617344,12.8613,,,,false
617472,12.8640,,,,false
617600,12.8667,,,,false
617728,12.8693,,,,false
617856,12.8720,,,,false
617984,12.8747,,,,false
618112,12.8773,,,,false
618240,12.8800,,,,false
618368,12.8827,204.23,0.9033,55.71,true
618496,12.8853,203.57,0.9048,55.66,true
618624,12.8880,204.08,0.9096,55.70,true
618752,12.8907,,,,false
618880,12.8933,204.07,0.9049,55.70,true
619008,12.8960,,,,false
619136,12.8987,204.21,0.9159,55.71,true
619264,12.9013,204.27,0.9285,55.72,true
619392,12.9040,204.24,0.9362,55.71,true
619520,12.9067,204.32,0.9429,55.72,true
619648,12.9093,204.42,0.9479,55.73,true
619776,12.9120,204.91,0.9614,55.77,true
619904,12.9147,204.96,0.9617,55.77,true
620032,12.9173,204.37,0.9737,55.72,true
620160,12.9200,204.35,0.9691,55.72,true
620288,12.9227,204.34,0.9633,55.72,true
620416,12.9253,204.31,0.9569,55.72,true
620544,12.9280,204.43,0.9527,55.73,true
620672,12.9307,204.43,0.9536,55.73,true
620800,12.9333,204.39,0.9550,55.73,true
620928,12.9360,204.29,0.9551,55.72,true
621056,12.9387,204.26,0.9474,55.71,true
621184,12.9413,204.08,0.9484,55.70,true
621312,12.9440,203.49,0.9530,55.65,true
621440,12.9467,203.46,0.9588,55.65,true
621568,12.9493,203.33,0.9626,55.64,true
621696,12.9520,203.19,0.9629,55.62,true
621824,12.9547,203.23,0.9646,55.63,true
621952,12.9573,203.20,0.9641,55.62,true
622080,12.9600,203.25,0.9736,55.63,true
622208,12.9627,203.35,0.9735,55.64,true
622336,12.9653,203.29,0.9745,55.63,true
622464,12.9680,203.29,0.9730,55.63,true
622592,12.9707,203.35,0.9720,55.64,true
622720,12.9733,203.43,0.9700,55.64,true
622848,12.9760,203.38,0.9696,55.64,true
622976,12.9787,203.30,0.9681,55.63,true
623104,12.9813,203.21,0.9624,55.63,true
623232,12.9840,202.70,0.9630,55.58,true
623360,12.9867,202.74,0.9621,55.59,true
623488,12.9893,202.72,0.9628,55.58,true
623616,12.9920,202.59,0.9653,55.57,true
623744,12.9947,202.54,0.9692,55.57,true
623872,12.9973,202.54,0.9670,55.57,true
624000,13.0000,202.68,0.9690,55.58,true
624128,13.0027,203.22,0.9700,55.63,true
624256,13.0053,203.20,0.9653,55.62,true
624384,13.0080,203.22,0.9643,55.63,true
624512,13.0107,202.73,0.9578,55.58,true
624640,13.0133,202.71,0.9592,55.58,true
624768,13.0160,202.64,0.9561,55.58,true
624896,13.0187,202.52,0.9588,55.57,true
625024,13.0213,202.43,0.9565,55.56,true
625152,13.0240,201.85,0.9607,55.51,true
625280,13.0267,201.76,0.9625,55.50,true
625408,13.0293,201.66,0.9630,55.49,true
625536,13.0320,201.69,0.9675,55.50,true
625664,13.0347,201.62,0.9634,55.49,true
625792,13.0373,201.59,0.9573,55.49,true
625920,13.0400,201.03,0.9524,55.44,true
626048,13.0427,200.84,0.9495,55.42,true
626176,13.0453,200.74,0.9415,55.41,true
626304,13.0480,200.77,0.9323,55.42,true
626432,13.0507,200.89,0.9158,55.43,true
626560,13.0533,200.92,0.9037,55.43,true
626688,13.0560,100.38,0.9346,43.42,true
626816,13.0587,100.22,0.9289,43.39,true
626944,13.0613,100.17,0.9134,43.38,true
627072,13.0640,100.03,0.9168,43.35,true
627200,13.0667,99.84,0.9139,43.32,true
627328,13.0693,99.79,0.9190,43.31,true
627456,13.0720,199.86,0.9061,55.34,true
627584,13.0747,199.27,0.9200,55.29,true
627712,13.0773,199.14,0.9245,55.28,true
627840,13.0800,199.80,0.9414,55.33,true
627968,13.0827,199.90,0.9426,55.34,true
628096,13.0853,199.89,0.9342,55.34,true
628224,13.0880,199.91,0.9350,55.34,true
628352,13.0907,199.94,0.9261,55.34,true
628480,13.0933,199.90,0.9216,55.34,true
628608,13.0960,199.30,0.9177,55.29,true
628736,13.0987,199.24,0.9131,55.28,true
628864,13.1013,199.13,0.9162,55.27,true
628992,13.1040,199.09,0.9089,55.27,true
629120,13.1067,199.05,0.9202,55.27,true
629248,13.1093,199.14,0.9251,55.28,true
629376,13.1120,199.06,0.9344,55.27,true
629504,13.1147,198.99,0.9389,55.26,true
629632,13.1173,199.01,0.9378,55.26,true
629760,13.1200,198.44,0.9375,55.21,true
629888,13.1227,199.03,0.9205,55.27,true
630016,13.1253,199.14,0.9289,55.28,true
630144,13.1280,199.14,0.9262,55.28,true
630272,13.1307,199.11,0.9300,55.27,true
630400,13.1333,199.10,0.9343,55.27,true
630528,13.1360,199.21,0.9355,55.28,true
630656,13.1387,199.33,0.9387,55.29,true
630784,13.1413,199.90,0.9410,55.34,true
630912,13.1440,199.80,0.9457,55.33,true
631040,13.1467,199.22,0.9470,55.28,true
631168,13.1493,199.21,0.9480,55.28,true
631296,13.1520,199.20,0.9506,55.28,true
631424,13.1547,199.27,0.9482,55.29,true
631552,13.1573,199.24,0.9540,55.28,true
631680,13.1600,199.17,0.9513,55.28,true
631808,13.1627,199.07,0.9563,55.27,true
631936,13.1653,199.08,0.9591,55.27,true
632064,13.1680,199.14,0.9574,55.28,true
632192,13.1707,199.15,0.9605,55.28,true
632320,13.1733,199.17,0.9548,55.28,true
632448,13.1760,199.11,0.9592,55.27,true
632576,13.1787,199.19,0.9524,55.28,true
632704,13.1813,199.30,0.9564,55.29,true
632832,13.1840,199.86,0.9591,55.34,true
632960,13.1867,199.91,0.9659,55.34,true
633088,13.1893,199.95,0.9700,55.35,true
633216,13.1920,200.00,0.9714,55.35,true
633344,13.1947,200.10,0.9665,55.36,true
633472,13.1973,200.66,0.9607,55.41,true
633600,13.2000,200.86,0.9561,55.42,true
633728,13.2027,201.53,0.9507,55.48,true
633856,13.2053,201.69,0.9466,55.50,true
633984,13.2080,201.80,0.9458,55.51,true
634112,13.2107,202.48,0.9389,55.56,true
634240,13.2133,202.67,0.9428,55.58,true
634368,13.2160,203.25,0.9431,55.63,true
634496,13.2187,203.50,0.9404,55.65,true
634624,13.2213,204.13,0.9343,55.70,true
634752,13.2240,204.45,0.9317,55.73,true
634880,13.2267,205.19,0.9320,55.79,true
635008,13.2293,205.94,0.9336,55.86,true
635136,13.2320,206.13,0.9428,55.87,true
635264,13.2347,206.80,0.9476,55.93,true
635392,13.2373,206.94,0.9561,55.94,true
635520,13.2400,207.04,0.9639,55.95,true
635648,13.2427,207.74,0.9664,56.01,true
635776,13.2453,207.95,0.9683,56.03,true
635904,13.2480,208.59,0.9735,56.08,true
636032,13.2507,208.79,0.9800,56.09,true
636160,13.2533,209.47,0.9803,56.15,true
636288,13.2560,209.77,0.9789,56.18,true
636416,13.2587,210.58,0.9775,56.24,true
636544,13.2613,211.39,0.9793,56.31,true
636672,13.2640,211.60,0.9806,56.33,true
636800,13.2667,212.30,0.9811,56.38,true
636928,13.2693,212.43,0.9837,56.39,true
637056,13.2720,212.52,0.9852,56.40,true
637184,13.2747,213.15,0.9873,56.45,true
637312,13.2773,213.20,0.9888,56.46,true
637440,13.2800,213.29,0.9900,56.46,true
637568,13.2827,213.34,0.9905,56.47,true
637696,13.2853,213.40,0.9915,56.47,true
637824,13.2880,213.44,0.9928,56.48,true
637952,13.2907,214.07,0.9927,56.53,true
638080,13.2933,214.20,0.9948,56.54,true
638208,13.2960,214.28,0.9951,56.54,true
638336,13.2987,214.37,0.9951,56.55,true
638464,13.3013,214.36,0.9953,56.55,true
638592,13.3040,214.21,0.9934,56.54,true
638720,13.3067,214.12,0.9914,56.53,true
638848,13.3093,213.42,0.9870,56.47,true
638976,13.3120,213.15,0.9857,56.45,true
639104,13.3147,212.38,0.9833,56.39,true
639232,13.3173,211.56,0.9812,56.32,true
639360,13.3200,210.70,0.9844,56.25,true
639488,13.3227,210.38,0.9840,56.23,true
639616,13.3253,209.63,0.9865,56.16,true
639744,13.3280,209.46,0.9879,56.15,true
639872,13.3307,208.86,0.9892,56.10,true
640000,13.3333,208.61,0.9843,56.08,true
640128,13.3360,207.97,0.9809,56.03,true
640256,13.3387,207.68,0.9627,56.00,true
640384,13.3413,207.05,0.9473,55.95,true
640512,13.3440,206.84,0.9199,55.93,true
640640,13.3467,,,,false
640768,13.3493,,,,false
640896,13.3520,,,,false
641024,13.3547,,,,false
641152,13.3573,,,,false
641280,13.3600,,,,false
641408,13.3627,,,,false
641536,13.3653,205.85,0.9323,55.85,true
641664,13.3680,205.80,0.9706,55.84,true
641792,13.3707,205.29,0.9811,55.80,true
641920,13.3733,205.21,0.9821,55.80,true
642048,13.3760,205.17,0.9829,55.79,true
642176,13.3787,205.01,0.9824,55.78,true
642304,13.3813,204.41,0.9855,55.73,true
642432,13.3840,204.24,0.9880,55.71,true
642560,13.3867,204.13,0.9868,55.70,true
642688,13.3893,204.09,0.9854,55.70,true
642816,13.3920,203.60,0.9842,55.66,true
642944,13.3947,203.43,0.9815,55.64,true
643072,13.3973,203.20,0.9838,55.63,true
643200,13.4000,202.69,0.9834,55.58,true
643328,13.4027,202.59,0.9812,55.57,true
643456,13.4053,202.50,0.9791,55.57,true
643584,13.4080,202.50,0.9718,55.57,true
643712,13.4107,202.49,0.9591,55.56,true
643840,13.4133,202.53,0.9399,55.57,true
643968,13.4160,202.62,0.9306,55.58,true
644096,13.4187,,,,false
644224,13.4213,,,,false
644352,13.4240,,,,false
644480,13.4267,,,,false
644608,13.4293,,,,false
644736,13.4320,,,,false
644864,13.4347,,,,false
644992,13.4373,,,,false
645120,13.4400,198.46,0.9021,55.22,true
645248,13.4427,199.10,0.9240,55.27,true
645376,13.4453,199.22,0.9347,55.28,true
645504,13.4480,199.88,0.9417,55.34,true
645632,13.4507,199.95,0.9524,55.35,true
645760,13.4533,199.85,0.9534,55.34,true
645888,13.4560,199.27,0.9634,55.29,true
646016,13.4587,199.23,0.9545,55.28,true
646144,13.4613,199.26,0.9472,55.29,true
646272,13.4640,199.15,0.9331,55.28,true
646400,13.4667,198.51,0.9148,55.22,true
646528,13.4693,198.34,0.9126,55.21,true
646656,13.4720,198.45,0.9055,55.22,true
646784,13.4747,,,,false
646912,13.4773,,,,false
647040,13.4800,199.11,0.9025,55.27,true
647168,13.4827,,,,false
647296,13.4853,199.25,0.9096,55.28,true
647424,13.4880,199.98,0.9234,55.35,true
647552,13.4907,200.67,0.9065,55.41,true
647680,13.4933,,,,false
647808,13.4960,,,,false
647936,13.4987,201.82,0.9041,55.51,true
648064,13.5013,202.42,0.9187,55.56,true
648192,13.5040,202.67,0.9306,55.58,true
648320,13.5067,203.26,0.9371,55.63,true
648448,13.5093,203.33,0.9453,55.64,true
648576,13.5120,203.41,0.9430,55.64,true
648704,13.5147,203.40,0.9496,55.64,true
648832,13.5173,204.14,0.9538,55.70,true
648960,13.5200,204.18,0.9570,55.71,true
649088,13.5227,204.38,0.9598,55.73,true
649216,13.5253,204.93,0.9618,55.77,true
649344,13.5280,205.07,0.9630,55.78,true
649472,13.5307,205.24,0.9677,55.80,true
649600,13.5333,205.28,0.9752,55.80,true
649728,13.5360,205.87,0.9779,55.85,true
649856,13.5387,205.90,0.9812,55.85,true
649984,13.5413,205.96,0.9846,55.86,true
650112,13.5440,205.97,0.9872,55.86,true
650240,13.5467,205.96,0.9882,55.86,true
650368,13.5493,205.93,0.9905,55.86,true
650496,13.5520,205.84,0.9896,55.85,true
650624,13.5547,205.86,0.9908,55.85,true
650752,13.5573,205.33,0.9915,55.81,true
650880,13.5600,205.28,0.9922,55.80,true
651008,13.5627,205.25,0.9893,55.80,true
651136,13.5653,205.28,0.9877,55.80,true
651264,13.5680,205.25,0.9873,55.80,true
651392,13.5707,205.21,0.9860,55.80,true
651520,13.5733,205.25,0.9844,55.80,true
651648,13.5760,205.27,0.9831,55.80,true
651776,13.5787,205.25,0.9819,55.80,true
651904,13.5813,205.25,0.9817,55.80,true
652032,13.5840,205.27,0.9840,55.80,true
652160,13.5867,205.19,0.9846,55.79,true
652288,13.5893,205.17,0.9840,55.79,true
652416,13.5920,205.16,0.9846,55.79,true
652544,13.5947,205.20,0.9862,55.79,true
652672,13.5973,205.18,0.9876,55.79,true
652800,13.6000,205.21,0.9895,55.80,true
652928,13.6027,205.31,0.9891,55.80,true
653056,13.6053,205.82,0.9888,55.85,true
653184,13.6080,205.87,0.9898,55.85,true
653312,13.6107,205.92,0.9914,55.86,true
653440,13.6133,206.00,0.9911,55.86,true
653568,13.6160,205.99,0.9888,55.86,true
653696,13.6187,206.01,0.9883,55.86,true
653824,13.6213,205.99,0.9851,55.86,true
653952,13.6240,205.92,0.9844,55.86,true
654080,13.6267,205.86,0.9817,55.85,true
654208,13.6293,205.30,0.9767,55.80,true
654336,13.6320,205.23,0.9758,55.80,true
654464,13.6347,205.06,0.9750,55.78,true
654592,13.6373,205.00,0.9774,55.78,true
654720,13.6400,204.96,0.9763,55.77,true
654848,13.6427,204.43,0.9796,55.73,true
654976,13.6453,204.31,0.9807,55.72,true
655104,13.6480,204.18,0.9834,55.71,true
655232,13.6507,204.18,0.9862,55.71,true
655360,13.6533,204.05,0.9837,55.70,true
655488,13.6560,203.59,0.9840,55.66,true
655616,13.6587,203.55,0.9845,55.65,true
655744,13.6613,203.39,0.9879,55.64,true
655872,13.6640,203.36,0.9858,55.64,true
656000,13.6667,203.23,0.9828,55.63,true
656128,13.6693,202.67,0.9784,55.58,true
656256,13.6720,202.57,0.9768,55.57,true
656384,13.6747,202.50,0.9692,55.56,true
656512,13.6773,202.37,0.9592,55.55,true
656640,13.6800,201.77,0.9545,55.50,true
656768,13.6827,201.59,0.9414,55.49,true
656896,13.6853,200.87,0.9381,55.42,true
657024,13.6880,200.74,0.9160,55.41,true
657152,13.6907,,,,false
657280,13.6933,,,,false
657408,13.6960,,,,false
657536,13.6987,,,,false
657664,13.7013,,,,false
657792,13.7040,,,,false
657920,13.7067,,,,false
658048,13.7093,,,,false
658176,13.7120,,,,false
658304,13.7147,,,,false
658432,13.7173,199.15,0.9099,55.28,true
658560,13.7200,199.20,0.9388,55.28,true
658688,13.7227,199.11,0.9438,55.27,true
658816,13.7253,199.23,0.9370,55.28,true
658944,13.7280,199.18,0.9336,55.28,true
659072,13.7307,199.08,0.9377,55.27,true
659200,13.7333,199.15,0.9356,55.28,true
659328,13.7360,199.17,0.9342,55.28,true
659456,13.7387,199.16,0.9341,55.28,true
659584,13.7413,199.05,0.9304,55.27,true
659712,13.7440,199.04,0.9147,55.27,true
659840,13.7467,198.44,0.9121,55.21,true
659968,13.7493,198.50,0.9090,55.22,true
660096,13.7520,,,,false
660224,13.7547,98.96,0.9336,43.17,true
660352,13.7573,98.79,0.9187,43.14,true
660480,13.7600,98.81,0.9166,43.14,true
660608,13.7627,99.00,0.9031,43.18,true
660736,13.7653,198.26,0.9007,55.20,true
660864,13.7680,,,,false
660992,13.7707,,,,false
661120,13.7733,,,,false
661248,13.7760,,,,false
661376,13.7787,,,,false
661504,13.7813,,,,false
661632,13.7840,,,,false
661760,13.7867,,,,false
661888,13.7893,,,,false
662016,13.7920,201.81,0.9287,55.51,true
662144,13.7947,202.39,0.9422,55.56,true
662272,13.7973,202.39,0.9537,55.56,true
662400,13.8000,202.40,0.9497,55.56,true
662528,13.8027,202.54,0.9403,55.57,true
662656,13.8053,202.50,0.9376,55.56,true
662784,13.8080,202.50,0.9332,55.56,true
662912,13.8107,202.44,0.9342,55.56,true
663040,13.8133,202.57,0.9337,55.57,true
663168,13.8160,202.56,0.9330,55.57,true
663296,13.8187,202.46,0.9198,55.56,true
663424,13.8213,202.54,0.9169,55.57,true
663552,13.8240,202.53,0.9255,55.57,true
663680,13.8267,202.43,0.9328,55.56,true
663808,13.8293,202.47,0.9270,55.56,true
663936,13.8320,,,,false
664064,13.8347,,,,false
664192,13.8373,203.37,0.9036,55.64,true
664320,13.8400,203.60,0.9200,55.66,true
664448,13.8427,,,,false
664576,13.8453,,,,false
664704,13.8480,,,,false
664832,13.8507,,,,false
664960,13.8533,,,,false
665088,13.8560,,,,false
665216,13.8587,,,,false
665344,13.8613,,,,false
665472,13.8640,205.25,0.9058,55.80,true
665600,13.8667,205.25,0.9359,55.80,true
665728,13.8693,205.84,0.9512,55.85,true
665856,13.8720,205.35,0.9637,55.81,true
665984,13.8747,205.87,0.9792,55.85,true
666112,13.8773,205.87,0.9805,55.85,true
666240,13.8800,205.90,0.9817,55.85,true
666368,13.8827,206.01,0.9815,55.86,true
666496,13.8853,206.00,0.9809,55.86,true
666624,13.8880,205.96,0.9866,55.86,true
666752,13.8907,205.83,0.9884,55.85,true
666880,13.8933,205.84,0.9883,55.85,true
667008,13.8960,205.86,0.9877,55.85,true
667136,13.8987,205.84,0.9868,55.85,true
667264,13.9013,205.81,0.9848,55.85,true
667392,13.9040,205.27,0.9878,55.80,true
667520,13.9067,205.29,0.9888,55.80,true
667648,13.9093,205.27,0.9886,55.80,true
667776,13.9120,205.24,0.9872,55.80,true
667904,13.9147,205.16,0.9872,55.79,true
668032,13.9173,205.05,0.9866,55.78,true
668160,13.9200,204.95,0.9862,55.77,true
668288,13.9227,204.35,0.9869,55.72,true
668416,13.9253,204.26,0.9840,55.72,true
668544,13.9280,203.60,0.9816,55.66,true
668672,13.9307,203.52,0.9816,55.65,true
668800,13.9333,203.49,0.9826,55.65,true
668928,13.9360,203.37,0.9823,55.64,true
669056,13.9387,203.33,0.9830,55.64,true
669184,13.9413,203.34,0.9830,55.64,true
669312,13.9440,203.31,0.9769,55.63,true
669440,13.9467,203.22,0.9793,55.63,true
669568,13.9493,203.23,0.9806,55.63,true
669696,13.9520,203.18,0.9788,55.62,true
669824,13.9547,202.65,0.9744,55.58,true
669952,13.9573,202.57,0.9676,55.57,true
670080,13.9600,202.36,0.9609,55.55,true
670208,13.9627,201.75,0.9533,55.50,true
670336,13.9653,201.66,0.9532,55.49,true
670464,13.9680,201.49,0.9480,55.48,true
670592,13.9707,200.84,0.9477,55.42,true
670720,13.9733,200.20,0.9381,55.37,true
670848,13.9760,199.99,0.9282,55.35,true
670976,13.9787,199.86,0.9217,55.34,true
671104,13.9813,199.87,0.9191,55.34,true
671232,13.9840,199.21,0.9197,55.28,true
671360,13.9867,199.06,0.9070,55.27,true
671488,13.9893,,,,false
671616,13.9920,,,,false
671744,13.9947,,,,false
671872,13.9973,,,,false
672000,14.0000,198.49,0.9065,55.22,true
672128,14.0027,199.13,0.9150,55.27,true
672256,14.0053,199.24,0.9255,55.28,true
672384,14.0080,199.28,0.9381,55.29,true
672512,14.0107,199.90,0.9473,55.34,true
672640,14.0133,200.06,0.9564,55.36,true
672768,14.0160,200.08,0.9630,55.36,true
672896,14.0187,200.06,0.9688,55.36,true
673024,14.0213,200.10,0.9726,55.36,true
673152,14.0240,200.04,0.9745,55.35,true
673280,14.0267,200.04,0.9762,55.35,true
673408,14.0293,200.01,0.9754,55.35,true
673536,14.0320,199.97,0.9736,55.35,true
673664,14.0347,199.92,0.9726,55.34,true
673792,14.0373,199.36,0.9649,55.29,true
673920,14.0400,199.31,0.9567,55.29,true
674048,14.0427,199.81,0.9547,55.33,true
674176,14.0453,199.86,0.9503,55.34,true
674304,14.0480,199.82,0.9465,55.33,true
674432,14.0507,199.81,0.9392,55.33,true
674560,14.0533,199.38,0.9428,55.30,true
674688,14.0560,199.84,0.9305,55.34,true
674816,14.0587,200.04,0.9098,55.35,true
674944,14.0613,200.11,0.9230,55.36,true
675072,14.0640,200.07,0.9197,55.36,true
675200,14.0667,200.12,0.9183,55.36,true
675328,14.0693,200.67,0.9171,55.41,true
675456,14.0720,200.75,0.9192,55.41,true
675584,14.0747,200.64,0.9120,55.41,true
675712,14.0773,200.17,0.9233,55.36,true
675840,14.0800,200.18,0.9455,55.37,true
675968,14.0827,200.15,0.9408,55.36,true
676096,14.0853,200.16,0.9405,55.36,true
676224,14.0880,,,,false
676352,14.0907,,,,false
676480,14.0933,,,,false
676608,14.0960,,,,false
676736,14.0987,,,,false
676864,14.1013,,,,false
676992,14.1040,,,,false
677120,14.1067,,,,false
677248,14.1093,,,,false
677376,14.1120,,,,false
677504,14.1147,,,,false
677632,14.1173,,,,false
677760,14.1200,,,,false
677888,14.1227,,,,false
678016,14.1253,,,,false
678144,14.1280,,,,false
678272,14.1307,,,,false
678400,14.1333,,,,false
678528,14.1360,,,,false
678656,14.1387,,,,false
678784,14.1413,,,,false
678912,14.1440,,,,false
679040,14.1467,,,,false
679168,14.1493,,,,false
679296,14.1520,,,,false
679424,14.1547,,,,false
679552,14.1573,,,,false
679680,14.1600,,,,false
679808,14.1627,,,,false
679936,14.1653,,,,false
680064,14.1680,,,,false
680192,14.1707,,,,false
680320,14.1733,,,,false
680448,14.1760,,,,false
680576,14.1787,,,,false
680704,14.1813,,,,false
680832,14.1840,,,,false
680960,14.1867,,,,false
681088,14.1893,,,,false
681216,14.1920,,,,false
681344,14.1947,,,,false
681472,14.1973,,,,false
681600,14.2000,,,,false
681728,14.2027,,,,false
681856,14.2053,,,,false
681984,14.2080,,,,false
682112,14.2107,,,,false
682240,14.2133,,,,false
682368,14.2160,,,,false
682496,14.2187,,,,false
682624,14.2213,,,,false
682752,14.2240,,,,false
682880,14.2267,,,,false
683008,14.2293,,,,false
683136,14.2320,,,,false
683264,14.2347,,,,false
683392,14.2373,,,,false
683520,14.2400,,,,false
683648,14.2427,,,,false
683776,14.2453,203.57,0.9359,55.66,true
683904,14.2480,203.44,0.9712,55.64,true
684032,14.2507,203.35,0.9452,55.64,true
684160,14.2533,203.47,0.9171,55.65,true
684288,14.2560,203.34,0.9083,55.64,true
684416,14.2587,203.28,0.9070,55.63,true
684544,14.2613,203.22,0.9089,55.63,true
684672,14.2640,202.64,0.9131,55.58,true
684800,14.2667,202.55,0.9094,55.57,true
684928,14.2693,202.52,0.9093,55.57,true
685056,14.2720,202.55,0.9332,55.57,true
685184,14.2747,202.36,0.9614,55.55,true
685312,14.2773,202.36,0.9534,55.55,true
685440,14.2800,202.32,0.9415,55.55,true
685568,14.2827,201.85,0.9277,55.51,true
685696,14.2853,201.80,0.9000,55.51,true
685824,14.2880,,,,false
685952,14.2907,,,,false
686080,14.2933,,,,false
686208,14.2960,,,,false
686336,14.2987,,,,false
686464,14.3013,,,,false
686592,14.3040,,,,false
686720,14.3067,,,,false
686848,14.3093,,,,false
686976,14.3120,,,,false
687104,14.3147,,,,false
687232,14.3173,,,,false
687360,14.3200,,,,false
687488,14.3227,,,,false
687616,14.3253,,,,false
687744,14.3280,,,,false
687872,14.3307,,,,false
688000,14.3333,,,,false
688128,14.3360,,,,false
688256,14.3387,,,,false
688384,14.3413,,,,false
688512,14.3440,,,,false
688640,14.3467,,,,false
688768,14.3493,,,,false
688896,14.3520,,,,false
689024,14.3547,,,,false
689152,14.3573,,,,false
689280,14.3600,,,,false
689408,14.3627,,,,false
689536,14.3653,,,,false
689664,14.3680,,,,false
689792,14.3707,,,,false
689920,14.3733,,,,false
690048,14.3760,,,,false
690176,14.3787,,,,false
690304,14.3813,,,,false
690432,14.3840,,,,false
690560,14.3867,,,,false
690688,14.3893,,,,false
690816,14.3920,,,,false
690944,14.3947,,,,false
691072,14.3973,,,,false
691200,14.4000,,,,false
691328,14.4027,,,,false
691456,14.4053,,,,false
691584,14.4080,,,,false
691712,14.4107,,,,false
691840,14.4133,,,,false
691968,14.4160,,,,false
692096,14.4187,,,,false
692224,14.4213,,,,false
692352,14.4240,,,,false
692480,14.4267,,,,false
692608,14.4293,,,,false
692736,14.4320,,,,false
692864,14.4347,,,,false
692992,14.4373,,,,false
693120,14.4400,,,,false
693248,14.4427,,,,false
693376,14.4453,608.06,0.9006,74.60,true
693504,14.4480,606.23,0.9024,74.55,true
693632,14.4507,607.95,0.9115,74.60,true
693760,14.4533,605.74,0.9006,74.53,true
693888,14.4560,201.49,0.9289,55.48,true
694016,14.4587,201.52,0.9279,55.48,true
694144,14.4613,201.56,0.9390,55.48,true
694272,14.4640,201.66,0.9471,55.49,true
694400,14.4667,201.73,0.9410,55.50,true
694528,14.4693,202.32,0.9374,55.55,true
694656,14.4720,202.33,0.9495,55.55,true
694784,14.4747,202.48,0.9508,55.56,true
694912,14.4773,202.59,0.9377,55.57,true
695040,14.4800,202.56,0.9418,55.57,true
695168,14.4827,202.52,0.9446,55.57,true
695296,14.4853,202.50,0.9426,55.56,true
695424,14.4880,202.64,0.9428,55.58,true
695552,14.4907,202.66,0.9478,55.58,true
695680,14.4933,203.19,0.9431,55.62,true
695808,14.4960,203.36,0.9351,55.64,true
695936,14.4987,203.51,0.9405,55.65,true
696064,14.5013,204.07,0.9166,55.70,true
696192,14.5040,204.10,0.9032,55.70,true
696320,14.5067,,,,false
696448,14.5093,,,,false
696576,14.5120,,,,false
696704,14.5147,,,,false
696832,14.5173,,,,false
696960,14.5200,,,,false
697088,14.5227,,,,false
697216,14.5253,,,,false
697344,14.5280,,,,false
697472,14.5307,,,,false
697600,14.5333,,,,false
697728,14.5360,200.80,0.9388,55.42,true
697856,14.5387,200.89,0.9489,55.43,true
697984,14.5413,200.94,0.9444,55.43,true
698112,14.5440,201.52,0.9426,55.48,true
698240,14.5467,201.48,0.9066,55.48,true
698368,14.5493,,,,false
698496,14.5520,,,,false
698624,14.5547,,,,false
698752,14.5573,,,,false
698880,14.5600,,,,false
699008,14.5627,,,,false
699136,14.5653,,,,false
699264,14.5680,,,,false
699392,14.5707,,,,false
699520,14.5733,,,,false
699648,14.5760,,,,false
699776,14.5787,,,,false
699904,14.5813,,,,false
700032,14.5840,,,,false
700160,14.5867,,,,false
700288,14.5893,,,,false
700416,14.5920,,,,false
700544,14.5947,,,,false
700672,14.5973,,,,false
700800,14.6000,,,,false
700928,14.6027,,,,false
701056,14.6053,,,,false
701184,14.6080,,,,false
701312,14.6107,,,,false
701440,14.6133,198.22,0.9063,55.20,true
701568,14.6160,198.29,0.9094,55.20,true
701696,14.6187,,,,false
701824,14.6213,,,,false
701952,14.6240,,,,false
702080,14.6267,,,,false
702208,14.6293,,,,false
702336,14.6320,,,,false
702464,14.6347,,,,false
702592,14.6373,,,,false
702720,14.6400,,,,false
702848,14.6427,,,,false
702976,14.6453,,,,false
703104,14.6480,,,,false
703232,14.6507,,,,false
703360,14.6533,,,,false
703488,14.6560,,,,false
703616,14.6587,,,,false
703744,14.6613,,,,false
703872,14.6640,,,,false
704000,14.6667,,,,false
704128,14.6693,,,,false
704256,14.6720,,,,false
704384,14.6747,,,,false
704512,14.6773,,,,false
704640,14.6800,,,,false
704768,14.6827,,,,false
704896,14.6853,,,,false
705024,14.6880,,,,false
705152,14.6907,,,,false
705280,14.6933,,,,false
705408,14.6960,,,,false
705536,14.6987,,,,false
705664,14.7013,,,,false
705792,14.7040,,,,false
705920,14.7067,,,,false
706048,14.7093,,,,false
706176,14.7120,,,,false
706304,14.7147,,,,false
706432,14.7173,,,,false
706560,14.7200,,,,false
706688,14.7227,,,,false
706816,14.7253,,,,false
706944,14.7280,,,,false
707072,14.7307,,,,false
707200,14.7333,,,,false
707328,14.7360,,,,false
707456,14.7387,,,,false
707584,14.7413,,,,false
707712,14.7440,,,,false
707840,14.7467,,,,false
707968,14.7493,,,,false
708096,14.7520,,,,false
708224,14.7547,,,,false
708352,14.7573,,,,false
708480,14.7600,,,,false
708608,14.7627,,,,false
708736,14.7653,,,,false
708864,14.7680,,,,false
708992,14.7707,,,,false
709120,14.7733,,,,false
709248,14.7760,,,,false
709376,14.7787,,,,false
709504,14.7813,,,,false
709632,14.7840,,,,false
709760,14.7867,,,,false
709888,14.7893,,,,false
710016,14.7920,,,,false
710144,14.7947,,,,false
710272,14.7973,,,,false
710400,14.8000,,,,false
710528,14.8027,,,,false
710656,14.8053,,,,false
710784,14.8080,,,,false
710912,14.8107,,,,false
711040,14.8133,,,,false
711168,14.8160,,,,false
711296,14.8187,,,,false
711424,14.8213,,,,false
711552,14.8240,,,,false
711680,14.8267,,,,false
711808,14.8293,,,,false
711936,14.8320,,,,false
712064,14.8347,,,,false
712192,14.8373,,,,false
712320,14.8400,,,,false
712448,14.8427,,,,false
712576,14.8453,,,,false
712704,14.8480,,,,false
712832,14.8507,,,,false
712960,14.8533,,,,false
713088,14.8560,,,,false
713216,14.8587,,,,false
713344,14.8613,,,,false
713472,14.8640,66.58,0.9063,36.31,true
713600,14.8667,,,,false
713728,14.8693,,,,false
713856,14.8720,,,,false
713984,14.8747,200.00,0.9008,55.35,true
714112,14.8773,199.97,0.9024,55.35,true
714240,14.8800,,,,false
714368,14.8827,,,,false
714496,14.8853,,,,false
714624,14.8880,,,,false
714752,14.8907,,,,false
714880,14.8933,,,,false
715008,14.8960,,,,false
715136,14.8987,,,,false
715264,14.9013,,,,false
715392,14.9040,,,,false
715520,14.9067,199.13,0.9079,55.27,true
715648,14.9093,199.25,0.9557,55.28,true
715776,14.9120,199.21,0.9597,55.28,true
715904,14.9147,199.10,0.9530,55.27,true
716032,14.9173,199.11,0.9538,55.27,true
716160,14.9200,199.15,0.9578,55.28,true
716288,14.9227,199.13,0.9643,55.27,true
716416,14.9253,199.04,0.9536,55.27,true
716544,14.9280,199.00,0.9519,55.26,true
716672,14.9307,199.01,0.9510,55.26,true
716800,14.9333,198.50,0.9494,55.22,true
716928,14.9360,199.02,0.9551,55.26,true
717056,14.9387,199.05,0.9505,55.27,true
717184,14.9413,198.53,0.9499,55.22,true
717312,14.9440,198.99,0.9430,55.26,true
717440,14.9467,199.06,0.9560,55.27,true
717568,14.9493,199.02,0.9527,55.26,true
717696,14.9520,198.54,0.9450,55.22,true
717824,14.9547,198.98,0.9385,55.26,true
717952,14.9573,198.45,0.9421,55.22,true
718080,14.9600,199.02,0.9379,55.26,true
718208,14.9627,199.14,0.9243,55.28,true
718336,14.9653,199.08,0.9219,55.27,true
718464,14.9680,199.10,0.9212,55.27,true
718592,14.9707,199.14,0.9253,55.28,true
718720,14.9733,199.13,0.9303,55.27,true
718848,14.9760,199.18,0.9325,55.28,true
718976,14.9787,199.27,0.9296,55.29,true
719104,14.9813,199.28,0.9230,55.29,true
719232,14.9840,199.80,0.9408,55.33,true
719360,14.9867,199.97,0.9468,55.35,true
719488,14.9893,200.04,0.9417,55.35,true
719616,14.9920,200.10,0.9449,55.36,true
719744,14.9947,200.69,0.9507,55.41,true
719872,14.9973,200.76,0.9538,55.42,true
720000,15.0000,200.79,0.9532,55.42,true
720128,15.0027,200.77,0.9596,55.42,true
720256,15.0053,200.77,0.9559,55.42,true
720384,15.0080,300.38,0.9062,62.39,true
720512,15.0107,606.13,0.9105,74.55,true
720640,15.0133,600.98,0.9084,74.40,true
720768,15.0160,607.17,0.9043,74.58,true
720896,15.0187,201.83,0.9405,55.51,true
721024,15.0213,202.67,0.9354,55.58,true
721152,15.0240,203.33,0.9440,55.64,true
721280,15.0267,203.60,0.9402,55.66,true
721408,15.0293,204.18,0.9518,55.71,true
721536,15.0320,204.19,0.9577,55.71,true
721664,15.0347,204.24,0.9566,55.71,true
721792,15.0373,204.30,0.9569,55.72,true
721920,15.0400,204.28,0.9604,55.72,true
722048,15.0427,204.12,0.9616,55.70,true
722176,15.0453,203.54,0.9518,55.65,true
722304,15.0480,203.36,0.9594,55.64,true
722432,15.0507,202.68,0.9563,55.58,true
722560,15.0533,202.53,0.9507,55.57,true
722688,15.0560,202.38,0.9499,55.55,true
722816,15.0587,202.37,0.9538,55.55,true
722944,15.0613,201.84,0.9589,55.51,true
723072,15.0640,202.34,0.9588,55.55,true
723200,15.0667,202.47,0.9691,55.56,true
723328,15.0693,202.54,0.9683,55.57,true
723456,15.0720,202.74,0.9719,55.59,true
723584,15.0747,203.29,0.9767,55.63,true
723712,15.0773,203.44,0.9803,55.65,true
723840,15.0800,203.59,0.9769,55.66,true
723968,15.0827,204.12,0.9783,55.70,true
724096,15.0853,204.15,0.9816,55.71,true
724224,15.0880,204.19,0.9825,55.71,true
724352,15.0907,204.21,0.9834,55.71,true
724480,15.0933,204.20,0.9823,55.71,true
